content,score,at,content_bersih
aplikasi thaekk🥺😭,1,2026-04-22 16:19:52,aplikasi thaekk
TIDAK BISA LOGIN.,1,2026-04-22 07:53:42,bisa login
"perlu banyak perbaikan di aplikasi ini, informasi dan detail, sangat mengecewakan seharusnya proyek pemerintah punya anggaran besar, dan jika hasilnya seperti ini ga ngerti lagi udah hahah, masa tidak ada info halte mana aja buat pemberhentiannya.",1,2026-04-21 15:57:20,perlu banyak baik aplikasi informasi detail sangat kecewa proyek perintah punya anggar besar jika hasil ini ga ngerti udah hahah masa ada info halte mana aja buat henti
map nya gk akurat,1,2026-04-20 21:26:23,map nya gk akurat
bagus.,5,2026-04-17 06:23:08,bagus
"sering ga keliatan icon bisnya udah jalan atau belum, tolong diperbaiki lagi.",1,2026-04-16 05:45:53,sering ga liat icon bis udah jalan belum baik
"aplikasi opooo....Iki kq sering eror koneksi terputus,GK niat blas cak",1,2026-04-13 15:11:07,aplikasi opoooiki kq sering eror koneksi terputusgk niat blas cak
"upgrade dong, suka error bus suka ga kebaca di peta, saldo sama tiket suka error",1,2026-04-13 11:08:48,upgrade dong suka error bus suka ga baca peta saldo sama tiket suka error
"setiap melihat lokasi wira-wiri tidak bisa terlihat rutenya, blank putih saja, tolong diperbaiki",1,2026-04-12 10:31:39,lihat lokasi wirawiri bisa lihat rute blank putih tolong baik
definisi kalau bisa susah kenapa tidak dibikin lebih susah lagi,1,2026-04-12 07:56:59,definisi kalau susah tidak bikin lebih susah
"aplikasi apa ini woy.. saldo yg sudah masuk gabisa di transfer ke rekening lain, kecewa bangett anjirr!!!! mana saldo banyak lagiii .. gimana sih 😑",1,2026-04-12 07:55:15,aplikasi apa woy saldo yg masuk gabisa transfer rekening kecewa bangett anjirr mana saldo banyak lagiii gimana sih
aplikasi ini masih banyak bug Sam tolong benerin denah nya agar lebih mudah,3,2026-04-11 00:04:56,aplikasi masih banyak bug sam benerin denah nya lebih mudah
gabisa login alasannya jaringan terputus terus padahal jaringan bagus,1,2026-04-10 16:40:44,gabisa login alas jaring putus terus padahal jaring bagus
"Aplikasi ini paling sering trouble, entah armada tidak terlihat, dipaksa update tapi tetap saja kualitas aplikasi tidak memuaskan. Gen Z banyak lho yang mahir mengelola server kenapa tidak dipergunakan untuk high qualitas",2,2026-04-09 14:25:53,aplikasi paling sering trouble entah armada lihat paksa update tetap kualitas aplikasi muas gen z banyak lho mahir kelola server tidak guna high qualitas
"Sering banget error, kadang tiket ilang, kadang jumlah tiket kembali ke hari2 sebelumnya, kadang ngga muncul mobilnya",2,2026-04-09 11:39:28,sering banget error kadang tiket ilang kadang jumlah tiket ke hari belum kadang ngga muncul mobil
good,5,2026-04-09 09:00:41,good
sering koneksi terputus.,1,2026-04-07 13:25:35,sering koneksi putus
koneksi internet terputus mulu,1,2026-04-05 19:24:33,koneksi internet putus mulu
"barusan no WW12 jalur Purabaya Kenpark yang seharusnya memilih jalur mendekati Halte malah menjauh dri Halte jadi saya selaku penumpang tidak terlihat oleh armada sering putus jaringan sehingga TDK terpantau armada yg mendekati Halte, hari ini Sabtu tgl 4 April 2026 armada dgn No.WW 14 arah Purabaya melaju tidak mendekati Halte melainkan menjauh di Halte SKG B. dan saya terpaksa menunggu lagi armada berikutnya... sampe kapan Iki koyok ngene Iki... Dishub ... kasih peringatan",1,2026-04-04 19:12:42,barusan no ww jalur purabaya kenpark harus pilih jalur dekat halte malah jauh dri halte jadi selaku tumpang lihat armada sering putus jaring tdk pantau armada yg dekat halte hari sabtu tgl april armada dgn noww arah purabaya laju dekat halte jauh halte skg b saya paksa tunggu armada ikut sampe kapan iki koyok ngene iki dishub kasih ingat
sudah bagus tapi bisa gak tambahin pin atau sidik jari agar saat bayar jadi lebih cepat tanpa masukin password,5,2026-04-04 16:18:01,bagus bisa gak tambahin pin sidik jari saat bayar jadi lebih cepat masukin password
"aplikasi gak jelass.. Mau masuk aja gak bisa dan selalu Koneksi terputus, kadang keluar sendiri, dulu enak dan gampang, sekarang kayak t*i",1,2026-03-31 22:39:08,aplikasi gak jelass mau masuk aja gak selalu koneksi putus kadang keluar sendiri dulu enak dan gampang sekarang kayak ti
PAK BU KERJA YANG BENER TERUTAMA BAGIAN IT NYA SAYA MAU DAFTAR AKUN KONEKSI TERPUTUS TERUS INI YANG LAINNYA UDAH PADA PROTES LOH KARENA ADA YANG TELAT MASUK KERJA KARENA APLIKASINYA KONEKSI TERPUTUS MAU SAMPAI KAPAN APLIKASINYA KAYAK GINI?!,1,2026-03-31 07:57:32,pak bu kerja bener utama bagi it nya mau daftar akun koneksi putus terus lain udah protes loh ada yang telat masuk kerja aplikasi koneksi putus mau kapan aplikasi kayak gin
gak bisa untuk tracking busnya. terus buat apa ada aplikasi ini?,1,2026-03-30 12:07:56,gak untuk tracking bus terus buat apa aplikasi
sering penuh utk Bus jurusan Tujungan Benowo..... kurang armadanya klo bisa ada deteksi di aplikasi kalo Penuh.... seperti di Feeder,1,2026-03-28 16:37:59,sering penuh utk bus jurus tujungan benowo kurang armada klo ada deteksi aplikasi kalo penuh di feeder
"yaampunnn, pliss permudah dongg buat login nya, email dah bener kok katanya ga ke daftar, regist lgi juga harus pake nik🤬",1,2026-03-26 11:21:33,yaampunnn pliss mudah dongg buat login nya email dah bener kok kata ga daftar regist lgi harus pake nik
aplikasi gombal,1,2026-03-23 07:43:19,aplikasi gombal
mantab,5,2026-03-20 01:48:46,mantab
taek gk kenek di gawe,1,2026-03-19 10:15:39,taek gk kenek gawe
"aplikasi sampah, gak bisa dipake gak bisa login.",1,2026-03-18 10:27:53,aplikasi sampah gak dipake gak login
"ini tiap berapa bulan sekali update, yang jadi pertanyaan apa yang diperbarui?bukannya memudahkan malah ga bisa tracking armada nya",1,2026-03-16 18:38:49,tiap berapa bulan sekali update jadi tanya apa diperbaruibukannya mudah malah ga tracking armada nya
Perbaikan map kok tiap minggu,1,2026-03-13 16:58:47,baik map kok tiap minggu
sering banget disuruh update. btw plislah adain fitur ganti pp,1,2026-03-11 15:13:11,sering banget suruh update btw plislah adain fitur ganti pp
"Barusan top up, sudah berhasil kemudian aplikasi nge big log out sendiri, terus saat log in kembali koneksi terputus terus padahal paket data saya masih banyak dan membuka aplikasi lain juga masih bisa, akhirnya mencoba mode guest/tamu tapi tidak ada tampilan sama sekali hanya layar putih",1,2026-03-11 09:11:04,barusan top up hasil kemudian aplikasi nge big log out sendiri terus log in koneksi putus terus padahal paket data banyak buka aplikasi juga masih bisa akhir coba mode guesttamu tidak tampil sama sekali layar putih
aplikasi nya tolong lah diperbaiki sebagai mungkin. erorr trs ini gimana titik bis nya gk sesuai aplikasi. payahhh. tolong diperbaiki,1,2026-03-11 07:22:03,aplikasi nya lah baik mungkin erorr trs gimana titik bis nya gk sesuai aplikasi payahhh baik
bosok nyandet teros top up 30 ga mlebu duwek ilang apk ga beres,1,2026-03-09 12:21:59,bosok nyandet ros top up ga mlebu duwek ilang apk ga beres
"banyak bug, bis sering tidak muncul di map. Padahal jaringan saya lancar",1,2026-03-09 12:18:03,banyak bug bis sering muncul map padahal jaring lancar
gak guna,1,2026-03-05 11:41:44,gak
banyak bug,1,2026-03-04 13:33:00,banyak bug
sering gangguan,3,2026-03-04 06:51:44,sering ganggu
"TOLONG DI UPDATE, DIKALA URGENT APLIKASI TIDAK MENDUKUNG",5,2026-03-04 04:34:31,di update kala urgent aplikasi dukung
aplikasi apa an.. buang2 anggaran aja..,1,2026-03-03 20:09:55,aplikasi apa an buang anggar aja
sering muncul peringatan Koneksi Internet Terputus padahal sinyal ok dan buka aplikasi lain lancar. tolong diperbaiki segera. aplikasi ini penting bagi pengguna transum. mohon dikelola dengan baik dan serius,1,2026-03-03 16:10:08,sering muncul ingat koneksi internet putus padahal sinyal buka aplikasi lancar baik segera aplikasi penting guna transum mohon kelola baik dan serius
"sering kali error, koneksi terputus, bener bener gak nyaman..",1,2026-03-01 16:55:14,sering kali error koneksi putus bener bener gak nyaman
"ayolah para it yaitu programer dan lainnya ini aplikasimu banyak bugnya , koneksi sering error putus , tracking armada tidak muncul masa gini terus perbaiki lah masa ngak ada tim IT nya untuk mengatasi troubleshoot seperti ini seperti di biarkan begini",1,2026-03-01 13:40:44,ayo it programer lain aplikasi banyak bugnya koneksi sering error putus tracking armada muncul masa gin terus baik lah masa ngak tim it nya atas troubleshoot ini di biar begini
tolong di setiap bus stop di berikan tempat duduk dan tempat berteduh,1,2026-02-28 11:28:36,bus stop di ikan tempat duduk tempat teduh
banyak bug. lupa password susah dilakuin,3,2026-02-27 19:44:58,banyak bug lupa password susah dilakuin
"perbaiki lah aplikasinya lihat map, menjauh lagi, bis nya atau Wira-wiri juga gak ada di maps",5,2026-02-26 15:07:22,baik lah aplikasi lihat map jauh bis nya wirawiri gak di maps
aplikasi ga jelas login setengah jam ga bisa2,1,2026-02-26 12:16:12,aplikasi ga jelas login tengah jam ga
"Sering error sangat mengecewakan, tiba2 koneksi terputus sehingga tidak bisa dipakai padahal udah top up banyak",1,2026-02-26 12:13:50,sering error sangat kecewa tiba koneksi putus tidak pakai padahal udah top up banyak
SAYA HERAN SAMA ORANG ORANG YANG PUNYA MOBIL ATAU TRUCK . CUMA BISA PARKIR SEMBARANGAN YANG NUTUTUPI HALTE BUS APA LAGI SUDAH SATU TAHUN INI SAYA PAKAI TRANSPOTASI UMUM BUS SBY . TAPI TIDAK ADA PERUBAHAN .PEMERINTAH HARUSNYA MENDISPLINKAN ORANG ORANG ITU AGAR TIDAK PARKIR YANG EMANG HARUSNYA BUKAN TEMPAT PARKIR UMUM . UNTUK DRIVER BUS JANGAN MAKAN GAJI BUTA YANG SETIAP HALTE DILEWATKAN HARUSNYA TAU JALUR RUTE HALTE YANG HARUS HENTIKAN AGAR PENUMPANG TIDAK MENUNGGU DI HALTE TRUS DI LEWATKAN SAJA,1,2026-02-26 10:26:32,heran sama orang orang punya mobil truck cuma parkir sembarang nututupi halte bus apa sudah satu tahun saya pakai transpotasi umum bus sby ubah perintah harus mendisplinkan orang orang parkir emang harus bukan tempat parkir umum driver bus jangan makan gaji buta tiap halte lewat harus tau jalur rute halte harus henti agar tumpang tidak tunggu halte trus lewat
"Tolong lah perbaiki bug nya, masak mau daftar aja udah nungguin lama tiba tiba gagal,",1,2026-02-26 09:46:22,lah baik bug nya masak mau daftar aja udah nungguin lama tiba tiba gagal
tolong tambahin fitur bus penuh jadi tau,4,2026-02-23 16:25:35,tambahin fitur bus penuh jadi tau
"kenapa kadang tidak ada gambar mobil yg jalan itu, jadi saya bingung mobilnya sampai mana.. padahal jaringan juga lancar. tolong dibenarkan ya, kenapa waktu mau lihat rute tidak muncul padahal koneksi lancar jaya",1,2026-02-23 12:46:53,kadang ada gambar mobil yg jalan jadi bingung mobil mana padahal jaring lancar benar kenapa waktu mau lihat rute muncul padahal koneksi lancar jaya
lemot dan eror terus,1,2026-02-21 07:06:18,lot eror terus
"Banyak sekali bug nya, sering banget tertulis koneksi putus, padahal koneksinya lagi baik baik saja, bahkan untuk login akun saja susah sekali.. mohon segera diperbaiki",1,2026-02-21 06:21:39,banyak sekali bug nya sering banget tulis koneksi putus padahal koneksi baik baik bahkan login akun susah sekali mohon segera baik
"aplikasi sering bug koneksi terputus, padqhal sudah top up 40 tiket",1,2026-02-21 06:15:33,aplikasi sering bug koneksi putus padqhal top up tiket
Halo Developer. Kenapa aplikasi Gobis akhir-akhir ini eror ya? pembelian tiket tidak dapat dilakukan.,1,2026-02-21 06:13:00,halo developer aplikasi gob akhirakhir eror beli tiket dapat laku
untuk tracking bus nya sering tidak muncul...koneksi putus....!!! Untuk jam kerja ato jam sibuk...brgkat dr purabaya nya klo bisa di percepat,1,2026-02-20 08:07:56,tracking bus nya sering munculkoneksi putus jam kerja ato jam sibukbrgkat dr purabaya nya klo di cepat
error mulu applikasinya,1,2026-02-19 16:46:51,error mulu applikasinya
driver SB WW gak niat cari penumpang. harusnya mendekati halte cek dulu ada orang mau naik gak. bukannya patas aja. yaa gini nih kalau kerjanya ngasal dan gak ikhlas,1,2026-02-19 12:45:32,driver sb ww gak niat cari tumpang harus dekat halte cek dulu orang mau naik gak bukan patas aja yaa gin nih kalau kerja ngasal gak ikhlas
Lama banget nunggu bis berangkat. Masuk dalam bis jam 06.58..sampe jam 07.50 blom jalan?!!! Yang atur jadwal makin lama makin ga jelass. Bukan lama diperjalanan. Lama nunggu bis ini. Angkutan publik kok lemot amat. Perbaiki layanannya!!! Padahal ini rabu bukan hari senin,2,2026-02-18 07:51:22,lama banget nunggu bis berangkat masuk bis jam sampe jam blom jalan atur jadwal makin lama makin ga jelass bukan lama jalan lama nunggu bis angkut publik kok lot baik layan padahal rabu bukan hari senin
gak bisa lihat posisi armada... mohon lekas diupdate/diperbaiki..,2,2026-02-16 08:16:42,gak lihat posisi armada mohon lekas diupdatediperbaiki
gobis ni emang gabisa dibuka lewat paket data apa gimana sih? aplikasi gobisku gapernah bisa dipake buat ngecek bus kalo aku buka pake paket data🙁,1,2026-02-15 14:40:21,gob ni emang gabisa buka lewat paket data apa gimana sih aplikasi gob gapernah dipake buat ngecek bus kalo aku buka pake paket data
kok tampilannya ilang? Gabisa Login,1,2026-02-15 11:49:01,kok tampil ilang gabisa login
aplikasi gak guna masak mau lihat titik bus yaa mesti koneksi putus 😆,1,2026-02-14 14:58:27,aplikasi gak masak mau lihat titik bus yaa mesti koneksi putus
mobil wira wiri sekecil itu buat surabaya yg sepadet ini? mana armadanya dikit bgt lg gtau apa penumpangnya kek babon babon semua tolong dong simpatinya pemerintah,1,2026-02-12 18:33:12,mobil wira wiri kecil buat surabaya yg sepadet mana armada dikit bgt lg gtau apa tumpang kek babon babon semua dong simpati perintah
"saldo tb tb ilang pdhl blm ada transaksi, mending balik qris aja transaksinya. ribet",1,2026-02-12 10:19:50,saldo tb tb ilang pdhl blm transaksi mending balik qris aja transaksi ribet
"Suka banget bisa jalan jalan keliling Surabaya. Sayangnya, sering banget sisa kapasitas ga update, barusan aja di aplikasi sisa kapasitasnya 60, giliran bus nya dateng udh full :( padahal lagi buru buru",3,2026-02-11 17:20:26,suka banget jalan jalan keliling surabaya sayang sering banget sisa kapasitas ga update barusan aja aplikasi sisa kapasitas gilir bus nya dateng udh full padahal buru buru
titik bus tdk sesuai map,1,2026-02-10 15:06:49,titik bus tdk sesuai map
oke,5,2026-02-10 08:08:20,oke
saya top up kok malah ngga masuk aneh........,1,2026-02-09 17:39:03,top up kok malah ngga masuk aneh
lemot,1,2026-02-09 17:23:47,lot
"Aplikasi eroran , trackingnya sering ga muncul",2,2026-02-09 06:26:30,aplikasi eror trackingnya sering ga muncul
bagus sangat membantu,5,2026-02-09 06:00:14,bagus sangat bantu
map sering eror GPS tidak akurat mohon diperbaiki.,2,2026-02-05 17:06:46,map sering eror gps akurat mohon baik
"harap benerin tracking nya boss, trackingnya gabisa diliat posisi kendaraan nya",3,2026-02-05 12:56:19,harap benerin tracking nya boss trackingnya gabisa liat posisi kendara nya
"tolong lah keberangkatan sesuai jam jadwal yang tertera, masa wira wiri arah lakarsantri kode A di jam 8 keatas gaada sama sekali lewat? malah ngumpul di pusat nya. orang juga ada yang mau kerja, sekolah, ngejar waktu loh. smoga aja bisa ngerasain gmn apes nya kalo telat ya. perbaiki lah sistem nya, merugikan sekali, kami juga bayar.",1,2026-02-05 08:41:07,lah berangkat sesuai jam jadwal tera masa wira wiri arah lakarsantri kode a jam atas gaada sama sekali lewat malah ngumpul pusat nya orang ada mau kerja sekolah ngejar waktu loh smoga aja ngerasain gmn apes nya kalo telat baik lah sistem nya rugi sekali juga bayar
"Gak bisa beli tiket maupun login pakai data seluler gak peduli mau sebagus apapun jaringannya karena pasti selalu gagal dengan tulisan ""koneksi terputus"" begitu, jadi untuk segala halnya harus tetring wifi. Mohon diperbaiki, menyusahkan.",2,2026-02-03 15:17:04,gak beli tiket maupun login pakai data seluler gak peduli mau bagus apa jaring pasti selalu gagal tulis koneksi putus jadi segala hal tetring wifi mohon baik susah
Strategi pemeliharaan aplikasinya sangat buruk. Aplikasi sering bug dan error. Saya tidak bisa track feeder karena GPS-nya sama sekali tidak muncul. Padahal sinyal sudah bagus. tolong segera diperbaiki,1,2026-02-03 09:25:54,strategi pelihara aplikasi sangat buruk aplikasi sering bug error track feeder gpsnya sama sekali tidak muncul padahal sinyal bagus segera baik
"bug mulu rutenya, ngeselin",1,2026-02-02 19:13:07,bug mulu rute ngeselin
"tiket hemat sering berkali kali tiba tiba hilang jadi 0.. pas mau pakai akhirnya jadi pakai qris mau liat bis atau feeder nya jg jadi gak bisa krn gak muncul tlong dong sistem nya diperbaiki jngan error trs... klo gak gitu tiket hemat kliatan ada tapi pas mau bayar gak bisa"" trs.. pdahal sinyal full",1,2026-02-02 12:19:26,tiket hemat sering kali kali tiba tiba hilang jadi pas mau pakai akhir jadi pakai qris mau liat bis feeder nya jg jadi gak krn gak muncul tlong dong sistem nya baik jngan error trs klo gak gitu tiket hemat kliatan tapi pas mau bayar gak trs pdahal sinyal full
tolong diperbaiki bug dan erornya... saya kadung top up 100rb dan saya ga bisa gunain saldo gobis karena applikasinya terus bilang koneksi internet terputus padahal internet saya baik2 saja.. tolong banget kakak2 🥹🙏🏼,2,2026-01-31 16:33:31,baik bug eror kadung top up rb ga gunain saldo gob applikasinya terus bilang koneksi internet putus padahal internet saya baik tolong banget kakak
gak nyambung nyambung. koneksi terputus,1,2026-01-30 22:35:29,gak nyambung nyambung koneksi putus
"Mau saran aja, untuk busnya bisa tolong di kasih keterangan berapa jumlah penumpang yang ada di bus nya kayak apk bus sebelah? Jadi kita(penumpang) bisa tau apakah bus yang mau kita naiki penuh atau tidak",4,2026-01-30 17:46:06,mau saran aja bus tolong kasih terang berapa jumlah tumpang ada bus nya kayak apk bus belah jadi kitapenumpang tau bus mau naik penuh tidak
"Lokasi mobil ga muncul², alasannya koneksi terputus, padahal wifi bener² aman, app ga niatt, saya akhirnya suka telat karena lokasi mobilnya ga muncul², tolong di perbaiki, app pemerintah suka ga jelas",1,2026-01-30 16:57:04,lokasi mobil ga muncul alas koneksi putus padahal wifi bener aman app ga niatt akhir suka telat lokasi mobil ga muncul di baik app perintah suka ga jelas
"hapus aja lah, gak bisa di pakai Aplikasi ya. gak guna",1,2026-01-30 11:47:38,hapus aja lah gak di pakai aplikasi gak
Rute dari smkn 4 kranggan ke balongsari tandes tidak ada. pdhal daerahnya posisinya didaerah tengah.,1,2026-01-30 06:18:09,rute smkn kranggan balongsari tandes ada pdhal daerah posisi daerah tengah
"Eror, tidak bisa registrasi dan login, banyak bug",1,2026-01-29 01:22:17,eror bisa registrasi login banyak bug
plis help tadi udah di dalam bus gbs login dan beli tiket akhirnya turun di halte terdekat. apakah lagi eror? mau komplain ke siapa iniiiiii 😭😭😭,1,2026-01-28 19:22:26,plis help tadi udah dalam bus gbs login beli tiket akhir turun halte dekat lagi eror mau komplain siapa iniiiiii
"saldo ilang tiba""",2,2026-01-28 18:53:30,saldo ilang tiba
"ampas bgt. udh transum jelek, aplikasi ikutan jelek",1,2026-01-28 18:43:09,ampas bgt udh transum jelek aplikasi ikut jelek
gak bisa dibuka. gak bisa daftar sama sekali,1,2026-01-28 17:55:18,gak buka gak daftar sama sekali
"kenapa setiap buka aplikasi, kok gak muncul kendaraannya?",1,2026-01-28 14:25:21,tiap buka aplikasi kok gak muncul kendara
"ini gimana pengembang aplikasi nya ? kenapa saldo tiket hemat saya hilang jadi nol, pdhal sebelumnya sisa 6, pdhal baru top up kemaren, tapi riwayat pembelian tiket hemat nya kenapa yg terakhir tgl 10 januari, terus koneksi terputus. untuk sekelas kota gede surabaya, aplikasi ada bug kaya gini kecewa sih .",1,2026-01-28 13:20:25,gimana kembang aplikasi nya saldo tiket hemat hilang jadi nol pdhal belum sisa pdhal baru top up kemaren riwayat beli tiket hemat nya yg akhir tgl januari terus koneksi putus kelas kota gede surabaya aplikasi bug kaya gin kecewa sih
habis update kok malah eror koneksi terputus terus,1,2026-01-28 11:29:48,habis update kok malah eror koneksi putus terus
"tracking armada nya sering gak terlacak.. sering ada tulisan koneksi terputus juga padahal sinyal hp lagi kenceng bgt.. kalo tanya helper atau supir bilangnya selalu ""sering error aplikasi nya""",1,2026-01-27 08:42:09,tracking armada nya sering gak lacak sering tulis koneksi putus padahal sinyal hp kenceng bgt kalo tanya helper supir bilang selalu sering error aplikasi nya
aplikasinya sering error seperti bis dan wira wirinya gak muncul di maps,1,2026-01-27 06:12:23,aplikasi sering error bis wira wirinya gak muncul maps
banyak halte cuma di lewatin tidak mau ambil penumpang kayak kejadian hari ini tgl 25 Januari 2026. bus SB07 pukul 19:27 wib cuma lewat ngebut nyalib truk di depan halte tanjung perak padahal ada penumpang 3 orang tunggu di halte,1,2026-01-25 19:37:20,banyak halte cuma lewatin mau ambil tumpang kayak jadi hari tgl januari bus sb pukul wib cuma lewat ngebut nyalib truk depan halte tanjung perak padahal tumpang orang tunggu halte
"Jujur kemarin2 ga ada masalah, tp ini kenapa kemarin banget pas buka aplikasi ga kebaca bus nya, jd blank aja ga ada perjalanan busnya. kirain cuman di hp aku krn memori uda hampir penuh, pas dicoba di hp lain jg sama seperti itu tolong dong bug ini segera diperbaiki, aplikasi ini membantu orang utk bisa memantau perjalanan busnya",1,2026-01-25 14:23:36,jujur kemarin ga masalah tp kenapa kemarin banget pas buka aplikasi ga baca bus nya jd blank aja ga jalan bus kirain cuman hp aku krn memori uda hampir penuh pas coba hp jg sama itu dong bug segera baik aplikasi bantu orang utk pantau jalan bus
"halte fd6 tij lakar , halte Lakarsantri gak dibuat tempat iyupan atau apa gtu??? kok cuma pohon pohonan,kasihan orang nunggu disitu siapa tahu disana hujan deras lagi nunggu wirawiri tapi tidak ada iyupan nya.Saran mending buatin halte yang bagus ,lagian itu pemberhentian terakhir 🤭",4,2026-01-25 12:46:16,halte fd tij lakar halte lakarsantri gak buat tempat iyupan apa gtu kok cuma pohon pohonankasihan orang nunggu situ siapa tahu sana hujan deras nunggu wirawiri tidak iyupan nyasaran mending buatin halte bagus lagi henti akhir
sangat membantu,5,2026-01-25 10:05:12,sangat bantu
kenapa fitur maps trans semanggi / teman bus tidak ada?,2,2026-01-24 19:52:37,fitur maps trans semanggi teman bus ada
aplikasi gajelas mau daftar member ga bisa2 loading ga selesai2,1,2026-01-23 15:02:48,aplikasi gajelas mau daftar member ga loading ga selesai
"GPS sama sekali tidak akurat, dimap terlihat jauh tapi saat saya mau siap2 trnyt unit sudah lewat. tolong yg benar klo buat gps diupgrade dong",1,2026-01-22 14:27:49,gps sama sekali akurat map lihat jauh saat mau siap trnyt unit lewat yg benar klo buat gps diupgrade dong
kenapa sering tiba2 ga bisa di pake ya aneh banget.,1,2026-01-22 12:33:55,sering tiba ga di pake aneh banget
sekarang aplikasi sering error sampai melewatkan wira wiri 2x krn gak bisa beli tiket gobis,1,2026-01-22 11:39:46,sekarang aplikasi sering error lewat wira wiri x krn gak beli tiket gob
"sebenarnya bagus cm menurut sy ada yg kurang. 1 tdk fkexibel dengan operator lain telkomsel sering koneksi putus. 2 sy tunggu sampai 4x sesi wira wiri br dapat. lbh baik di apk trdapat info juga full. kasihan anak sy pulang sekolah sampai tunggu 2 jam, gerimis sampai hujan.",4,2026-01-20 17:54:19,benar bagus cm sy yg kurang tdk fkexibel operator telkomsel sering koneksi putus sy tunggu x sesi wira wiri br lbh baik apk trdapat info full kasihan anak sy pulang sekolah tunggu jam gerimis hujan
"Bagus sekali, menjangkau banyak daerah. Namun, sangat di sayangkan, terkadang saya mendapati supir/helper yang menurut saya kurang menjaga kesopan an, dari cara berbicara nya atau pelayanan nya",4,2026-01-20 16:41:30,bagus sekali jangkau banyak daerah sangat sayang terkadang dapat supirhelper turut kurang jaga sop an cara bicara nya layan nya
"benerin lagi dongo,koneksi terputus mulu",1,2026-01-19 06:36:55,benerin dongokoneksi putus mulu
"aplikasi tolong di perbaiki banyak trobel, mau login aja susah banget ... email & pasword sudah bener malah internet terjadi masalah kuota masih banyak di pakek di aplikasi lain lancar"" aja",1,2026-01-17 13:15:14,aplikasi baik banyak trobel mau login aja susah banget email pasword bener malah internet jadi masalah kuota banyak pakek di aplikasi lancar aja
"aplikasimu koneksi terputus teros min, tolong ndang di service. suwon",2,2026-01-15 20:32:34,aplikasi koneksi putus ros min ndang service suwon
aplikasi gak jelas... sinyal enak eh malah koneksi terputus mulu,2,2026-01-14 12:09:14,aplikasi gak jelas sinyal enak eh malah koneksi putus mulu
tidam membantu sama sekali,1,2026-01-13 22:09:15,tidam bantu sama sekali
bobrok,1,2026-01-13 09:05:27,bobrok
Udah beli Tiket Hemat 40K terus lupa passwordnya eh taunya gabisa ganti ulang/riset password jadi Hangus lah tiketnya 😭 aplikasinya Gajelas banget deh bikin bingung mana sering tbtb koneksi Gobis terputus padahal jaringan nya udah bagus lho😭 mohon diperhatikan lagi deh kedepannya❗️,1,2026-01-13 08:29:31,udah beli tiket hemat k terus lupa passwordnya eh tau gabisa ganti ulangriset password jadi hangus lah tiket aplikasi gajelas banget deh bikin bingung mana sering tbtb koneksi gob putus padahal jaring nya udah bagus lho mohon perhati deh depan
"jaringan bagus padahal,bus Masi jauh pas nyampek halte malah sudah lewat",1,2026-01-12 17:08:05,jaring bagus padahalbus mas jauh pas nyampek halte malah lewat
tolong ww osowilangon-unesa ditambah. kemarinn sudah ada 5 feeder skrg jd 4 lagi.,3,2026-01-12 08:04:59,ww osowilangonunesa tambah kemarinn ada feeder skrg jd
"GPS untuk posisi pengguna tidak akurat, ruteny pun ruwet, jam 6 pagi lokasi bus belum muncul",3,2026-01-12 05:53:25,gps posisi guna akurat ruteny ruwet jam pagi lokasi bus muncul
"banyak bug, kebanyakan Race condition sampai koneksi terputus, menggunakan tracking GPS tidak Deterministik sampai miss perhitungan Posisi. tolong Perbaiki lagi supaya tidak terjadi hal-hal seperti itu ya.",1,2026-01-11 15:11:11,banyak bug banyak race condition koneksi putus guna tracking gps deterministik miss hitung posisi baik supaya jadi halhal itu
"pertama kali donlod dan disuruh daftar member, selesai mengisi data diri pas di enter ga bisa, ada pemberitahuan koneksi terputus padahal mah wifi full",1,2026-01-10 09:59:38,pertama kali donlod suruh daftar member selesai isi data diri pas enter ga ada pemberitahuan koneksi putus padahal mah wifi full
hanya bisa diakses pakai wifi 😏😏😏,2,2026-01-09 17:45:30,bisa akses pakai wifi
"trans semanggi jarak nggak ada 10 meter saya lari di k3mart dekat halte tunjungan, eh ditinggal juga dan perpanjangan jalur tapi Urip Sumoharjo yang arah basra tetep nggak di lewati",1,2026-01-09 09:45:11,trans semanggi jarak ada meter lari kmart dekat halte tunjung eh tinggal dan panjang jalur urip sumoharjo arah basra tetep di lewat
"Pantas bintangnya 2 mau menggunakan harus daftar, sedangkan daftar loading g selesai².. Y g bisa dibuka",1,2026-01-08 13:37:29,pantas bintang mau guna daftar daftar loading g selesai y g buka
"aplikasi terlalu sering logout sendiri, sering ada pemberitahuan kehilangan sinyal padahal sinyal HP full dan aplikasi lainnya aman. MOHON LEBIH DIPERHATIKAN",1,2026-01-07 07:02:17,aplikasi terlalu sering logout sendiri sering pemberitahuan hilang sinyal padahal sinyal hp full aplikasi lain aman mohon lebih perhati
"bintang nol ada gak sih ini aplikasi, gak respon sama sekali, gak bisa diapa apain, padahal hp baru,",1,2026-01-05 10:15:10,bintang nol gak sih aplikasi gak respon sama sekali gak apa apain padahal hp baru
"aplikasi sering eror, sering gak muncul bus atau wira wiri nya..tolong di benerin lagi..",1,2026-01-02 18:29:22,aplikasi sering eror sering gak muncul bus wira wiri nyatolong benerin
aplikasi gak bisa eror tolong di benahi. mengecewakan,1,2026-01-01 15:52:17,aplikasi gak eror di benah kecewa
"aplikasi lemot parah, ga bisa di harapkan",1,2025-12-30 19:42:51,aplikasi lot parah ga di harap
ga bisa di pake,1,2025-12-29 14:49:32,ga di pake
"Sebenarnya lumayan suka bikin pergi kemana-mana jadi mudah. Tapi sekarang kacau. Dulu padahal ga pernah error, skrg sering banget aplikasi gak jalan. Mana map-nya juga sering salah titiknya. Padahal jaringan aman, penyimpanan masih banyak, sumpah enak gobis yang dulu. Ini ada email cs nya ga sih? Gara2 aplikasi error saya jadi gak bisa transaksi dan harus bayar cash sama orang lain, saldo di akun sendiri masih ada huhu :(",3,2025-12-29 08:37:00,benar lumayan suka bikin pergi kemanamana jadi mudah sekarang kacau dulu padahal ga pernah error skrg sering banget aplikasi gak jalan mana map sering salah titik padahal jaring aman simpan banyak sumpah enak gob dulu ada email cs nya ga sih gara aplikasi error jadi gak transaksi harus bayar cash sama orang saldo akun sendiri ada huhu
"transitnya bayar dobel. jam operasional ga jelas ada yang hingga 21.00 ada yang 22.00. membingungkan., ruwet",1,2025-12-28 21:57:43,transit bayar dobel jam operasional ga jelas yang hingga yang bingung ruwet
no recommended,1,2025-12-28 12:34:31,no recommended
aplikasi aneh tiba tiba susah buat lihat rute. tolong di perbaikin !!!,2,2025-12-26 17:25:14,aplikasi aneh tiba tiba susah buat lihat rute di perbaikin
"Aplikasi yang sangat bermanfaat bagi semua warga Surabaya... terimakasih GoBis,👍😁",5,2025-12-25 18:38:38,aplikasi sangat manfaat semua warga surabaya terimakasih gob
"lemot bgt , ga akurat",1,2025-12-25 11:20:55,lot bgt ga akurat
lemot banget,1,2025-12-24 21:54:10,lot banget
"ini aplikasi gak pernah berbenah ya.... mau buka aplikasi aja buat bayar Trans Semanggi aja gak bisa, saya yang keliling dari UNAIR ke UNESA aja kagak bisa. Tolonglah berbenah dikitlah... kesel aku. pulian Transit banyak aku ini",1,2025-12-24 17:20:15,aplikasi gak pernah benah mau buka aplikasi aja buat bayar trans semanggi aja gak saya keliling unair unesa aja kagak tolong benah dikit kesel aku pulian transit banyak aku
ini hp saya atau apk nya yaaa setiap mau login gak pernah bisaa gatau kenapaa aneh banget gituloh saya ini butuh saya ngandelin ini tetapi malah gaisa masuk di akun itu maksudnya gimana yaa,2,2025-12-23 17:56:53,hp atau apk nya yaaa mau login gak pernah bisaa gatau kenapaa aneh banget gituloh butuh ngandelin ini tetapi malah gaisa masuk akun maksud gimana yaa
"Aplikasi pemerintah sama sekali gak bisa diharapkan. Tiba2 logout sendiri, mau login lagi, email dan pasword uda dimasukkan dgn benar tp begitu diklik tombol ""login"" (warna biru) tetep gak terjadi apa2. Tanpa login gak bisa liat rute. Serius deh, pegawai pemerintah gak ada yg jago IT kah? Bikin aplikasi selalu gak guna.",1,2025-12-23 12:15:28,aplikasi perintah sama sekali gak harap tiba logout sendiri mau login email pasword uda masuk dgn benar tp klik tombol login warna biru tetep gak jadi apa login gak liat rute serius deh pegawai perintah gak yg jago it bikin aplikasi selalu gak
"ini gimana nih developer aplikasi nya gak jalan, eror, bintang 1 aja",1,2025-12-22 11:22:36,gimana nih developer aplikasi nya gak jalan eror bintang aja
aplikasi sering kacau,1,2025-12-21 10:10:24,aplikasi sering kacau
aplikasi taekkk,1,2025-12-20 16:33:10,aplikasi taekkk
"daftar akun loading lama tanpa keterangan apapun, waste time bgt",1,2025-12-20 10:14:08,daftar akun loading lama terang apa waste time bgt
"niat gak seh nggawe aplikasi, kok error teross ae",1,2025-12-20 09:50:26,niat gak seh nggawe aplikasi kok error teross ae
kenapa di menu tidak ada opsi top up saldo?,1,2025-12-19 18:36:10,di menu ada opsi top up saldo
gabisa dipake bayar trans semanggi,1,2025-12-19 10:29:17,gabisa dipake bayar trans semanggi
"akun suka log out sendiri, pas mau login susah padahal sinyal lancar",3,2025-12-18 14:47:46,akun suka log out sendiri pas mau login susah padahal sinyal lancar
"gak bisa cek lokasi busnya cuma peta jalur aja, masih bagusan apknya Trans jatim bisa lihat lokasi bus dan jumlah penumpang.",3,2025-12-17 20:46:55,gak cek lokasi bus cuma peta jalur aja bagus apknya trans jatim lihat lokasi bus jumlah tumpang
sering banget error di android 9,1,2025-12-17 06:22:49,sering banget error android
aplikasi ini selalu error. error nya lama. jadi tidak bisa lihat tracking.,1,2025-12-16 17:43:49,aplikasi selalu error error nya lama jadi bisa lihat tracking
Suroboyo 🤑 oiya ini kan bahasa Jawa kan🙂 kan bahasa Indonesia nya adalah Surabaya sih😆,5,2025-12-16 16:33:00,suroboyo oiya kan bahasa jawa kan kan bahasa indonesia nya surabaya sih
kpa eror gk bsa dibukak,5,2025-12-16 10:38:33,kpa eror gk bsa dibukak
ada sulap nihh coba tekan foto profile kaliannnn!!!!!><,5,2025-12-16 10:19:30,sulap nihh coba tekan foto profile kaliannnn
"belum pernah daftar tapi ada keterangan No NIK sudah terdaftar, dan mau cek lupa paswd email tdk ditemukan, terooosss karep e yo opo?? padahal email yow cuma 1",1,2025-12-16 09:07:04,pernah daftar ada terang no nik daftar mau cek lupa paswd email tdk temu terooosss karep e yo opo padahal email yow cuma
eror kocaaak,1,2025-12-15 17:41:14,eror kocaaak
aplikasi masih butuh perbaikan .. sering error,1,2025-12-15 07:04:02,aplikasi butuh baik sering error
dafta gak bisa / masuk gak bisa,1,2025-12-13 11:52:26,dafta gak masuk gak
"jelek banget sering gabisa dipake padahal sinyal lancr, tolong segera di update",1,2025-12-12 21:23:34,jelek banget sering gabisa dipake padahal sinyal lancr segera update
"fasilitas ini sebenernya sangat sangat membantu sekali buat mobilisasi area surabaya tp yng bikin kurang puas ada di SDM nya saya 2 kali kejadian di tinggal bis pdhl udh di halte kata kernetnya gak keliatan lah gelap lah ya hrsnya yg diperbaiki fasilitas bkn penumpang yg di arahkan geser ke yg terang, siapa suruh disitu ada kendala krng terang kok di biarin",3,2025-12-12 15:32:17,fasilitas sebenernya sangat sangat bantu sekali buat mobilisasi area surabaya tp yng bikin kurang puas sdm nya kali jadi tinggal bis pdhl udh halte kata kernet gak liat lah gelap lah hrsnya yg baik fasilitas bkn tumpang yg arah geser yg terang siapa suruh situ kendala krng terang kok di biarin
"benerin gak,ini saya mau liat bis gabisa mulu. padahal jaringan bagus",1,2025-12-11 13:43:11,benerin gakini mau liat bis gabisa mulu padahal jaring bagus
"tolong dong diperbaiki!jangan sampai eror,masa kadang gaada track bus jalan siii, mau bayar pake saldo gabisa bisa karna eror mulu apknya",1,2025-12-11 07:37:49,dong diperbaikijangan erormasa kadang gaada track bus jalan siii mau bayar pake saldo gabisa karna eror mulu apknya
Aplikasi sering error. Menyebalkan sekali,2,2025-12-09 19:37:43,aplikasi sering error sebal sekali
"GPS sering error di jam-jam sibuk, tidak memberikan kepastian kepada penumpang mengenai lokasi feeder yg akurat.",1,2025-12-09 07:46:35,gps sering error jamjam sibuk beri pasti tumpang kena lokasi feeder yg akurat
bisa membantu,3,2025-12-08 10:58:22,bantu
sudah 2 Minggu ini aplikasi kadang bisa dibuka kadang tidak bisa dibuka. jadi tidak bisa pakai tiket yang udah dibeli paketan,3,2025-12-08 06:15:44,minggu aplikasi kadang buka kadang bisa buka jadi bisa pakai tiket udah beli paket
"aplikasi terkadang suka error, seperti semua bus hilang tidak muncul di map, dan pemilihan rute bus tidak muncul sehingga sulit melacak keberadaan bus. tolong diperbaiki, ini merugikan pelanggan",2,2025-12-06 09:53:07,aplikasi terkadang suka error semua bus hilang muncul map pilih rute bus muncul sulit lacak ada bus baik rugi langgan
kenapa gak bisa dibuka sih padahal dulu lancar,1,2025-12-06 06:58:51,gak buka sih padahal dulu lancar
sering ngebug. tidak dapat digunakan apknya. kalau sudah diperbaiki tak ganti ⭐5 dah,4,2025-12-06 06:47:34,sering ngebug dapat guna apknya kalau baik tak ganti dah
"pembayaran tolong dipermudah, menggunakan QRIS lagi. Kalau memang harus menggunakan apk ini, aktifkan kembali pembayaran dg menggunakan botol disemua rute bus dan wira wiri",1,2025-12-04 09:54:56,bayar mudah guna qris kalau memang guna apk aktif bayar dg guna botol semua rute bus wira wiri
lagi error kah app ? buat login g bisa,4,2025-12-02 13:54:15,error app buat login g
"dulu tanpa login,mudah. skrg harus login dulu, aplikasi sering stucked,error,pilihan rute GK muncul,SDH di install ulang tetap saja. mohon diperbaiki lagi",3,2025-12-02 10:01:51,dulu loginmudah skrg login dulu aplikasi sering stuckederrorpilihan rute gk munculsdh install ulang tetap mohon baik
"ga berguna, tadinya bisa kok sekarang malah error",1,2025-12-01 10:06:33,ga guna tadi kok sekarang malah error
aplikasi nya error td pagi msh bs skrg log out sendiri gak bs masuk lg mski sdh coba log in syg bgt saldo msh ada,1,2025-11-30 08:35:49,aplikasi nya error td pagi msh bs skrg log out sendiri gak bs masuk lg mski sdh coba log in syg bgt saldo msh
"ribet, kebanyakan update beberapa minggu sekali tiap mau liat tracking trans semanggi jg makin ribet karna HARUS DI UPDATE dulu apk nya update; bulan April menjelang pergantian sistem semanggi, harus pakai gobis/tap cash/etoll aplikasi error parahhh, mau beli tiket aja loading setengah jam sangat tdk efisien skrg sering bgt tiba2 error, mana trans semanggi tiketnya KUDU PAKE GOBIS, trs klo apk error gmn? login jg nggk bisa2, mana udah trlanjur beli tiket banyak ngerugiin banget ini",1,2025-11-28 19:51:08,ribet banyak update beberapa minggu sekali tiap mau liat tracking trans semanggi jg makin ribet karna di update dulu apk nya update bulan april jelang ganti sistem semanggi pakai gobistap cashetoll aplikasi error parahhh mau beli tiket aja loading tengah jam sangat tdk efisien skrg sering bgt tiba error mana trans semanggi tiket kudu pake gob trs klo apk error gmn login jg nggk mana udah trlanjur beli tiket banyak ngerugiin banget
aplikasi bodong... saldo mbanking dan shopee udah kepotong tapi gak keluar tiketnya... sering bnget error dan gak bisa buat tracking ww nya.. saldo tiket hemat juga gak bisa di buka,1,2025-11-28 13:33:55,aplikasi bodong saldo mbanking shopee udah potong gak keluar tiket sering bnget error gak buat tracking ww nya saldo tiket hemat gak di buka
"aplikasi jelek radarnya g kebaca terus, kita jd susah liat jarak armada selanjutnya msh sejauh apa",1,2025-11-28 11:26:53,aplikasi jelek radar g baca terus jd susah liat jarak armada lanjut msh jauh apa
"kok gabisa top up pake qris lagi? gimana caranya, harusnya klo update aplikasi bisa dikasih keterangan",5,2025-11-26 23:48:05,kok gabisa top up pake qris gimana cara harus klo update aplikasi kasih terang
"Tolong yah kepada driver gobis maupun bisa apapun kalo ada halte itu STOP, berhenti dulu lah jangan ngobrol doang, ini posisi hujan jadi berteduh disekitar halte mana udah nunggu lama malah nyelonong aja, dikejar drivernya juga gak liat. Ini halte udah lah gak ada kursi tunggu kalo hujan kehujanan kalo neduh gak keliatan driver. Apasih yang dikejar ampe gas trus gitu? ini juga aplikasi gak ada tempat atau layanan kritik dan saran.",1,2025-11-24 15:54:34,yah driver gob maupun apa kalo halte stop henti dulu lah jangan ngobrol doang posisi hujan jadi teduh sekitar halte mana udah nunggu lama malah nyelonong aja kejar drivernya gak liat halte udah lah gak kursi tunggu kalo hujan hujan kalo neduh gak liat driver apasih kejar ampe gas trus gitu juga aplikasi gak tempat layan kritik saran
"Sangat terbantu sekali dengan Invoasi Pemerintah Kota Surabaya yang menyediakan Fasilitas Layanan Transportasi Feeder WiraWiri dan Suroboyo Bus Listrik dan Semanggi yang menjadikan perjalanan ke kantor lebih cepat, nyaman dan aman",5,2025-11-23 16:09:36,sangat bantu sekali invoasi perintah kota surabaya sedia fasilitas layan transportasi feeder wirawiri suroboyo bus listrik semanggi jadi jalan kantor lebih cepat nyaman aman
"setelah di update kq jadi ga bisa lihat jadwal, harus login tapi ngelag",5,2025-11-20 05:12:40,di update kq jadi ga lihat jadwal login ngelag
gabisa dipake scan teman bus sia sia top up,1,2025-11-16 21:36:43,gabisa dipake scan teman bus sia sia top up
"Tolong dong buat driver Wira wiri kalau misalkan ada halte berhenti dong, saya sudah nunggu lama + hujan keras bukannya berhenti di halte malah lanjut jalan hadeh hadeh",1,2025-11-12 19:23:24,dong buat driver wira wiri kalau misal halte henti dong sudah nunggu lama hujan keras bukan henti halte malah lanjut jalan hadeh hadeh
"sebenarnya saya hanya ingin bilang kepada teman-teman yang buat aplikasi GOBIS ini, tolong setiap bulan dan setiap tahun update terus aplikasi GOBIS ini biar terhindar dari error dan bug.",5,2025-11-10 06:56:33,benar hanya bilang temanteman buat aplikasi gob tolong bulan tiap tahun update terus aplikasi gob biar hindar error bug
"Apk tambah ga jelas ae iki,bisnya ga ada,bikin apk yg jelas dong,pelayanan publik ini",1,2025-11-07 18:54:21,apk tambah ga jelas ae ikibisnya ga adabikin apk yg jelas dongpelayanan publik
gak bisa daftar alesan koneksi putus Mulu,1,2025-11-06 18:21:06,gak daftar alesan koneksi putus mulu
lebih ditingkatkan,5,2025-11-03 17:56:31,lebih tingkat
"untuk saya yg gak hafal surabaya, petanya tidak membantu sama sekali. Kalo ada fitur pencarian tujuan kemana, terus nanti diarahkan harus naik apa aja turun dimana. pasti akan sangat membantu. semoga segera ada fitur itu yaa",3,2025-11-03 01:29:23,saya yg gak hafal surabaya peta bantu sama sekali kalo fitur cari tuju terus arah naik apa aja turun pasti sangat bantu moga segera fitur yaa
"hari ini minggu tgl 02 November 2025 WW01 dan WW02 tidak mau berhenti di halte tandes, padahal saya dan istri saya sudah berdiri menunggu di halte tandes pas depan indomaret tetapi semua armada melaju di sebelah kanan dengan kencang seolah tidak melihat orang yg nunggu di halte tersebut, tolong kedepennya supaya tiap halte tetep di berhentiin klo tidak ada yg naik bisa langsung berangkat, tolong untuk management pengelola wira wiri bisa di FU disemua armada yg jalan, Terima kasih",1,2025-11-02 18:02:02,hari minggu tgl november ww ww mau henti halte tandes padahal dan istri sudah diri tunggu halte tandes pas depan indomaret semua armada laju belah kanan kencang lihat orang yg nunggu halte sebut kedepennya tiap halte tetep berhentiin klo tidak ada yg naik langsung berangkat untuk management kelola wira wiri di fu semua armada yg jalan terima kasih
lokasi ga akurat sama sekali,1,2025-10-31 17:36:47,lokasi ga akurat sama sekali
"tolonglah kalau belum siap luncurin aplikasi pembayaran ONLINE seperti TOP UP, QRIS jangan di luncurin dulu .. merugikan orang saja. benahi aplikasinya",1,2025-10-29 15:45:32,tolong kalau siap luncurin aplikasi bayar online top up qris jangan luncurin dulu rugi orang benah aplikasi
"setiap update bukannya makin memudahkan, malah bikin tambah ribet dan susah. Niatan mau top up buat disimpan untuk pakai di perjalanan selanjutnya, malah hanya bisa pesan tiketnya saja gak bisa menyimpan saldo lagi, tiket yg sudah dipesan juga tidak bisa di refund. Setelah code barcode dari tiketnya di scan, maka tiketnya hanya berlaku di waktu itu dan tak dapat disimpan untuk perjalanan selanjutnya, kalau tidak sengaja kepesan 4 dan hanya pakai 1, tiket ttp tdk bisa di refund.",1,2025-10-27 15:14:50,update bukan makin mudah malah bikin tambah ribet susah niat mau top up buat simpan pakai jalan lanjut malah pesan tiket gak simpan saldo tiket yg pes refund code barcode tiket scan tiket laku di waktu tak simpan jalan lanjut kalau tidak sengaja pes dan hanya pakai tiket ttp tdk bisa di refund
"saya lupa kata sandi gobis, sayangnya gak ada menu layanan lupa sandi di telpon ke call center jaringan sibuk",2,2025-10-27 14:39:44,lupa kata sandi gob sayang gak menu layan lupa sandi telpon call center jaring sibuk
susah sekali untuk masuk. tidak bisa masuk dengan NIK dan lupa password. email-nya lupa. aktivitasi susah.,1,2025-10-25 05:25:39,susah sekali masuk bisa masuk nik lupa password email lupa aktivitas susah
"masih belum juga ada perubahan kualitas pelayanan, masih banyak Sopir nakal tidak menjalankan SOP dan kernet yang gak tegas menegur sopirnya apalagi banyak yang ketahuan dengan santai main game dan main judi slot untuk feeder WARA WIRI",1,2025-10-23 11:20:31,belum ada ubah kualitas layan banyak sopir nakal jalan sop kernet gak tegas tegur sopir banyak tahu santai main game main judi slot feeder wara wiri
"sangat membantu sekali karena saya pkai pket hemat lebih murah krena saya perjlnan setiap hari, tp syng aplikasinya kadang suka eror ya. tolong di perbaiki lagi.",5,2025-10-23 08:08:31,sangat bantu sekali pkai pket hemat lebih murah krena saya perjlnan hari tp syng aplikasi kadang suka eror tolong baik
"pelayanan buruk Driver orang Lamongan nama Punardi sama Helper nya Achmad Arya Nurdians tolong kalau sama penumpang ngomong yg sopan, pelayanan buruk banget saya kasih bintang 1",1,2025-10-21 07:00:24,layan buruk driver orang lamongan nama punardi sama helper nya achmad arya nurdians kalau sama tumpang ngomong yg sopan layan buruk banget kasih bintang
sangat membantu saya beraktivitas,5,2025-10-20 19:11:51,sangat bantu aktivitas
"sering udaa top up tapi saldo ga masuk, tlg diperbaiki",1,2025-10-17 11:26:56,sering udaa top up saldo ga masuk tlg baik
gak ada fitur complain... tgl 11/10/2025 jam 12:20 sopir bus nya tidak mau berhenti di halte perak pelindo no bis SB 07,1,2025-10-11 12:26:35,gak fitur complain tgl jam sopir bus nya mau henti halte perak pelindo no bis sb
"BIS NGELEWATIN MULU LU KIRA ENAK APA CAPEK CAPEK BERHARAP BERDIRI DI DALEM LAMBAI LAMBAI BAE. PEN PULANG AE SUSAH, GUNANYA APK INI APA??? NUNGGUIN YA DI TOLAK BLOK",1,2025-10-08 17:17:56,bis ngelewatin mulu lu kira enak apa capek capek harap diri dalem lambai lambai bae pen pulang ae susah guna apk apa nungguin di tolak blok
"applikasi sering bermasalah, tidak bisa terkoneksi dengan baik. mohon lebih di tingkatkan lagi",1,2025-10-08 16:15:14,applikasi sering masalah bisa koneksi baik mohon lebih tingkat
"di aplikasi keterangan masih ada sisa kursi, tapi selalu penuh",1,2025-10-07 06:45:44,aplikasi terang ada sisa kursi selalu penuh
tolong tambahkan nama helper di setiap feeder nya😊,5,2025-10-03 12:46:14,tambah nama helper tiap feeder nya
click vh,3,2025-10-03 05:06:50,click vh
"Tiba2 log out sendiri, padahal pagi masih dipakai transaksi beli tiket. setelah log out sendiri, tidak bisa login.... setelah input email dan password lalu di klik login, maka tombol login berubah warna tapi tidak ada respon apa2...",3,2025-09-28 15:07:06,tiba log out sendiri padahal pagi pakai transaksi beli tiket log out sendiri bisa login input email password lalu klik login tombol login ubah warna tidak respon apa
"Mohon Aplikasi diperbaiki, tiap masuk aplikasi selalu mengulang untuk login, dan memakan waktu lama",3,2025-09-27 10:12:36,mohon aplikasi baik tiap masuk aplikasi selalu ulang login makan waktu lama
Perbaikin akurasi GPSnya masa jarak jauh dimap udh kelewatan aja ... saya jg pernah mengalami hal tidak mengenakkan saat saya keluar dan saya tunggu di halte hanya karena saya pegang helm saya dilewatin mobil persis didepan saya,1,2025-09-24 15:15:57,perbaikin akurasi gpsnya masa jarak jauh map udh lewat aja jg pernah alami tidak enak keluar tunggu halte karena pegang helm saya dilewatin mobil persis depan saya
Aplikasi sering gangguan,1,2025-09-24 09:53:05,aplikasi sering ganggu
Bgstt malah gabisa top up,1,2025-09-22 22:16:09,bgstt malah gabisa top up
"aplikasi sampah ketika koneksi terputus, maka akun otomatis terputus.",1,2025-09-20 22:39:01,aplikasi sampah koneksi putus akun otomatis putus
kondektur ww005 benowo tunjungan mohon diganti kurang ramah sopirnya ugal2an bikin ga nyaman ini program pemerintah Surabaya jangan dirusak oknum,2,2025-09-20 17:19:27,kondektur ww benowo tunjung mohon ganti kurang ramah sopir ugalan bikin ga nyaman program perintah surabaya jangan rusak oknum
"Barusan saya mau naik, di halte balungbendo depan masjid jurusan Mojokerto bus nya kok gak mau berhenti ya hari ini 19 sep 2025 pukul 14.50 tolong ditindak lanjuti drivernya.....halte Depan halte bypass barat 1, arah Mojokerto",1,2025-09-19 15:04:01,barusan mau naik halte balungbendo depan masjid jurus mojokerto bus nya kok gak mau henti hari sep pukul tindak lanjut drivernyahalte depan halte bypass barat arah mojokerto
"sudah 2× topup saldo, saldo juga udah kepotong tapi gak masuk di aplikasi. apaan coba? mending balikin aja bayar pake qris. aplikasi buruk. bukannya mempermudah malah makin menyusahkan.",1,2025-09-18 23:04:25,topup saldo saldo udah potong gak masuk aplikasi apa coba mending balikin aja bayar pake qris aplikasi buruk bukan mudah malah makin susah
aneh udah login tapi keluar terus,1,2025-09-18 17:27:30,aneh udah login keluar terus
"uang saya hilqng, tidak masuk gobis. hilang seharga 1 indomie",1,2025-09-18 10:51:41,uang hilqng masuk gob hilang harga indomie
isi pulsa 2x nggak masuk ini gimana jadi rugi jadinya,1,2025-09-17 12:57:15,isi pulsa x masuk gimana jadi rugi jadi
YOPO REK AKU SUDAH TOPUP 10RB TAPI KOK SALDONYA GK MASUK DI GOBISNYA????? PADAHAL DARI BANK KU UDAH KEPOTONG SALDONYA???? GIMANA INI,1,2025-09-17 10:22:32,yopo rek aku topup rb kok saldo gk masuk gob padahal bank ku udah potong saldo gimana
baik,5,2025-09-16 20:40:59,baik
"aplikasi buruk, kembalikan uang saya!!! sudah 3x top up, sado sudah terpotong tapi belum masuk di aplikasi ini, apa ada yang bermain-main di balik aplikasi ini? padahal ini aplikasi untuk rakyat, kenapa malah jadi ladang untuk kalian!!!",1,2025-09-16 17:39:29,aplikasi buruk kembali uang x top up sado sudah potong belum masuk aplikasi apa yang bermainmain balik aplikasi padahal aplikasi rakyat malah jadi ladang kalian
"Tolong ya buat helper nya kalau ada yang nanya itu dijawab yang bener kalo gatau tinggal bilang gatau, ngomong yang sopan ramah tohh yang nanya juga kebingungan, ini selalu aja jutek orang nanya di omelin bahkan di permalukan. Bertanya itu karena gatau kalo udah tau ngapain juga nanya sumpahh pelayanan nya burukkk bangett ga sopan.",1,2025-09-16 09:29:54,ya buat helper nya kalau nanya jawab bener kalo gatau tinggal bilang gatau ngomong sopan ramah tohh yang nanya bingung selalu aja jutek orang nanya omelin bahkan malu tanya karena gatau kalo udah tau ngapain nanya sumpahh layan nya burukkk bangett ga sopan
"lebih oke ditmbah fitur ""cari tujuan"" untuk memudahkan pengguna melihat opsi bis dan halte nya. karna di apps hanya ada rute untuk bisnya, jadi kalau untuk pengguna luar surabaya gak paham..",3,2025-09-12 14:43:46,lebih oke ditmbah fitur cari tuju mudah guna lihat opsi bis halte nya karna apps ada rute bis jadi kalau guna luar surabaya gak paham
"Saldo terpotong tapi di aplikasi tidak masuk. Ada proyek bagi bagi ini. Saldo sengaja sebagian gk masuk karena ada pemain. Saldo kalian yang ga masuk itu jadi keuntungan pemainnya. Saya developer apps, jadi paham betul bagaimana trik cari keuntungan celah yang bisa diakalin, bagaimana manipulasi database, payment gateway, API, dll. Saya punya banyak waktu untuk audit habis-habisan App ini. Gimana Pemkot? Dishubmu ini sudah berapa kali ngetrik. Bahkan timbangan aja diakalin. Om saya kerja di sana",1,2025-09-10 06:38:52,saldo potong aplikasi masuk proyek bagi saldo sengaja bagi gk masuk ada main saldo kalian ga masuk jadi untung main developer apps jadi paham betul bagaimana trik cari untung celah bisa diakalin bagaimana manipulasi database payment gateway api punya banyak waktu audit habishabisan app gimana pemkot dishubmu sudah berapa kali ngetrik bahkan timbang aja diakalin om saya kerja di sana
"kejadian aneh waktu aq nyoba pertama kali malah aneh,, setelah aq daftar gobis trus aq pantau di map mobil wara wiri, stelah aq tunggu ko gk ada yg lewat pdhal di map sudah lewat, lah tiba tiba saya cek map lagi sudah jauh mobilnya,, itu kenapa ya,,",3,2025-09-09 15:27:15,jadi aneh waktu aq nyoba pertama kali malah aneh aq daftar gob trus aq pantau map mobil wara wiri stelah aq tunggu ko gk yg lewat pdhal map lewat lah tiba tiba cek map sudah jauh mobil kenapa
"tidak ada menu reset password bila user lupa password, cmn ada menu ganti password saja, pdhl ada saldo sehingga tdk bisa digunakan user utk bayar tiket",1,2025-09-08 14:59:20,menu reset password bila user lupa password cmn menu ganti password pdhl ada saldo tdk guna user utk bayar tiket
masih bagus aplikasi transjatim... penitikan map dsn halte lebih akurat,2,2025-09-06 15:51:33,bagus aplikasi transjatim peniti map dsn halte lebih akurat
ini gw kalo lupa password solusinya apa?,1,2025-09-05 07:13:25,gw kalo lupa password solusi apa
"sangat membantu,semoga kedepannya lebih maju",4,2025-09-04 18:34:15,sangat membantusemoga depan lebih maju
"isi saldo dari mbangking , saldo.TIDAK MASUK",1,2025-09-03 07:21:28,isi saldo mbangking saldotidak masuk
Pada waktu daftar memasukan email yg salah. Kemudian untuk login lupa password... klik lupa password dikirim ke email yg salah... sudah terlanjur isi pulsa dan beli paket... solusinya bagaimana?,1,2025-09-02 12:50:52,waktu daftar pasu email yg salah kemudian login lupa password klik lupa password kirim email yg salah lanjur isi pulsa beli paket solusi bagaimana
sy suka dgn aplikasi ini buat mudah sy klau mau brangkat kerrja,5,2025-09-01 16:00:15,sy suka dgn aplikasi buat mudah sy klau mau brangkat kerrja
ini gimana si udah top up tapi di apk nya saldo masih 0,1,2025-09-01 09:40:19,gimana si udah top up di apk nya saldo
"bagus, sangat membantu",5,2025-08-31 19:46:51,bagus sangat bantu
sangat bagus.. andai bisa sampai driyorejo pasti oke,5,2025-08-30 13:51:45,sangat bagus andai sampai driyorejo oke
"sopir nya ada yang jahat, tapi lumayan bagus buat transportasi umum",2,2025-08-30 08:41:04,sopir nya yang jahat lumayan bagus buat transportasi umum
"Kalau berangkat dari terminal Bratang itu yang cepatt, saya nunggu di halte setengah jam tetap ngk jalan2. Padahal saya sdh lihat berkali kali di map. Harap di tangani🙏",1,2025-08-28 12:30:24,kalau berangkat terminal bratang yang cepatt nunggu halte tengah jam tetap ngk jalan padahal sdh lihat kali kali map harap tangan
aplikasi mantap,5,2025-08-26 12:03:49,aplikasi mantap
"Setelah di update malah sering error & nge-bug, overall ini aplikasi bobrok ga jelas",1,2025-08-26 06:40:16,di update malah sering error ngebug overall aplikasi bobrok ga jelas
sering error sinyal nya KL beli promo....tp KL beli hrg biasa lsng lancar,1,2025-08-25 00:15:23,sering error sinyal nya kl beli promotp kl beli hrg biasa lsng lancar
"semoga nanti ada jadwal kedatangan bisnya, sama tanda jalan bis di aplikasinya benar² akurat, karena sekarang masih seperti ngelag², jadi takut ketinggalan bisnya, karena tanda bisnya kurang akurat, dan juga semoga bisnya diperbanyak, dan jam operasionalnya bertambah hingga jam 22.00",3,2025-08-24 18:36:24,moga ada jadwal datang bis sama tanda jalan bis aplikasi benar akurat sekarang seperti ngelag jadi takut tinggal bis tanda bis kurang akurat juga moga bis banyak jam operasional tambah hingga jam
"Tolong tambahkan fitur ""lupa password"". saldo saya tidak bisa dipakai karena saya lupa password akun saya",1,2025-08-24 12:05:32,tambah fitur lupa password saldo tidak pakai lupa password akun saya
reset password ora diproses,3,2025-08-22 21:59:11,reset password ora proses
Sangat membantu masyarakat,5,2025-08-22 19:57:56,sangat bantu masyarakat
"update mulu ahh, udh gtu kualitasnya sm aja, ga makin bagus",3,2025-08-21 21:49:09,update mulu ahh udh gtu kualitas sm aja ga makin bagus
gk bisa top up back🤌,1,2025-08-21 18:46:07,gk top up back
bagus,5,2025-08-21 18:03:43,bagus
"Aplikasi kurang akurat, kadang lemot, kadang gps nya ga jalan, keseringan minta perbarui. ngeselin, kurang worth it 😡",1,2025-08-21 16:29:24,aplikasi kurang akurat kadang lot kadang gps nya ga jalan sering minta baru ngeselin kurang worth it
Good,5,2025-08-21 05:01:38,good
"TOLONG LAH, SERING GAK SESUAI, JADINYA SAYA SERING KETINGGALAN BUS!! MANA SOPIRNYA BELAGU GAK MAU BERHENTI, BUKA PINTU LANGSUNG AJA TEROBOS, PADAHAL LAGI CEK BUSNYA LEWAT HP",1,2025-08-18 13:57:24,lah sering gak sesuai jadi sering tinggal bus mana sopir belagu gak mau henti buka pintu langsung aja terobos padahal cek bus lewat hp
"saran untuk rute madura bisa di perluas sampai timur, dan yang bangkalan sampai pelabuhan kamal",4,2025-08-18 08:01:22,saran rute madura di luas timur yang bangkal labuh kamal
sudah daftar oake 3 email lgsg tp gak muncul otp nya terus .mohon solusinya dong,5,2025-08-17 14:28:34,daftar oake email lgsg tp gak muncul otp nya terus mohon solusi dong
"kenapa di aplikasi monitor lokasi kendaraan tidak ada kode terintegrasi dgn rute lain seperti aplikasi mitra darat, sehingga tdk membingungkan penumpang kapan harus turun di halte terintegrasi utk pindah rute, jangan sampai penumpang dibingungkan dengan aplikasi kadang buka mitra darat tetapi juga harus buka gobis, dimana dana atau saldo yg sudah deposit tidak bisa ditarik kembali, penumpang skrg sdh mulai masukkan ke dompet gobis, tolong jangan nyusahin rakyat, ini sdh ketergantungan dgn gobis",1,2025-08-17 05:42:45,aplikasi monitor lokasi kendara ada kode integrasi dgn rute seperti aplikasi mitra darat tdk bingung tumpang kapan turun di halte integrasi utk pindah rute jangan tumpang bingung aplikasi kadang buka mitra darat juga buka gob dana saldo yg deposit bisa tarik tumpang skrg sdh mulai masuk dompet gob jangan nyusahin rakyat sdh gantung dgn gob
apk tidak bisa diunduh dan di pakai,1,2025-08-13 09:57:14,apk bisa unduh di pakai
mobilnya bersih,5,2025-08-11 08:38:58,mobil bersih
Aplikasi ini minta update terus.,1,2025-08-09 17:13:06,aplikasi minta update terus
top,5,2025-08-09 16:58:29,top
"untuk ww arah Lakarsantri tolong ditambah kan unit lagi, agar di tij tidak kosong terus",1,2025-08-07 17:45:49,ww arah lakarsantri tambah kan unit agar tij kosong terus
Lokasi posisi orang di GPS nya tidak akurat. dan tulisanya tidak terlalu besat serta. Lebih baik pakai aplikasi Mitra Darat tp sudah tidak menangani,1,2025-08-07 10:05:06,lokasi posisi orang gps nya akurat tulisanya terlalu besat lebih baik pakai aplikasi mitra darat tp tidak tangan
KODE OTP GAMAU MASUK TUH KENAPAAAA 😭😭😭😭😭 AKU UDAH NUNGGUIN LAMA BANGET TAPI GAADA HASIL MAKSUTNYA APA SIH BIKIN APLIKASI GAJELAS GINI ??????,1,2025-08-02 18:59:18,kode otp gamau masuk tuh kenapaaaa aku udah nungguin lama banget gaada hasil maksutnya apa sih bikin aplikasi gajelas gin
pas top up saldonya ga keisi tapi uang kesedot anjay bet,1,2025-08-02 18:01:07,pas top up saldo ga isi uang sedot anjay bet
"sebelum di surabaya bisa login, giliran udah di surabaya mendadak gabisa login mana udah di atas bus",2,2025-08-01 23:23:54,surabaya login gilir udah surabaya dadak gabisa login mana udah di atas bus
App habis diperbarui makin buruk! Saldo tiba2 ilang. di top up lagi trs cek di notif udah masuk. pas cek di saldo masih 0. tolonglah dimaksimalkan. jujur merasa dirugikan bgt,1,2025-08-01 13:27:42,app habis baru makin buruk saldo tiba ilang top up trs cek notif udah masuk pas cek saldo tolong maksimal jujur rasa rugi bgt
sudah top up saldo tapi saldo masih 0.aplikasi sampah,1,2025-08-01 07:46:46,top up saldo saldo aplikasi sampah
"Bukan perihal aplikasi, namun jarak bus terlalu jauh dan tidak sama rata. Waktu tunggu jadi lebih lama",1,2025-07-31 20:13:06,bukan perihal aplikasi jarak bus terlalu jauh tidak sama rata waktu tunggu jadi lebih lama
mantab,5,2025-07-31 14:30:34,mantab
"angkutan rakyat yg btl2 sangat2 nyaman berkualitas dr segi keamanan, kenyamanan, keramahan petugas jg kebersihan, trs tingkat kan semua ini u mencapai predikat angkutan terbaik di seluruh NKRI. BRAVO WIRA WIRI SUROBOYO",5,2025-07-31 07:20:08,angkut rakyat yg btl sangat nyaman kualitas dr segi aman nyaman ramah tugas jg bersih trs tingkat kan semua u capai predikat angkut baik seluruh nkri bravo wira wiri suroboyo
good,5,2025-07-31 05:25:30,good
armada feedernya diperbanyak lagi...,1,2025-07-30 11:28:06,armada feedernya banyak
Aplikasinya kurang bagus dan minim informasi. Tolong UI-nya dibuat kayak aplikasi Gojek pasti menarik,1,2025-07-29 14:09:14,aplikasi kurang bagus minim informasi uinya buat kayak aplikasi gojek tarik
baik memuaskan,5,2025-07-29 13:07:45,baik muas
"gabisa daftar akun bejirlah, padahal internet udah kenceng tp tulisan yang muncul ""koneksi terputus"" terusss hm",1,2025-07-29 04:56:25,gabisa daftar akun bejirlah padahal internet udah kenceng tp tulis muncul koneksi putus terusss hm
"Karena haus, saya pun minum air mineral botol kecil yang saya bawa, betapa kagetnya ditegur sama mbak admin wira-wiri ""pak ndak boleh minum, ada kameranya"", saya pun kaget dan spontan ""oh iya mbak maaf"". Sambil mikir....""Baru kali ini naik angkutan ndak boleh minum air mineral""",1,2025-07-27 21:45:05,haus pun minum air mineral botol kecil bawa betapa kaget tegur sama mbak admin wirawiri pak ndak minum kamera saya pun kaget spontan iya mbak maaf mikirbaru kali naik angkut ndak minum air mineral
agak lama juga masuknya klau kita topup,5,2025-07-25 16:11:19,lama masuk klau topup
"sukaaaaa, bisa pantau mau kemana, cuman kesulitan kalo mau ke suatu destinasi harus di runtut dlu, dicari sambungannya, mgkn bisa ditambah fitur arah nya misal dari kanwa ke pasar atom naik apa aja naik turun dimana",5,2025-07-24 19:41:50,sukaaaaa pantau mau cuman sulit kalo mau suatu destinasi di runtut dlu cari sambung mgkn tambah fitur arah nya misal kanwa pasar atom naik apa aja naik turun
"aplikasi busuk, top up sering delay hingga 10-15 menit mana kondektur busnya juga ga sadar diri kalo aplikasinya bobrok ngomel gegara gabisa bayar. sering log out juga tiba tiba dan ngebug di waktu yang tak terduga.",1,2025-07-23 12:36:47,aplikasi busuk top up sering delay hingga menit mana kondektur bus ga sadar diri kalo aplikasi bobrok ngomel gegara gabisa bayar sering log out tiba tiba ngebug waktu tak duga
sarana transportasi murah meriah merakyat tp tdk murahan dengn model dan fasilitas kendaraan nya.....Trimakasih sdh mengantar kami dan keluarga.,5,2025-07-23 06:55:59,sarana transportasi murah riah rakyat tp tdk murah dengn model fasilitas kendara nyatrimakasih sdh antar dan keluarga
Error often. One day forced to pay as a normal passenger eventhough a student which is twice the price because the money transfer was delayed.,1,2025-07-21 17:53:15,error often one day forced to pay as a normal passenger eventhough a student which is twice the price because the money transfer was delayed
Sering tiba2 eror gak muncul rutenya. Tolong lebih update untuk lokasi haltenya kadang halte disebutkan tapi tidak dikasih petunjuk.,1,2025-07-17 08:19:34,sering tiba eror gak muncul rute lebih update lokasi halte kadang halte sebut tidak kasih tunjuk
"petugasnya ramah2, armadanya bersih dan nyaman",5,2025-07-16 14:22:19,tugas ramah armada bersih nyaman
"aplikasi sampah, dikit dikit minta perbaharui",1,2025-07-16 06:34:00,aplikasi sampah dikit dikit minta baharu
mbaknya yg jaga bus judessssss,3,2025-07-13 11:45:26,mbak yg jaga bus judessssss
lama lama kok lambat dan lemot semua ya minta tolong DISUB,1,2025-07-13 10:21:39,lama lama kok lambat lot semua minta sub
"Juanc*****k, untuk Wira Wiri dengan kode ""WW 96"" udah di awe² jauh² dari pemberhentian gamau berhenti tolong dipecat sopirnya juancokkkkkk. Saya memberhentikan pukul 7 an malam. padahal operasionalnya sampe jam 9 malam.",1,2025-07-11 19:34:32,juanck wira wiri kode ww udah awe jauh henti gamau henti pecat sopir juancokkkkkk henti pukul an malam padahal operasional sampe jam malam
bisnya makin hari makin dikit udh nunggu 50 menit gak datang,1,2025-07-11 16:42:40,bis makin hari makin dikit udh nunggu menit gak datang
"WW06 hari selasa tgl 7 Juli 2025,diberhentiin di halte wonorejo tetapi tidak berhenti padahal ada plakat gambar Bus dan itu adalah halte pemberhentian",1,2025-07-08 19:58:49,ww hari selasa tgl juli diberhentiin halte wonorejo tidak henti padahal plakat gambar bus itu halte henti
sudah cepat untuk gobis,5,2025-07-08 04:53:26,cepat gob
lemot banget aplikasiny🤦🏻‍♀️,2,2025-07-07 19:16:10,lot banget aplikasiny
lemot,2,2025-07-07 13:12:37,lot
"sangat tidak direkomendasikan entah kenapa rasanya gampang pusing naik surabaya bus, kayak karna cara nyetir supirnya yang ngawur, pelayanan supir dan petugasnya gak ramah banget, jawab jutek, malah banyak penumpang yang di marahin, kalo gak bisa ramah gak usah kerja di pelayanan umum👎👎👎👎",1,2025-07-06 01:58:04,sangat rekomendasi entah rasa gampang pusing naik surabaya bus kayak karna cara nyetir supirnya ngawur layan supir tugas gak ramah banget jawab jutek malah banyak tumpang marahin kalo gak ramah gak usah kerja di layan umum
sangat bgs pelayannya,5,2025-07-02 20:12:28,sangat bgs layan
Membantu saya dalam bekerja sebagai sebagai informasi transportasi publik,5,2025-07-02 14:45:24,bantu dalam kerja bagai informasi transportasi publik
tolong ditambahkan jam operasional bus Suroboyo terimakasih,5,2025-07-02 14:01:32,tambah jam operasional bus suroboyo terimakasih
susah untuk masuk jadi member padahal ada internet,2,2025-07-02 11:33:07,susah masuk jadi member padahal internet
bagus mempermudah perjalanan,5,2025-07-01 23:10:44,bagus mudah jalan
reward poin untuk apa kalau nggak bisa ditukar? tombol untuk tukarnya pun sekarang dihilangkan,1,2025-07-01 09:39:42,reward poin apa kalau bisa tukar tombol tukar sekarang hilang
q pertama kali naik bis surabaya rasa nya nyaman.,5,2025-07-01 08:15:53,q pertama kali naik bis surabaya rasa nya nyaman
gak mau berhenti di halte padahal belum penuh yg berdiri baru beberapa,2,2025-06-30 16:25:22,gak mau henti halte padahal penuh yg diri baru beberapa
"lupa pasword utk bayar pakai gobis, mau diganti pun gak bisa, harus pakai pasword lama. lah gimana mau d ganti kl pasword lama aja lupa. tlg d perbaiki aplikasinya 🙏",3,2025-06-30 09:04:32,lupa pasword utk bayar pakai gob mau ganti gak harus pakai pasword lama lah gimana mau d ganti kl pasword lama aja lupa tlg d baik aplikasi
"sudah Bagus dengan aplikasi dan kemarin sebelumnya juga bisa pembayaran melalui Qris, sekarang harus top up, sebenarnya lebih ribet lagi, walaupun sudah bagus untuk mengembangkan aplikasi, tp tolong pembayaran /Top up juga bisa melalui indo**rt, alp**rt, dll agara lebih mudah, karena tidak semua punya rekening / Qris, dan kembali lagi permasalahan nya tetap di pembayaran. terima kasih. saran saja",5,2025-06-28 20:22:26,bagus aplikasi kemarin belum bisa bayar lalu qris sekarang top up benar lebih ribet walaupun bagus kembang aplikasi tp bayar top up bisa lalu indort alprt agara lebih mudah tidak semua punya rekening qris kembali masalah nya tetap bayar terima kasih saran
lebih nyaman aman dan efisien,5,2025-06-28 18:36:08,lebih nyaman aman efisien
"Minta Tolong Banget Di Evaluasi Supir nya🙏🙏 klok mau tutup pintu perhatikan dulu baik baik orang yang mau turun atau naik itu.. jangan terburu-buru, keselamatan lebih penting!! saya sering lihat nenek yang kadang agak kesusahan mau naik atau turun dan nenek nya salah pegangan yang justru itu sangat berbahaya... mohon di perhatikan lagi, jangan tunggu ada korban dulu..",3,2025-06-28 11:17:07,minta banget evaluasi supir nya klok mau tutup pintu perhati dulu baik baik orang mau turun naik jangan terburuburu selamat lebih penting sering lihat nenek kadang susah mau naik turun nenek nya salah pegang justru sangat bahaya mohon perhati jangan tunggu korban dulu
"kebanyakan update trs applikasi ini,,gk smpe sebulan update terus",2,2025-06-26 23:43:17,banyak update trs applikasi inigk smpe bulan update terus
lamban woi saya isi saldo ga masuk masuk,1,2025-06-22 18:32:07,lamban woi isi saldo ga masuk masuk
Udah Top Up saldo.. eehh malah ga berguna. mau payment lewat apk ini malah gagal terus jadinya Saldonya masih tertahan di apk sini.. respon juga lambat mohon diperbaiki.. kalau misalkan gakbisa payment di bus semanggi usahakan uang bisa dipake buat apa aja jadinya ga nahan disini !!!! kecewa sama apknya malah gak guna sama sekali,1,2025-06-22 16:52:26,udah top up saldo eehh malah ga guna mau payment lewat apk malah gagal terus jadi saldo tahan apk sini respon lambat mohon baik kalau misal gakbisa payment bus semanggi usaha uang dipake buat apa aja jadi ga nahan sini kecewa sama apknya malah gak sama sekali
aplikasi sering error,1,2025-06-21 18:01:29,aplikasi sering error
sangat memuaskan,5,2025-06-21 10:41:03,sangat muas
"lokasi saya saat ini dan lokasi halte di map tidak akurat, selisihnya bisa 1 km",2,2025-06-21 09:08:26,lokasi saat dan lokasi halte map akurat selisih km
"kalo bisa, jangan keseringan update. setidaknya perbaiki lokasi dan arah bus... bahkan apa mksudnya buat keseringan update kalo semisal g ada perubahan, tolong sebisa mungkin admin lebih diperhatikan lagi buat apk ini... mohon dibaca ya min🙏",1,2025-06-19 12:30:55,kalo jangan sering update baik lokasi arah bus bahkan apa mksudnya buat sering update kalo misal g ubah bisa mungkin admin lebih perhati buat apk mohon baca min
baik👍,4,2025-06-19 11:23:53,baik
"ini rute arah pemberangkatan aja, rute balik kok engga ditampilkan juga halte2 pemberhentiannya?",3,2025-06-16 11:41:31,rute arah berangkat aja rute balik kok engga tampil halte henti
"dulu pernah daftar, tpi lupa password terus pilih ke fitur ""lupa password"" diminta email, padahal dulu belum di sambungkan email",2,2025-06-14 18:51:22,dulu pernah daftar tpi lupa password terus pilih fitur lupa password minta email padahal dulu di sambung email
udah top up tpi saldo blm jg muncul sih. ini aplikasi ga jelas bnget,1,2025-06-10 15:19:19,udah top up tpi saldo blm jg muncul sih aplikasi ga jelas bnget
gimana nih katanya username nya terserah mau berapa karakter tapi 10 karakter bisa bikin akun tapi nggak bisa masuk login habis itu data juga nggak bisa di hapus gimana nih caranya tolong developer dijawab saya☺️,1,2025-06-08 17:34:33,gimana nih kata username nya serah mau berapa karakter karakter bikin akun nggak masuk login habis data nggak di hapus gimana nih cara developer jawab saya
"SB 23, naik 7 Jun 25 jam 19.04 WIB. Saran aja, bisnya sering-sering dibersihkan. Banyak kecoa kecil-kecil di area tempat duduk ban belakang.",1,2025-06-07 19:48:56,sb naik jun jam wib saran aja bis seringsering bersih banyak kecoa kecilkecil area tempat duduk ban belakang
"aplikasi nya bagus dan sangat berguna untuk pelanggan gobis, namun masih sering sekali terkendala koneksi putus, dan juga sering tidak bisa login.",2,2025-06-03 07:09:45,aplikasi nya bagus sangat guna langgan gob masih sering sekali kendala koneksi putus juga sering bisa login
"4 me yg rada buta maps dan ""ga bisa baca rute"" mungkin bingung bgt dimana aja pemberhentian nya & dsb, coba dong tolong di upgrade fitur kaya Ai biar aku sebagai penumpang juga bisa menanyakan secara langsung dimana aja pemberhentian nya, beroperasi selesai jam brpa dan masi banyak lgi. karna emang minim informasi bgt jadi tolong untuk di upgrade biar penumpang jga ga bingung",2,2025-05-28 19:43:34,me yg rada buta maps ga baca rute mungkin bingung bgt aja henti nya coba dong upgrade fitur kaya ai biar aku tumpang bisa tanya langsung aja henti nya operasi selesai jam brpa mas banyak lgi karna emang minim informasi bgt jadi untuk di upgrade biar tumpang jga ga bingung
Sangat membantu masyarakat,5,2025-05-28 08:19:33,sangat bantu masyarakat
g sesuai jadwal semua. molor jam nya. saran aja klau bisa ganti personel busnya . biar bisa sinkron ama jadwal yg di sistem. seringgg telattttt jamnya molor,1,2025-05-26 08:31:15,g sesuai jadwal semua molor jam nya saran aja klau ganti personel bus biar sinkron ama jadwal yg sistem seringgg telattttt jam molor
tolong adakan fitur ganti foto profil,1,2025-05-25 13:09:13,adakan fitur ganti foto profil
"gak ada jadwal keberangkatan atau kedatangan,,,kami pakai tranportasi umum juga butuh ketepatan waktu, kami butuh tranportasi umum yang gak terhalang macet,",1,2025-05-24 17:57:37,gak jadwal berangkat kedatangankami pakai tranportasi umum butuh tepat waktu butuh tranportasi umum gak halang macet
ini knapa ya kok tiba2 jadi gabisa login setelah diupdate,1,2025-05-22 20:21:37,knapa kok tiba jadi gabisa login diupdate
"login susah, padahal kuota masih banyak",2,2025-05-21 07:49:56,login susah padahal kuota banyak
"Saran saya jika top up saldo dengan QR segera digunakan. Apabila ditunda, saldonya tidak akan masuk dengan qr tersebut. sudah hubungi CS nya katanya ada delay dari Bank Jatim, mohon menunggu 1x24 jam tetapi ditunggu-tunggu lebih dari itu tidak ada saldo masuk. menghubungi kembali cs nya tetapi tidak ada tanggapan. mohon hal ini diperbaiki. dan diberi informasi berapa lama qr bisa digunakan. jika sudah expired sebaiknya qr tidak bisa di scan(dibuat gagal).",1,2025-05-19 16:13:51,saran top up saldo qr segera guna apabila tunda saldo akan masuk qr sebut hubung cs nya kata delay bank jatim mohon tunggu x jam ditunggutunggu lebih itu saldo masuk hubung cs nya ada tanggap mohon ini baik beri informasi berapa lama qr guna jika sudah expired baik qr tidak bisa scandibuat gagal
"aplikasinya lemot, tolong diperbaiki",1,2025-05-17 07:00:15,aplikasi lot baik
okay,5,2025-05-15 19:01:13,okay
"Dulu udah install ini dan uninstall krn app ini sdh nggak berguna lagi semenjak ada mitra darat. saya kira itu sebuah kemajuan integrasi transportasi indonesia. eh gataunya per Mei Juni disuruh download lagi dan mewajibkan semua penumpang untuk melakukan transaksi tiket disini. Sungguh, sebuah kecanggihan gimmick yang memper ruwet keadaan saja...",1,2025-05-07 07:53:12,dulu udah install dan uninstall krn app sdh guna semenjak mitra darat kira buah maju integrasi transportasi indonesia eh gataunya per mei juni suruh download dan wajib semua tumpang laku transaksi tiket sini sungguh buah canggih gimmick memper ruwet ada
"Aplikasi sebetulnya bagus untuk penggunaan transportasi umum dlm mengurangi pemakaian kendaraan pribadi, Akan tetapi tampilannya perlu diperbaiki. Karena sangat memusingkan terutama di peta integrasi antar moda transportasi. Apalagi untuk pengguna dari luar kota seperti saya dari jakarta yang belum begitu paham jalanan di surabaya. Harus melihat peta yang tampilannya sangat memusingkan numpuk2. Tolong diperbaiki agar semakin lebih baik lagi tampilannya. Semoga kedepan halte juga jadi satu.",3,2025-05-01 19:20:57,aplikasi bagus guna transportasi umum dlm kurang pakai kendara pribadi tetapi tampil perlu baik sangat pusing utama peta integrasi antar moda transportasi untuk guna luar kota saya jakarta belum paham jalan surabaya lihat peta tampil sangat pusing numpuk baik makin lebih baik tampil moga depan halte jadi satu
sangat membantu untuk mencari feeder sesuai tujuan,5,2025-04-30 06:32:13,sangat bantu cari feeder sesuai tuju
mantap dan bersama gobis dan wira wiri,5,2025-04-29 19:07:19,mantap sama gob wira wiri
"naik city elektric ketempat kerja lebih irit biayanya, tentunya sabar menanti bisnya...",5,2025-04-29 15:23:13,naik city elektric tempat kerja lebih irit biaya tentu sabar nanti bis
KOK MAKIN LEMOT SIH?? MAU CEK MAPS BUSNYA LAMA BANGET BARU BISA KEBUKA,1,2025-04-29 12:21:19,kok makin lot sih mau cek maps bus lama banget baru buka
helper sopan-sopan mau jelasin pertanyaan penumpang...,5,2025-04-29 09:31:32,helper sopansopan mau jelasin tanya tumpang
proses daftarnya lamaaa bgttt :(,1,2025-04-28 18:42:41,proses daftar lamaaa bgttt
"nyaman, aman , terjangkau",5,2025-04-28 14:23:35,nyaman aman jangkau
"Dengan adanya aplikasi ini sangat menguntungkan bagi kita pengguna transfort dgn bus, bnyk arah tujuan yg kita inginkan mau kemana, keliling kota Sby mengasyikkan dan murah meriah.",5,2025-04-28 13:45:06,ada aplikasi sangat untung guna transfort dgn bus bnyk arah tuju yg kita ingin mau keliling kota sby asyik murah riah
"Mohon untuk pengisian/top up saldo diperbaiki, karena terkadang saldo lama baru masuk, bisa sampai 1 hari bahkan ada saldo saya yang belum masuk hingga saat ini, padahal sudah top up 3-4 hari sebelumnya",1,2025-04-28 13:03:46,mohon pengisiantop up saldo baik terkadang saldo lama baru masuk sampai hari bahkan saldo yang masuk hingga ini padahal top up hari belum
"padahal sudah top up 2 kali tetap tidak terisi, malahan yg ke isi cuma top up yg kedua top up pertama tidak",3,2025-04-28 11:45:16,padahal top up kali tetap isi malah yg isi cuma top up yg dua top up pertama
tambah ruwet bayare.,1,2025-04-28 10:49:30,tambah ruwet bayare
BAGUS TAPI KAPAN YA ADA PENAMBAHAN NAMA CREW KETIKA MENEKAN IKON BUS LALU MUNCUL NAMA CREW,5,2025-04-28 09:42:00,bagus kapan ada tambah nama crew tekan ikon bus lalu muncul nama crew
aplikasinya masih sering lag dan eror,2,2025-04-28 08:15:55,aplikasi sering lag eror
"perbaiki lagi sistemnya, buka aplikasi saja lambat, tidak langsung muncul, sering error",1,2025-04-25 17:06:43,baik sistem buka aplikasi lambat langsung muncul sering error
"ini mau daftar gimana dipencet pun gk bisa, tolol banget sih",1,2025-04-24 07:58:27,mau daftar gimana pencet gk tolol banget sih
"TOLONG YA untuk diberitahukan kpd SOPIR-SOPIR BUS SUROBOYO KALIAN ITU HARUS LEBIH HATI-HATI. Saya salah satu penumpang BUS SUROBOYO SB06 tgl 21/4/25. Naik dari Bungurasih ke SMPN 5 Surabaya, Saya jatuh dari bus suroboyo tepat di depan halte SMPN 5 saat hendak turun tapi si sopir malah lanjut menjalankan Busnya!!! NAMA BPK KERNET BPK BENY BUDIANA. Dan pinternya lagi, SI SOPIR GA TURUN DAN GA MINTA MAAF. DAN UDAH LAPOR KE IG SUROBOYO BUS TAPI TIDAK ADA RESPON. KALIAN GA ADA RASA TGGUNG JAWAB!!",1,2025-04-23 14:48:21,ya diberitahukan kpd sopirsopir bus suroboyo kalian harus lebih hatihati salah satu tumpang bus suroboyo sb tgl naik bungurasih smpn surabaya jatuh bus suroboyo tepat depan halte smpn hendak turun si sopir malah lanjut jalan bus nama bpk kernet bpk beny budiana pinternya si sopir ga turun ga minta maaf udah lapor ig suroboyo bus tidak respon kalian ga rasa tggung jawab
tolong di edukasi supir Wira wiri untuk update jumlah penumpang.. saya sering tertipu aplikasi dibilang kosong waktu mobil datang ternyata penuh.. dan juga beberapa supir kurang nyaman bawa kendaraannya,1,2025-04-21 17:10:25,di edukasi supir wira wiri update jumlah tumpang sering tipu aplikasi bilang kosong waktu mobil datang nyata penuh juga beberapa supir kurang nyaman bawa kendara
bagus semua.,5,2025-04-20 22:16:53,bagus semua
"gara,, aplikasi eror waktu saya setengah jam sia sia nuguin wira wiri pas dia lewat ee ternyata aplikasi eror",1,2025-04-19 07:35:06,gara aplikasi eror waktu tengah jam sia sia nuguin wira wiri pas lewat ee nyata aplikasi eror
sering error,2,2025-04-17 18:44:33,sering error
Untuk wira wiri tak kasih Bintang 1 krn mapsnya yg di kendaraan (wirawiri) entah helpernya atau drivernya gak di update kalo sdh penuh terkadang masih belum penuh gak berhenti di halte yg kita tunggu bolak balik telat terus gara2 feeder...kalo gini terus mendingan hapus aja transportasi wira wiri sama yg lainnya percuma ada di surabaya bukannya menolong malah mempersulit,1,2025-04-17 14:41:40,wira wiri tak kasih bintang krn mapsnya yg kendara wirawiri entah helpernya drivernya gak update kalo sdh penuh terkadang belum penuh gak henti halte yg tunggu bolak balik telat terus gara feederkalo gin terus mending hapus aja transportasi wira wiri sama yg lain percuma di surabaya bukan tolong malah sulit
"saya top up lewat mbanking, di mbanking sudah terpotong tapi saldo di gobis belum terisi 1x24 jam",1,2025-04-16 19:02:11,top up lewat mbanking mbanking potong saldo gob isi x jam
kenapa pembayaran qris dihilangkan? SANGAT MENYUSAHKAN. SUDAH SAMPAI DI HALTE HARUS PERGI DULU KE INDOMARET BUAT TOP UP. TOP UP LANGSUNG PAKAI TRANSFER MOBILE BANKING PUN GAK BISA. SANGAT MENYUSAHKAN....,1,2025-04-15 16:55:19,bayar qris hilang sangat susah sampai halte pergi dulu indomaret buat top up top up langsung pakai transfer mobile banking gak sangat susah
aplikasi gk jelas..daftar udah d.isi kok login gk bisa..biasa produk karya anak bangsa lemot,1,2025-04-15 16:19:44,aplikasi gk jelasdaftar udah disi kok login gk bisabiasa produk karya anak bangsa lot
"Orang cuma mau liat posisi bus malah diwajibin login. Sudah diperbaiki. bintang 1 lagi, TOPUP GAGAL GA ADA FITUR REPORT, AYOLAH FITUR SESIMPEL ITU KOK GA ADA",1,2025-04-15 07:58:26,orang cuma mau liat posisi bus malah diwajibin login baik bintang topup gagal ga fitur report ayo fitur simpel kok ga
"saya tidak tau sudah berhasil daftar apa belum karena proses yang lama, hari ini saya cek ternyata NIK saya sudah terdaftar... tapi saya bingung ini password yg saya masukkan salah semua. apakah bisa dibantu untuk pemulihan akun? karena email saya juga saya lihat tidak terdaftar",1,2025-04-13 22:10:35,tau hasil daftar apa proses lama hari cek nyata nik sudah daftar bingung password yg masuk salah semua bisa bantu pulih akun karena email saya juga saya lihat tidak daftar
lumayan,5,2025-04-12 20:41:30,lumayan
keren,5,2025-04-12 20:22:45,keren
aplikasi gabisa dibuka sama sekali loading putih gitu doang,1,2025-04-12 19:30:40,aplikasi gabisa buka sama sekali loading putih gitu doang
"haha aplikasi belum selesai, coba beli 1 tiket, pas beli aman serlah dicek riwayat pembelian aja ngga ada apalagi tiket , rugi 5.000 haha",1,2025-04-12 19:13:03,haha aplikasi selesai coba beli tiket pas beli aman serlah cek riwayat beli aja ngga apalagi tiket rugi haha
terus berkembang Lur,5,2025-04-12 08:35:24,terus kembang lur
"Mantap aplikasinya, mantap pelayanannya...",5,2025-04-11 19:59:09,mantap aplikasi mantap layan
aplikasi gak bisa di buka tolonglah dishub kami ingin naik bus suroboyo jangan bikin susah masyarakat surabaya,1,2025-04-10 12:46:02,aplikasi gak di buka tolong dishub ingin naik bus suroboyo jangan bikin susah masyarakat surabaya
ga bisa dibuka di Redmi Note 4,1,2025-04-10 08:59:13,ga buka redmi note
"ww25 8/4/2025 sekitar pukul 20.20 armada tidak awas akan penumpang yg ada dihalte , sudah saya lambai sampai kejar tetap tidak berhenti padahal kondektur sempat melihat kearah saya ,, terlihat juga armada belum penuh posisi saya menunggu di halte darmo permai timur",1,2025-04-08 20:34:45,ww pukul armada awas tumpang yg halte lambai kejar tetap henti padahal kondektur sempat lihat arah lihat armada penuh posisi saya tunggu halte darmo permai timur
seperti aplikasi pemerintah biasanya lemot suka eror dananya kebanyakan buat korupsi sih gak becus,1,2025-04-07 11:04:27,aplikasi perintah biasa lot suka eror dana banyak buat korupsi sih gak becus
"susah daftar nya lemot GK mau jln, kayaknya apk nya males kemn2 klo bisa di jgn di pake tuh apk maaf soalnya SMP skrg Lom ada niat untuk merubahnya apknya",4,2025-04-06 10:27:33,susah daftar nya lot gk mau jln kayak apk nya males kemn klo jgn di pake tuh apk maaf soal smp skrg lom niat rubah apknya
"bagus aplikasinya untuk memudahkan pengguna transportasi umum di SBY, namun harus ada beberapa update terkait fitur2 yang belum selesai meskipun ada menunya.",5,2025-04-05 04:47:54,bagus aplikasi mudah guna transportasi umum sby harus beberapa update kait fitur belum selesai meski menu
ruwet dan lebih mudah pakai qris,1,2025-04-05 04:42:50,ruwet lebih mudah pakai qris
Aplikasi sering bug.. tolong para IT yang sangat berkompeten dapat memperbaiki masalah ini. karena sangat tidak membantu. Terima Kasih Salam sehat dan sukses selalu,1,2025-04-04 18:51:43,aplikasi sering bug para it sangat kompeten baik masalah karena sangat bantu terima kasih salam sehat sukses selalu
"Assalamu'alaikum, Bismillahirrahmanirrahim, Alhamdulillah, Wasysyukrillah,,, Admin menyampaikan aspirasi dan saran, memang aplikasi dari Go Bis Suroboyo tidak jarang eror, namun tetap bisa dibuat akses untuk perkiraan posisi personal maupun kendaraan. Harapan banyak bug fixed dari aplikasi ini. Untuk program Go Bis Surabaya menurut saya sudah sangat baik, karena relatif murah, pelayanan baik, dan mekanisme yang simple dan nyaman. Harapan kedepan supaya penumpang lebih dibatasi bila penuh",5,2025-04-04 14:49:07,assalamualaikum bismillahirrahmanirrahim alhamdulillah wasysyukrillah admin sampai aspirasi saran memang aplikasi go bis suroboyo jarang eror tetap buat akses kira posisi personal maupun kendara harap banyak bug fixed aplikasi untuk program go bis surabaya saya sangat baik relatif murah layan baik mekanisme simple nyaman harap depan tumpang lebih batas bila penuh
lemottt pollll,1,2025-04-02 22:07:11,lemottt pollll
transpotasi yg cepat dan bersih,5,2025-04-02 14:13:53,transpotasi yg cepat bersih
"aplikasi seperti ini dikelola pemerintah? sangat memprihatinkan, kyk aplikasi buatan anak sekolah dasar",1,2025-03-31 16:27:10,aplikasi ini kelola perintah sangat prihatin kyk aplikasi buat anak sekolah dasar
"aplikasi dibuka sangat lemot buat daftar member aja nunggunya lama loading terussss seharian. aplikasinya ga bner nunggu bis juga dari jam 7 , set 8 ga lewat lewat... kalau memang gtu diperjelas aja jam kerja mereka kayak apa... kalau krn besok hari lebaran dan mempercepat jam kerja itu aneh.. kendaraan umum untuk dalam kota mempercepat operasional. nunggu dua jam di halte . sangat merugikan",1,2025-03-30 20:44:29,aplikasi buka sangat lot buat daftar member aja nunggunya lama loading terussss hari aplikasi ga bner nunggu bis dari jam set ga lewat lewat kalau memang gtu jelas aja jam kerja kayak apa kalau krn besok hari lebaran cepat jam kerja aneh kendara umum dalam kota cepat operasional nunggu jam halte sangat rugi
history perjalanan nya sering error sama arah bis yang sering ngebug,3,2025-03-28 09:21:00,history jalan nya sering error sama arah bis sering ngebug
apknya bisa dibuka cuman pas mau lihat lokasi bisnya ngk bisa dibuka sama sekali udh coba download ulang ttp ngk bisa,1,2025-03-27 14:35:42,apknya buka cuman pas mau lihat lokasi bis ngk buka sama sekali udh coba download ulang ttp ngk
Muantep poll,5,2025-03-22 14:16:03,muantep poll
gabisa tuker poin reward lagi,1,2025-03-22 12:53:04,gabisa tuker poin reward
iki lapo sisan QRISS E DIHAPUS. NYAPO SEH PEMERINTAH,1,2025-03-20 22:34:51,iki lapo sis qriss e hapus nyapo seh perintah
sangat membantu transportasi sy,5,2025-03-19 14:59:56,sangat bantu transportasi sy
Itu kalok lihat rute nya emang gak bisa kah???,2,2025-03-15 23:29:21,kalok lihat rute nya emang gak kah
update terbaru malah ngebug,1,2025-03-15 17:23:50,update baru malah ngebug
Bagus,5,2025-03-12 10:18:34,bagus
"Next diperbarui aplikasinya. Kalo ada penumpang mau naik (dari jauh sudah menunggu) mungkin ada opsi untuk penumpangnya klik ""naik / lainnya"" biar ada notif juga ke driver / kondektur",4,2025-03-07 17:31:27,next baru aplikasi kalo tumpang mau naik jauh tunggu mungkin opsi tumpang klik naik lain biar notif ke driver kondektur
Saya coba top up 10rb.. tapi saldo tetap nol pdhl udh bbrp kali saya refresh.. saya top up di aplikasi gobis.. untung blm top up bnyk.. gmn min ?,4,2025-03-07 15:26:43,coba top up rb saldo tetap nol pdhl udh bbrp kali refresh top up aplikasi gob untung blm top up bnyk gmn min
"Kenapa yahh ga bisa login ke akunku. Pdhl akun saya masi ada saldonya banyak. Mungkin user experience nya bisa dibenahi. Kayak kalau passwordnya salah, dikasi peringatan pass salah atau gimana gt. Soalnya ini saya pencet login, ga ngefek apa apa. Pdhl email dan pass jelas"" benar. Jadi yang salah saya atau aplikasinya yg gak connect mulu. Mohon dibenahi",1,2025-03-07 11:25:46,yahh ga login akun pdhl akun mas saldo banyak mungkin user experience nya benah kayak kalau passwordnya salah kasi ingat pass salah gimana gt soal pencet login ga ngefek apa apa pdhl email pass jelas benar jadi salah saya atau aplikasi yg gak connect mulu mohon benah
"tolong dong buat supir Bu sama kondektur nya kalo busnya sudah penuh jangan di paksa, soalnya saya pernah pulang sekolah mau ke kota sebelah capek capek nya eh sama ibuk ibuk yang baru naik tiba tiba di suruh berdiri, kata nya karna dia lebih tua, tolong dong kalo emang udah penuh kapasitasnya jangan angkut penumpang lagi, sangat membatu tapi kalo terlalu penuh kadang ada ibu ibu yang semaunya sendiri 😔😭🙏🏻🙏🏻🙏🏻🙏🏻",5,2025-03-05 22:04:36,dong buat supir bu sama kondektur nya kalo bus penuh jangan paksa soal pernah pulang sekolah mau kota belah capek capek nya eh sama ibuk ibuk baru naik tiba tiba suruh diri kata nya karna lebih tua dong kalo emang udah penuh kapasitas jangan angkut tumpang sangat batu kalo terlalu penuh kadang ibu ibu mau sendiri
Saya nunggu di halte embong malang jam 21.15 & lewat wira wiri mobil sampai 3 katanya sudah tidak membawa penumpang. Sebenarnya jam operasional sampai jam berapa?,3,2025-03-01 21:21:12,nunggu halte embong malang jam lewat wira wiri mobil kata tidak bawa tumpang benar jam operasional jam berapa
"fitur top up nya apakah sudah bisa digunakan? saya diberitahu petugas bus semanggi bahwa setelah ini bus akan mengganti metode pembayaran hanya bisa lewat aplikasi saja, namun ketika saya top up 25K dengan pembayaran gopay, saldo masih belum masuk sampai sekarang. apakah ada yang salah?",5,2025-02-26 07:09:56,fitur top up nya sudah guna diberitahu tugas bus semanggi telah bus ganti metode bayar bisa lewat aplikasi namun saya top up k bayar gopay saldo belum masuk sekarang ada salah
Apk resmi malah gak bisa buat pembayaran #Lawak,1,2025-02-20 09:04:34,apk resmi malah gak buat bayar lawak
"Terms and conditions nya buruk, jangan dulu buat akun untuk aplikasi jni",1,2025-02-18 08:36:09,terms and conditions nya buruk jangan dulu buat akun aplikasi jni
Aplikasi error terus ga guna pengembangnya mana ini,1,2025-02-15 13:32:52,aplikasi error terus ga kembang mana
SB 01 di kota lama saya berhentiin gk berhenti. Saya kecewa ...... Sampai telat saya kerja. Tambah parah,1,2025-02-14 05:44:36,sb kota lama berhentiin gk henti kecewa telat kerja tambah parah
Armada perlu ditambah agar tidak terlalu lama menunggu,5,2025-02-13 20:39:49,armada perlu tambah tidak terlalu lama tunggu
Update teruss,1,2025-02-10 15:04:48,update teruss
"update terus,ntah apa yg di update",1,2025-02-09 18:27:00,update terusntah apa yg update
Sopirnya di training lagi biar ngerti SOP dan tidak boleh emosional.... karena bawa orang banyak,2,2025-02-07 08:32:59,sopir training biar ngerti sop tidak emosional bawa orang banyak
Peta integrasinya kok malah ilang sih,2,2025-02-06 18:35:40,peta integrasi kok malah ilang sih
Apk gk jelas apk terusak yg pernah aku pake gk jelass menyusah kan ngerti kalau punya uang dibenerin lagi apk nya buat apk aja gk bisa,1,2025-02-06 17:43:55,apk gk jelas apk usak yg pernah aku pake gk jelass susah kan ngerti kalau punya uang dibenerin apk nya buat apk aja gk
"Tolong tambahkan lapak aduan agar perasaan tidak nyaman yang didapat oleh penumpang karena sikap helper atau supir dapat disampaikan dengan baik, terima kasih.",2,2025-02-06 15:49:52,tambah lapak adu asa nyaman dapat tumpang sikap helper supir sampai baik terima kasih
After di perbarui malah ngebug gk bisa di buka,1,2025-02-05 17:31:15,after baru malah ngebug gk di buka
"Rute ke ITC kok gak ada , tolong lebih banyak di update untuk rutenya.",1,2025-02-05 14:41:37,rute itc kok gak tolong lebih banyak update rute
Aslinya enak ada aplikasi ini bisa tau posisi bus yg diinginkan tapi kenapa setiap hari harus update sih!,3,2025-02-04 09:28:33,asli enak aplikasi bisa tau posisi bus yg ingin kenapa hari update sih
Tiap hari update,1,2025-02-04 05:51:05,tiap hari update
Trackingnya ga pas,1,2025-02-03 16:30:26,trackingnya ga pas
"Moda transportasi murah dan terhitung armada nya banyak, terbantu sekali, bisa di cek posisi bus secara online,Surabaya memang terbaik",5,2025-02-03 06:53:11,moda transportasi murah hitung armada nya banyak bantu sekali di cek posisi bus onlinesurabaya memang baik
OTP nya tidak bisa keluar,1,2025-02-03 06:01:30,otp nya bisa keluar
Bis surabaya bangkalan sudah lebih dari 50 mnt ga ada yg lewat. Antriannya udah banyak. Ada 3 armada istirahat ga jalan. Mau tanya jam operasional tapi gada CS yg bisa dihubungi. Sedih amat hari mingguku.,2,2025-02-02 13:46:50,bis surabaya bangkal lebih mnt ga yg lewat antri udah banyak armada istirahat ga jalan mau tanya jam operasional gada cs yg hubung sedih hari minggu
"Pelayananya Cukup bagus, tlg halte yg sdh tdk terpakai segera dicabut agar penumpang tdk kecewa. Krn sdh tggu dihalte ternyata tdk dilewati, sdh dirubah jalurnya.",5,2025-02-02 11:03:19,pelayananya cukup bagus tlg halte yg sdh tdk pakai segera cabut tumpang tdk kecewa krn sdh tggu halte nyata tdk lewat sdh rubah jalur
"saya sudah 2 kali naik bus ini, kenapa tidak bisa bayar pakai saldo di aplikasi ini ya, apa belum ada untuk electric city bus??",3,2025-01-30 15:43:39,sudah kali naik bus kenapa bisa bayar pakai saldo aplikasi ya apa ada electric city bus
Topup tidak masuk ke saldo,1,2025-01-30 10:32:55,topup masuk saldo
Baik murah,5,2025-01-28 18:52:26,baik murah
"Tolong dikasih fitur ganti info profil 🙏 Foto saya jelek banget, gabisa diganti (sedih) 💔",4,2025-01-28 09:42:50,kasih fitur ganti info profil foto jelek banget gabisa ganti sedih
Gausah sok²an update app .. di update kok malah kualitas menurun koneksi terputus trs,1,2025-01-25 10:38:50,gausah sok an update app update kok malah kualitas turun koneksi putus trs
Bagus ada Wirawiri kami bisa naik dng baik dan cepat Untuk halte nya mohon di kasih bangku ya pak supaya kita menunggu nya gak berdiri sampai datang Wirawiri nya,5,2025-01-25 10:19:06,bagus wirawiri bisa naik dng baik cepat halte nya mohon kasih bangku pak kita tunggu nya gak diri datang wirawiri nya
"Armada sdh banyak, sayangnya kurang bisa memenage jarak antar bus... terkadang kayak kereta sampai berderet2. Sedangkan armada selanjutnya sangat jauh....",3,2025-01-24 20:04:05,armada sdh banyak sayang kurang memenage jarak antar bus terkadang kayak kereta deret armada lanjut sangat jauh
Berharap ada fitur live chat gitu sama kondektur nya hehe,5,2025-01-18 16:13:30,harap fitur live chat gitu sama kondektur nya hehe
Manteb,5,2025-01-14 15:01:38,manteb
"APLIKASI TIDAK BERGUNA Semoga admin cepat respon ulasan saya.. Sy mau cerita.. Waktu aku jalan jalan ke surabaya ingin bgt naik bus atau feeder ini.. Tpi pas donlod aplikasinya bingung bgt tidak ada tujuan kemana dan titik lokasi Contoh: lokasi anda ^ Tujuan anda ^ Dan itu membuat saya kebingungan dan tidak tau cara memakai bus dan wira wiri ini GARA GARA APLIKASI INI SAYA SEMPAT KESASAR DI BENEWO, YANG AKHIRNYA SAYA PULANG NAIK OJOL. TIDAK RECOMMEND BUAT NAIK TRANSPORTASI!!",1,2025-01-08 22:22:13,aplikasi guna moga admin cepat respon ulas sy mau cerita waktu aku jalan jalan surabaya bgt naik bus feeder tpi pas donlod aplikasi bingung bgt ada tuju titik lokasi contoh lokasi tuju buat bingung dan tau cara pakai bus dan wira wiri gara gara aplikasi sempat kesasar benewo akhir saya pulang naik ojol tidak recommend buat naik transportasi
"Adewe mek numpak tok yo mbayar, lapo kirim nik barang",1,2025-01-08 15:27:42,adewe mek numpak tok yo mbayar lapo kirim nik barang
"Harusnya ada keterangan nya kalo emang bis nya full, sudah nunggu bis yg berikutnya ternyata full jg jd buang2 waktu. Bis nya kalo di klik ada keterangannya kan jd bisa tau penumpang yg nunggu itu bis full atau engga nya",3,2025-01-05 13:15:29,harus terang nya kalo emang bis nya full nunggu bis yg ikut nyata full jg jd buang waktu bis nya kalo klik terang kan jd tau tumpang yg nunggu bis full engga nya
"Sudah daftar, menunggu kode otp tidak kunjung respon masuk sampe sehari, tdk ada notif sama sekali di email",1,2024-12-30 21:13:57,daftar tunggu kode otp kunjung respon masuk sampe hari tdk notif sama sekali email
Aplikasi tidak bekerja dengan baik,1,2024-12-30 10:01:59,aplikasi kerja baik
"Untuk rute padat seperti arah terminal Purabaya selisih keberangkatan atau jumlah armadanya mohon diperhatikan,karena selisihjya jauh bisa berjam jam karena muter dulu sampai Perak, sehingga waktu tunggunya terlalu lama, atau kalau bisa arah perak di buatkan jalur tersendiri yg terintegrasi dengan jalur lainnya,dl muter sampai Rajawali sudah sangat bagus waktu tunggu maksllimal 15 menit an",2,2024-12-23 17:34:27,rute padat arah terminal purabaya selisih berangkat jumlah armada mohon diperhatikankarena selisihjya jauh jam jam muter dulu perak waktu tunggu terlalu lama kalau arah perak buat jalur sendiri yg integrasi jalur lainnyadl muter rajawali sangat bagus waktu tunggu maksllimal menit an
"Nyesel udah daftar jadi member,,, apk nya makin ribet digunakan, nunggu verivikasi dari email brpa minggu gak muncul2 kode otp nya, akibatnya g bisa d pake sama sekali apk nya meski udah download ulang....",1,2024-12-23 10:08:56,nyesel udah daftar jadi member apk nya makin ribet guna nunggu verivikasi email brpa minggu gak muncul kode otp nya akibat g d pake sama sekali apk nya meski udah download ulang
Bus yg dari genpark arah ke purbaya klau jam 15:00 lama banget saya nunggu hampir 2jam gak ada yg lewat akhirnya pake gojek ke JMP buat naik bus yg dari jmp ke purbaya,1,2024-12-20 15:39:03,bus yg genpark arah purbaya klau jam lama banget nunggu hampir jam gak yg lewat akhir pake gojek jmp buat naik bus yg jmp purbaya
"Kok ga ada jadwal mulai jam berapa sih, jadi takut telat kalo mau naik ini",1,2024-12-19 20:36:42,kok ga jadwal mulai jam berapa sih jadi takut telat kalo mau naik
"Ga bisa untuk pembayaran, percuma isi saldo",1,2024-12-19 18:04:22,ga untuk bayar percuma isi saldo
Sisa kapasitas yang tertera di aplikasi tidak sesuai dengan real time,3,2024-12-16 07:06:56,sisa kapasitas tera aplikasi sesuai real time
"TOLONG UPDATE BERIKUTNYA BERIKAN FITUR PENILAIAN UNTUK PENGEMUDI, SAYA SUDAH SERING BANGET NUNGGU DI HALTE TPI DRIVERNYA TIDAK BERHENTI. UNTUK LAPORAN SAJA HARI INI 11 DESEMBER PUKUL 9:30 BUS SB 11 TIDAK BERHENTI PADAHAL SAYA SUDAH NUNGGU LAMA, TOLONG SEGERA DITINDAK LANJUTI.",2,2024-12-11 09:51:49,update ikut ikan fitur nilai kemudi sudah sering banget nunggu halte tpi drivernya henti lapor hari desember pukul bus sb henti padahal sudah nunggu lama segera tindak lanjut
"Harusnya ada ada scan penumpang di halte ditulisi marka pemberhentian bus agar tau ada penumpang yg akan naik. Krn banyak wirawiri yg gak berhenti di tiap halte, mana halte gak ada lampu jadinya gelap mungkin driver dan kernet gak liat.",3,2024-12-08 20:09:27,harus scan tumpang halte tulis marka henti bus tau tumpang yg naik krn banyak wirawiri yg gak henti tiap halte mana halte gak ada lampu jadi gelap mungkin driver kernet gak liat
"Wirawiri nya buru buru banget. Aku nunggu di halte tapi wirawiri nya gak berhenti, padahal isinya belum full :(",1,2024-12-05 08:41:27,wirawiri nya buru buru banget aku nunggu halte wirawiri nya gak henti padahal isi full
"please aplikasinya diperbaiki, sering error ga muncul rute",1,2024-12-04 19:54:08,please aplikasi baik sering error ga muncul rute
Kok di dwonlout di iphone gak bisa ya,5,2024-12-01 03:34:20,kok dwonlout iphone gak ya
APLIKASI GOBLOKK COKK DANCOKKK,1,2024-11-28 09:17:37,aplikasi goblokk cokk dancokkk
Maap cuma 3 dulu bintangnya Karena saya daftar gagsl terus karena tidak mendspatkan otp nya jadi ga bisa daftar,2,2024-11-23 10:25:25,maap cuma dulu bintang saya daftar gagsl terus tidak mendspatkan otp nya jadi ga daftar
"Mana kode otpnya, ditungguin sampai ngantuk gk keluar",5,2024-11-20 13:46:26,mana kode otpnya ditungguin ngantuk gk keluar
"niat gae aplikasi ga seh. wis bosok, rute ne titik, login gae nik lah, ktp lah, fotolah, mentolo tak protes nak buk risma karo admine gerindra ben di apikno gobiz, mosok wirawiri isine titik ngene pengen gae dadine gak sido, ero gak omahku iku dukuh pakis ayo kene serlok tak nasehati",1,2024-11-18 15:12:07,niat gae aplikasi ga seh wis bosok rute ne titik login gae nik lah ktp lah foto mentolo tak protes nak buk risma karo admine gerindra ben apikno gobiz mosok wirawiri isine titik ngene ken gae dadine gak sido ero gak omahku iku dukuh pakis ayo kene serlok tak nasehat
Bis 02 padahal banyak yg kosong ga mau berhenti padahal di halte simpang dukuh selasa 12 Nov 2024 ada 3 yg nunggu di halte. Supirnya ga mau berhenti malah pura2 gak liat,1,2024-11-12 08:19:12,bis padahal banyak yg kosong ga mau henti padahal halte simpang dukuh selasa nov yg nunggu halte supirnya ga mau henti malah pura gak liat
Sulit sekali untuk masuk ke akun. Apakah ada petunjuk?,1,2024-11-11 22:25:35,sulit sekali masuk akun ada tunjuk
Mantab. Tambahin rute ke pasar malam kodam plis.. makasih...,5,2024-11-05 17:04:38,mantab tambahin rute pasar malam kodam plis makasih
"Aplikasi ini tidak layak dipublikasikan, saya sudah top up saldo via QRIS, saldo aplikasi Gobis tidak terisi padahal di rekening bank sudah terdebet. Tidak jelas dana top up saya masuk kemana, dan tidak ada layanan pengaduan / chat costumer care yang efektif dan efisien. Saya juga tidak tau sudah berapa banyak saldo orang lain yang tidak masuk seperti saya, yang jelas ini sudah merugikan konsumen. Tidak adakah niatan OJK untuk mengaudit sistem pembayaran di Gobis yang sangat tidak layak ini?",1,2024-11-05 16:56:18,aplikasi layak publikasi top up saldo via qris saldo aplikasi gob isi padahal rekening bank debet jelas dana top up masuk ada layan adu chat costumer care efektif dan efisien juga tau sudah berapa banyak saldo orang masuk saya jelas sudah rugi konsumen ada niat ojk audit sistem bayar gob yang sangat tidak layak
"Masih ada bis yang kalau dicegat nyelonong,gatau siapa tuh supir sama kernetnya sb22 1 november 2024 jam 09.00 am.Supir ama kernet tolol bawa bis apa babi liar dicegat nyelonong aja.Dasar supir sama kernet gak ada otak.",1,2024-11-01 09:21:03,bis kalau cegat nyelononggatau siapa tuh supir sama kernet sb november jam amsupir ama kernet tolol bawa bis apa babi liar cegat nyelonong ajadasar supir sama kernet gak ada otak
"S''. 346__7__73’4,,,,,,,,,",3,2024-11-01 05:12:14,s
"Aplikasi updatenya terbaru sudah seperti semula, keren",5,2024-10-29 16:26:30,aplikasi updatenya baru seperti mula keren
Semoga jumlah armada makin banyak sehingga jarak angkutan tidak terlalu lama,4,2024-10-29 14:13:09,moga jumlah armada makin banyak jarak angkut terlalu lama
Sudah login msh di suruh login lagi,1,2024-10-28 11:37:17,login msh suruh login
"Apaan sih, udah diundang malah gabisa lihat bis/feeder ada dimana. Disuruh login mulu, giliran sudah login tetep muncul tulisannya dan tetep gabisa ngelihat lokasi feeder/bis Kerja yang bener, kita naik ini juga untuk berangkat kerja",1,2024-10-28 08:47:37,apa sih udah undang malah gabisa lihat bisfeeder mana suruh login mulu gilir login tetep muncul tulis tetep gabisa ngelihat lokasi feederbis kerja bener naik juga berangkat kerja
Apk ini mengumpulkan data2 pribadi sensitif seperti NIK dan foto. Tiati guys.,1,2024-10-28 05:25:24,apk kumpul data pribadi sensitif nik foto tiati guys
"Dipaksa update, harus login. Sudah login saja masih belum bisa akses.",1,2024-10-27 16:31:05,paksa update login login masih bisa akses
"Sebelum di update untuk track feeder maupun bus ga perlu sign in atau pun jadi member, namun setelah di update jadi perlu sign in dan jadi member apalagi pakai NIK dan mewajibkan foto. Lebih ribet, tolong dikembalikan ke pengaturan sebelumnya yang lebih mudah, kalo pun diwajibkan member juga seharusnya email aja cukup, tidak perlu NIK yang mana rawan disalahgunakan.",1,2024-10-26 12:58:13,update track feeder maupun bus ga perlu sign in jadi member telah di update jadi perlu sign in jadi member pakai nik wajib foto lebih ribet kembali atur belum lebih mudah kalo pun wajib member harus email aja cukup perlu nik mana rawan disalahgunakan
"Untuk segi pelayanan dan transportasi nya bagus cukup membantu dalam perjalanan yg jauh. Cuman dari segi aplikasi nya kadang eror, kdg tidak bisa di lacak gpsnya. Ditambah lagi skrg barcode di aplikasi gobiz nya tidak bisa di gunakan dalam pembayaran. Mohon untuk di benahin lagi buat aplikasi nya karena sudah isi saldo ternyata gak bisa di gunakan. Terimakasih 🙏",3,2024-10-26 12:43:30,segi layan transportasi nya bagus cukup bantu jalan yg jauh cuman segi aplikasi nya kadang eror kdg lacak gpsnya tambah skrg barcode aplikasi gobiz nya bisa guna bayar mohon di benahin buat aplikasi nya sudah isi saldo nyata gak bisa di guna terimakasih
"Aplikasinya kurang sekali, perlu ditingkatkan",1,2024-10-26 11:40:57,aplikasi kurang sekali perlu tingkat
sangat senang,5,2024-10-26 11:37:48,sangat senang
"Sebuah kemunduran dari aplikasi gobis, masa untuk mengetahui rute harus daftar member, harus isi NIK, alamat, foto segala macem terlalu ribet!, bayangkan orang luar surabaya/ turis asing harus isi NIK untuk daftar dan login, menyusahkan, sebaiknya login bisa langsung tersinkron dengan akun google tidak perlu isi macem². Inovasi itu yang memudahkan jangan sok pinter malah bikin ruwet!!.",1,2024-10-25 21:44:30,buah mundur aplikasi gob masa tahu rute daftar member isi nik alamat foto segala macem terlalu ribet bayang orang luar surabaya turis asing isi nik daftar login susah baik login langsung sinkron akun google perlu isi macem inovasi yang mudah jangan sok pinter malah bikin ruwet
"Aplikasinya lemot bgt, gak bisa muncul bisnya. Lokasi juga gak sesuai sama titik di mapnya.",1,2024-10-25 17:24:08,aplikasi lot bgt gak muncul bis lokasi gak sesuai sama titik map
"ga guna, buat cek rute bis tapi bis nya aja ilang"" an",1,2024-10-25 15:57:49,ga buat cek rute bis bis nya aja ilang an
Sangat membantu,5,2024-10-25 10:30:01,sangat bantu
"Setiap kali mau naik wira wiri, jarak antar moda selalu saja.. ada yang terlalu jauh dan ada yang terlalu dekat sehingga terkesan tidak ada pengaturan jarak antar moda 1 dan lainnya. Mohon untuk diarahkan sopir-sopir nya",1,2024-10-24 07:41:11,kali mau naik wira wiri jarak antar moda selalu ada terlalu jauh ada terlalu dekat kes ada atur jarak antar moda lain mohon arah sopirsopir nya
"Cukup menyenangkan, tapi minus nya adalah tidak update data penumpang jdi sering zonk.....",3,2024-10-23 19:20:18,cukup senang minus nya tidak update data tumpang jdi sering zonk
Kendala di pembayaran sudah tup up saldo tapi tidak bisa di pakai.. Tolong di perbaiki lagi soal singkronisasi data pengambilan gambar pada QRgobus tidak bisa singkron.. Jadi saldo yang di topup tidak bisa di gunakan.. Untuk pelayanan sudah 90% baik.. Tolong kendala di aplikasi bisa diperbaiki... Lebih baik lagi jika saldo bisa di belanjakan..,4,2024-10-22 08:57:15,kendala bayar tup up saldo pakai baik soal singkronisasi data ambil gambar qrgobus singkron jadi saldo di topup tidak di guna layan baik kendala di aplikasi bisa baik lebih baik jika saldo bisa di belanja
cukup membantu untuk tracking armada tapi kenapa terkadang susah login hadeh,1,2024-10-19 18:39:58,cukup bantu tracking armada kenapa terkadang susah login hadeh
AC PUUAAANAAAASSS....COK MEDING GAK USAH GAE AC TAPI KOCONE DI BUKA AE.......,1,2024-10-13 14:50:00,ac puuaaanaaaassscok meding gak usah gae ac kocone buka ae
Ini saya sudah terlanjur isi saldo. Tapi tidak bisa digunakan . Cara balikinnya gimana ya ? Mohon petunjuk,2,2024-10-09 08:33:21,saya lanjur isi saldo tidak guna cara balikinnya gimana mohon tunjuk
"Sebetulnya sich Bagus aplikasi ini,Tapi Tolong Ditingkatkan Lagi Sistem Info haltenya. Masa Kita Ingin memperbesar Peta jalur Haltenya Mesti Selalu ada notifikasi info halte berulang ulang",2,2024-10-02 16:06:46,sich bagus aplikasi initapi tingkat sistem info halte masa ingin besar peta jalur halte mesti selalu notifikasi info halte ulang ulang
"Laik kali perbarui kapasitasnya! Nunggu lama"" di aplikasi kapasitas 10. Nyampe halte penuh. Gimana sih!",1,2024-09-30 18:50:03,laik kali baru kapasitas nunggu lama aplikasi kapasitas nyampe halte penuh gimana sih
Sangat membantu melihat perjalanan tiap rute,5,2024-09-24 09:17:28,sangat bantu lihat jalan tiap rute
OTP dari jaman nenek moyang kok belom dapet² 🙄,1,2024-09-24 08:54:45,otp jaman nenek moyang kok bom dapet
"Kak ini kalo mau pengaduan kmn ya, ini aplikasi sy tiba2 tdk bs dipakek, lokasi bus tdk terlacak di hp sya, sdh sy un install bolak balik ttp aja.",1,2024-09-18 08:54:54,kak kalo mau adu kmn ini aplikasi sy tiba tdk bs dipakek lokasi bus tdk lacak hp sya sdh sy un install bolak balik ttp aja
Otp tidak muncul Susah login,1,2024-09-18 08:43:09,otp muncul susah login
"G ada fitur lupa pin nya ih....saya jadi bingung gimana make saldonya,sayang aja udh diisi tp lupa pinnya.FAQ nya juga minim banget,g ada yang lainnya lagi jika kemungkinan member membutuhkan sesuatu.yuk perbaiki lagi aplikasinya supaya bisa lebih maju..",2,2024-09-16 22:41:19,g fitur lupa pin nya ihsaya jadi bingung gimana make saldonyasayang aja udh isi tp lupa pinnyafaq nya minim bangetg yang lain jika mungkin member butuh sesuatuyuk baik aplikasi bisa lebih maju
"Sudah bagus, namun alangkah lebih bagus lagi jika ada fitur reminder jika kendaraan feeder maupun bus sudah mendekati halte yang ditentukan sehingga tidak perlu lama menunggu di pinggir jalan",4,2024-09-14 20:58:11,bagus alangkah lebih bagus fitur reminder jika kendara feeder maupun bus dekat halte tentu tidak perlu lama tunggu pinggir jalan
Sudah terdaftar tapi gak bisa login payah,1,2024-09-10 13:52:22,daftar gak login payah
bisnya gamau berhenti dan main pergi saja padahal belum ngecek di halte ada orang atau tidak,1,2024-09-09 11:14:54,bis gamau henti main pergi padahal ngecek halte orang tidak
Sayang sekali aplikasi ini tidak ada fitur lacak posisi bis dan jadwal tiap rute,1,2024-09-07 10:03:37,sayang sekali aplikasi tidak fitur lacak posisi bis jadwal tiap rute
Kok gak bisa di hapus foto pp nya,1,2024-09-06 13:46:17,kok gak di hapus foto pp nya
Ngaco,2,2024-09-06 13:08:54,ngaco
aplikasi sampah,1,2024-09-05 05:42:26,aplikasi sampah
Saya sudah top up dan tidak bisa menggunakan dengan nyaman. Tolong yang wira wiri arah ke wiyung atau gunung anyar ditambah lagi bisa dijemput di halte RSAL karna saya akan berterimakasih dibantu dengan hal itu🙏 mohon kebijakannya,2,2024-09-04 14:59:44,sudah top up tidak guna nyaman yang wira wiri arah wiyung gunung anyar tambah bisa jemput halte rsal karna akan berterimakasih bantu hal itu mohon bijak
Mohon untuk rute terminal Benowo Tunjungan dilewatkan jalan bubutan depan kantor polisi .....,3,2024-09-03 06:25:15,mohon rute terminal benowo tunjung lewat jalan bubut depan kantor polisi
kenapa saya daftar member kok tdak bisa2 n belum dapat kiriman kode otp,2,2024-08-30 13:50:03,saya daftar member kok tdak n dapat kirim kode otp
kenapa utk trans jatim koridor 4 blm ada di aplikasi gobis,5,2024-08-29 10:35:12,utk trans jatim koridor blm di aplikasi gob
"Aplikasi sampah, daftar rumit dan kode otp tidak dikirimkan",1,2024-08-26 12:34:15,aplikasi sampah daftar rumit kode otp kirim
Baru Daftar Tapi ga bisa login gimana sihh,1,2024-08-25 08:23:39,baru daftar ga login gimana sihh
9.z,4,2024-08-24 13:50:48,z
Lebih efisien dan murah cocok buat masyarakat &membantu,5,2024-08-24 08:03:47,lebih efisien murah cocok buat masyarakat bantu
"aplikasi taiikkkk eror teross...sopir sama kondektur kebanyakan jajan dijalan kebanyakan ngoceh..sampek telat kerjaku apalagi FD2 taikkk ancen sekarang banyak kondektur yg gak sopan juga sama penumpang,,gak ada etika sama sekali..taikk",1,2024-08-24 07:29:57,aplikasi taiikkkk eror terosssopir sama kondektur banyak jajan jalan banyak ngocehsampek telat kerja fd taikkk ancen sekarang banyak kondektur yg gak sopan sama penumpanggak etika sama sekalitaikk
Gajelas . Data nyala tp gabisa koneksi,1,2024-08-24 06:38:49,gajelas data nyala tp gabisa koneksi
app apa an ini. baru registrasi dan berhasil tp gk bisa log in. Dg kendala akun ato nik tidak ditemukan. Gak jelas,1,2024-08-23 18:19:21,app apa an baru registrasi hasil tp gk log in dg kendala akun ato nik temu gak jelas
"sejauh ini naik SB maupun wira-wiri pelayanannya sangat baik, baik helper maupun sopirnya juga ramah terhadap penumpang.",5,2024-08-15 09:34:45,jauh naik sb maupun wirawiri layan sangat baik baik helper maupun sopir ramah tumpang
Masih butuh perbaikan dari segi aplikasi... Kode otp lama puolll,1,2024-08-10 14:20:16,butuh baik segi aplikasi kode otp lama puolll
Kondekturnya yang cewek judes2 tolong dibenahi lagi pelayanannya,3,2024-08-09 17:38:22,kondektur cewek judes benah layan
Pelayanan bagus . Akan tetapi tuk tata udara /ac banyak bis kurang dingin . Tuk pemberhentian d Halte tuk suroboyo bis ..bungur ...perak kenapa tidak berfungsi skrng ini . Pakai konvensional / helper teriak . Tks saran saya,3,2024-08-09 10:26:22,layan bagus tetapi tuk tata udara ac banyak bis kurang dingin tuk henti d halte tuk suroboyo bis bungur perak tidak fungsi skrng pakai konvensional helper teriak tks saran
Gobis gaada di app store? Saya cari tidak ada,3,2024-08-07 19:25:47,gob gaada app store cari ada
"Sebenarnya ini aplikasinya bagus, tapi tolong dong diperbanyak lagi tempat penukaran botolnya dan penukaran botol yang di terminal Purabaya/Bungurasih jangan dihilangkan karena menurut saya itu tempat yang strategis untuk tukar botol. Lalu saat botol ditukar, poin yang didapatkan jangan hanya berlaku seminggu saja. Kalau bisa kembali seperti dulu, poin dapat digunakan kapan saja, tidak hanya seminggu.",2,2024-08-06 21:52:26,benar aplikasi bagus tolong dong banyak tempat tukar botol tukar botol di terminal purabayabungurasih jangan hilang turut itu tempat strategis tukar botol lalu botol tukar poin dapat jangan laku minggu kalau kembali dulu poin guna kapan tidak minggu
Suroboyo bus jam operasional nya kalau bisa jam 11 malam . Biar menolong karyawan toko yg pulang jam 10 malam . Contoh bus semanggi sampai jam 11 malam . Bus listrik tujuan Kenjeran juga jam 11 malam . Cuma ini bus kelar nya sampai jam 9 pdhl banyak peminat . Semoga seperti jakarta bus trans 24 jam,4,2024-08-05 22:38:22,suroboyo bus jam operasional nya kalau jam malam biar tolong karyawan toko yg pulang jam malam contoh bus semanggi jam malam bus listrik tuju kenjeran jam malam cuma bus kelar nya jam pdhl banyak minat moga jakarta bus trans jam
"Armadanya dibanyakin lah, masa nunggu sampe 3x penuh terus",1,2024-08-05 06:32:05,armada dibanyakin lah masa nunggu sampe x penuh terus
Kegunaan Daun Bidara/sidr: - Untuk terapi ruqyah yang insya Allah berfungsi sebagai racun bagi bangsa jin biidznillah - Sebagai sarana pelaksanaan hukum janaiz (jenazah) dalam memandikannya sebagaimana yang disunnahkan Rasulullah. - Selain itu dapat digunakan masker atau lulur untuk kencantikan - gangguan pencernaan /mencret serta untuk menstabilkan kadar gula dalam darah pada penderita diabetes. - Manfaat lain pada wanita untuk mandi setelah haid sebagai rangkaian pengamalan sunnah sebagaimana,4,2024-08-02 06:25:38,guna daun bidarasidr terapi ruqyah insya allah fungsi racun bangsa jin biidznillah sarana laksana hukum janaiz jenazah mandi bagaimana disunnahkan rasulullah itu guna masker lulur kencantikan ganggu cerna mencret stabil kadar gula darah derita diabetes manfaat pada wanita untuk mandi haid rangkai amal sunnah bagaimana
Itu kalau bisa kernetnya kalau masukin data yang benar ada berapa penumpang yang masuk/udah penuh.. di aplikasi sisa 0 tapi di nyatanya masih ada yang kosong kursinya buat wara wiri Benowo-tunjungan,3,2024-07-27 07:46:04,kalau kernet kalau masukin data benar berapa tumpang masukudah penuh aplikasi sisa di nyata ada kosong kursi buat wara wiri benowotunjungan
Nyaman Tp klo pas jam brkt dan pulang orang kerja berdesak2an🙏,5,2024-07-23 18:49:52,nyaman tp klo pas jam brkt pulang orang kerja desa
Applikasi terbaru terkait Informasi jadwal bis di halte jadi tidak tersedia jadi susah untuk memperhitungkan waktu ketika mau naik surabaya bus... Tolong kembalikan informasi terkait jadwal ksdatangan surabaya bus di aplikasi ini..,3,2024-07-21 21:43:49,applikasi baru kait informasi jadwal bis halte jadi sedia jadi susah hitung waktu mau naik surabaya bus kembali informasi kait jadwal ksdatangan surabaya bus aplikasi
"Menurut saya aplikasi ini masih belum cukup bagus untuk orang yg belum pernah ke surabaya dan ingin menggunakan bus sebagai moda transportasi. Seharusnya perlu ada fitur petunjuk trayek bis mana yg bisa digunakan untuk berpergian. Misalnya ingin pergi dari terminal purabaya menuju stasiun pasar turi lalu ditunjukan keterangan bis jurusan mana yg perlu dipakai, perlu berhenti di halte mana jika perlu menyambung bis sampai ketujuan. Semoga kedepanya bisa lebih baik lagi",3,2024-07-18 22:55:54,saya aplikasi masih cukup bagus orang yg pernah surabaya guna bus moda transportasi perlu fitur tunjuk trayek bis mana yg guna pergi misal ingin pergi terminal purabaya tuju stasiun pasar turi lalu tunjuk terang bis jurus mana yg perlu pakai perlu henti halte mana perlu sambung bis tuju moga depa lebih baik
sering sekali ada nya error,2,2024-07-18 15:19:17,sering sekali nya error
"Rute bus TB-2 eror, live track bus nya tidak ada, gps tidak akurat",1,2024-07-16 12:13:20,rute bus tb eror live track bus nya ada gps akurat
"kenapa harus pakai NIK ? dan foto segala ? NIK itu Khan privasi banget, apalagi aplikasi pemerintah skrg banyak kebobolan hecker .. apa gunanya nik itu di sini ?",1,2024-07-15 11:34:59,harus pakai nik foto segala nik khan privasi banget aplikasi perintah skrg banyak bobol hecker apa guna nik di sini
"pelayanan sangat bagus, bis juga bersih dan nyaman. tapi cuma mau ngasih saran, untuk akurasi lokasi daripada bis dan calon penumpang mohon lebih dibenahi supaya lebih akurat. terimakasih",3,2024-07-13 21:32:36,layan sangat bagus bis bersih nyaman cuma mau ngasih saran akurasi lokasi bis calon tumpang mohon lebih benah lebih akurat terimakasih
bagus sekali sangat membantu,5,2024-07-11 07:22:30,bagus sekali sangat bantu
Petsa susah untuk dimengerti,1,2024-07-08 19:05:39,petsa susah erti
Apakah tidak ada rute dari arah surabaya barat ke perak?,3,2024-07-06 05:45:26,tidak rute arah surabaya barat perak
Aplikasinya setelah update tambah jelek + tidak muncul jalur dan rutenya,1,2024-07-04 21:51:12,aplikasi update tambah jelek muncul jalur rute
Untuk Feeder / Wira Wiri. Lumayan memudahkan sih karna rumah juga deket sama halte cuma ada sedikit minus kadang Helper tidak mau update kapasitas tersedia. Udah terlanjur nunggu di halte pas lewat ternyata penuh. Padahal cek di aplikasi ada cukup banyak kapasitasnya.,3,2024-07-01 17:46:22,feeder wira wiri lumayan mudah sih karna rumah deket sama halte cuma sedikit minus kadang helper mau update kapasitas sedia udah lanjur nunggu halte pas lewat nyata penuh padahal cek aplikasi cukup banyak kapasitas
"untuk transjatim belum terkoneksi ke apk dengan benar,",4,2024-07-01 11:08:32,transjatim koneksi apk benar
Servisnya gak makin bagus malah makin jelek. Jarak keberangkatan bus satu ke hus berikutnya dari purabaya bisa 20 menit lebih,1,2024-06-26 06:45:21,servis gak makin bagus malah makin jelek jarak berangkat bus satu hus ikut purabaya menit lebih
Aplikasi tolol otp ae g masuk2 mau liat jadwal ae susah tolil sumpah,1,2024-06-25 10:46:16,aplikasi tolol otp ae g masuk mau liat jadwal ae susah tolil sumpah
Aplikasi aneh masa pembayaran qris tdk ada riwayat pembelian hanya bayar lewat aplikasi baru ada riwayatnya terus driver ngebut tdk sesuai dgn titik terminal ada terminal lgs main tinggal,1,2024-06-13 16:46:27,aplikasi aneh masa bayar qris tdk riwayat beli bayar lewat aplikasi baru riwayat terus driver ngebut tdk sesuai dgn titik terminal terminal lgs main tinggal
"Sudah bikin akun, sudah verifikasi dan login lama gak ada hasil wifi maupun data lancar hasil gak ada masuk di aplikasi. Gak jadi naik naik karpet terbang om jin aja biar cepet",1,2024-06-10 22:32:55,bikin akun verifikasi login lama gak hasil wifi maupun data lancar hasil gak masuk aplikasi gak jadi naik naik karpet terbang om jin aja biar cepet
"Edit ulasan jadi bintang 1, karena ga ngebolehin minum air mineral dr botol plastik (yg sampahnya juga ga bakal di buang di armada, dibawa turun) kalo tiba2 penumpang pusing, butuh minum? Masa ga dibolehin? Yuk dibenahin yuk aturannya ... Jadi lebih spesifik mungkin jenis makanan dan minuman apa yg gak boleh di makan dan di minum di armada :)",1,2024-06-05 20:33:34,edit ulas jadi bintang ga ngebolehin minum air mineral dr botol plastik yg sampah ga bakal buang armada bawa turun kalo tiba tumpang pusing butuh minum masa ga dibolehin yuk dibenahin yuk atur jadi lebih spesifik mungkin jenis makan minum apa yg gak makan di minum di armada
"BUS SERING MELAJU DENGAN CEPAT & TIDAK BERHENTI DI HALTE PUSVETMA, TOLONG DIBUATKAN HALTE, SEMAKIN DIPERSULIT PEMBAYARAN NYA",1,2024-06-04 18:15:11,bus sering laju cepat henti halte pusvetma buat halte makin sulit bayar nya
Aplikasi ini membingungkan pengguna lebih mudah menggunakan aplikasi bus suroboyo,2,2024-06-02 08:13:29,aplikasi bingung guna lebih mudah guna aplikasi bus suroboyo
Armada busnya sangat lama sekali kedatangannya. 40 menit menunggu tidak ada bus yang berhenti di halte.,1,2024-06-01 18:56:41,armada bus sangat lama sekali datang menit tunggu ada bus henti halte
aplikasi yang bagus,4,2024-06-01 14:22:05,aplikasi bagus
"Aplikasinya ga stabil 2x kejadian mengecewakan, Histori perjalanan tidak tersedia padahal histori transaksinya ada. Dan parahnya transaksi pembayaran terpotong 2x dengan nomor transaksi yg sama.. dan jawaban cs yg ga masuk akal..",1,2024-05-29 14:49:23,aplikasi ga stabil x jadi kecewa histori jalan sedia padahal histori transaksi parah transaksi bayar potong x nomor transaksi yg sama dan jawab cs yg ga masuk akal
Eror ngak bisa diperbaiki,1,2024-05-29 07:03:16,eror ngak baik
"Cukup membantu, tapi gak ada pemberitahuan ketika perubahan rute.",3,2024-05-24 20:32:34,cukup bantu gak pemberitahuan ubah rute
Saya habis top up 50 rb gak bisa buat bayar akhirnya Mengikhlaskan ada cara jitu ya tolong dong developer di perbaiki lagi sistemnya,1,2024-05-23 08:36:48,habis top up rb gak buat bayar akhir ikhlas cara jitu tolong dong developer baik sistem
"rute nya Suroboyo bus kok cmn ada 2 rute, trus tdk BS melihat bus nya ada di mn kok GK kyk aplikasi yg dulu, trus point' sy jg hilang.",2,2024-05-22 20:24:56,rute nya suroboyo bus kok cmn rute trus tdk bs lihat bus nya di mn kok gk kyk aplikasi yg dulu trus point sy jg hilang
Seperti nya bagus mau coba,5,2024-05-22 18:13:56,nya bagus mau coba
"Iseng iseng coba Tidak pernah daftar dan coba Ketika daftar, ada notif (NIK sudah di pakai) Kok bisa 😏🤔🤔🤔",1,2024-05-21 15:41:05,iseng iseng coba pernah daftar coba daftar notif nik di pakai kok
Saran aja sih kalau bisa peta integrasinya itu ambil dari gmaps biar jelas halte mana yang bisa dipilih,1,2024-05-19 20:51:44,saran aja sih kalau peta integrasi ambil gmaps biar jelas halte mana bisa pilih
Mantab aplikasinya,5,2024-05-19 17:47:14,mantab aplikasi
Sejak dbuka rute k tg perak mhn haltenyadbikin dkt indomaret .dan klo boleh dbikin atap tempat duduk krn klo berdiri 1/2 jam bagi yg lansia tdk kuat.terimakasih,2,2024-05-18 21:58:07,sejak dbuka rute k tg perak mhn haltenyadbikin dkt indomaret klo dbikin atap tempat duduk krn klo diri jam yg lansia tdk kuatterimakasih
"Tidak ada menu tanya, kesulitan untuk pengguna luar kota",3,2024-05-07 14:01:03,ada menu tanya sulit guna luar kota
Update terosss sak ulan update peng suwidak jaran tp ga onok perubahan lebih baik,1,2024-05-07 00:53:49,update terosss sak ulan update peng suwidak jaran tp ga onok ubah lebih baik
"Overall bagus tapi tingkatkan fitur edit pada profile, karena saya tidak bisa mengedit email saya.",3,2024-05-06 09:26:28,overall bagus tingkat fitur edit profile bisa edit email saya
"Mohon diberi pemberitahuan pada aplikasi bis yang akan dipakai trayek pada hari itu. Hari ini ada kejadian, 30menit lebih menunggu hanya karena bis tidak jadi jalan, sebelum sebelumnya juga sempat di oper ke bos-bos yang lain jam 06.37 petugas dishub masih tidur .",2,2024-05-06 07:27:30,mohon beri pemberitahuan aplikasi bis akan pakai trayek hari hari ada jadi menit lebih tunggu karena bis jadi jalan belum sempat oper bosbos lain jam tugas dishub tidur
Saya sudah daftar. Waktu login saya sdh tulis nik sesuai dan passwordnya. Tetep ajah password tidak ditemukan. Lupa password email daftar sesuai waktu di klik email tidal ditemukan. Saya uninstall lagi tetep tidak bisa,1,2024-05-04 10:47:27,sudah daftar waktu login sdh tulis nik sesuai passwordnya tetep ajah password temu lupa password email daftar sesuai waktu klik email tidal temu uninstall tetep bisa
"Lebih suka versi sebelumnya, ada info tentang tempat wisata dan kuliner yang ada di Surabaya..",3,2024-04-29 23:51:10,lebih suka versi belum info tempat wisata kuliner ada surabaya
Kernet wirawirinya banyak yg tidak ramah,2,2024-04-29 12:12:58,kernet wirawirinya banyak yg ramah
"Kondekturnya gila, songong banget sok sokan sama customer gk senyum mencuret mulu kayak gk niat kerja",1,2024-04-28 17:55:44,kondektur gila songong banget sok sok sama customer gk senyum mencuret mulu kayak gk niat kerja
Sangat memudah masy,5,2024-04-27 08:54:54,sangat mudah masy
Tidak bs masuk..mengirim kode verifikasi tapi stlh buka email..nggk ada email masuk terkait kode dari apps gobis.,3,2024-04-25 16:30:16,bs masukmengirim kode verifikasi stlh buka emailnggk email masuk kait kode apps gob
"Udah download dan uninstall berkali kali kenapa ngga bisa ngelihat bus nya sampai mana, tidak bisa log-in, ada tulisan sambungan terputus setiap saya membuat rute..😭😭",1,2024-04-23 05:29:44,udah download uninstall kali kali ngga ngelihat bus nya mana bisa login tulis sambung putus saya buat rute
sangat bermanfaat,5,2024-04-20 07:26:59,sangat manfaat
Aplikasi sepertinya perlu perbaikan,4,2024-04-18 12:05:28,aplikasi seperti perlu baik
"Ketika pembayaran melalui aplikasi sering error, yg seharusnya kena biaya 5rb per orang di aplikasi muncul nominal yg harus di bayar Rp.5.250.000,00 .",1,2024-04-16 11:15:23,bayar lalu aplikasi sering error yg kena biaya rb per orang aplikasi muncul nominal yg di bayar rp
"Mung jik butuh diapiki maneh, cak lan NK ning. Wes tepak aplikasi iki gwe warga Surabaya.",3,2024-04-09 10:28:33,mung jik butuh apik maneh cak lan nk ning wes tepak aplikasi iki gwe warga surabaya
Aplikasinya bentar2 uda suruh update,3,2024-04-04 19:28:45,aplikasi bentar uda suruh update
"Koneksi terputus terus, padahal sinyal sangat bagus",1,2024-04-04 15:14:20,koneksi putus terus padahal sinyal sangat bagus
Aplikasinya semakin jelek. Kadang posisi bus tidak tersedia,2,2024-04-03 09:38:43,aplikasi makin jelek kadang posisi bus sedia
"Saya nunggu bus terakhir jam 9 malam kurang, tapi hanya di lewatin aja. tolong utk setiap ada halte di check lagi",1,2024-04-02 21:06:31,nunggu bus akhir jam malam kurang hanya lewatin aja utk ada halte check
"Masukan , semoga ada tambahan atau rute yang menuju ke perak pelabuhan SNQ dan pelabuhan kontainer",5,2024-03-31 12:29:19,masuk moga tambah rute tuju perak labuh snq labuh kontainer
Lokasi pengguna kok tidak ada?,2,2024-03-29 19:38:47,lokasi guna kok ada
"Tidak ada pusat bantuan, susah juga kalo pas lagi ada masalah dgn oknum butuh bantuan harus kmn? Tolong diperbaiki lagi sistemnya khusunya dijam operasi malam driver terlalu short cut rute bahkan tidak jarang penumpang udah nunggu di halte dilewatin aja",3,2024-03-28 21:10:06,ada pusat bantu susah kalo pas ada masalah dgn oknum butuh bantu kmn baik sistem khusunya jam operasi malam driver terlalu short cut rute bahkan jarang tumpang udah nunggu halte dilewatin aja
jalur di made sudah di hapus,3,2024-03-27 18:35:25,jalur made di hapus
Tambah lama tambah ruwet .. up date kok 2 hari sekali .. IT ne Sempel ..,1,2024-03-25 19:14:40,tambah lama tambah ruwet up date kok hari sekali it ne sempel
Bagaimana kalau lupa password nya? Sedangkan diakun tidak ada lupa password saat mau mengganti dengan password baru,4,2024-03-25 19:04:23,bagaimana kalau lupa password nya akun ada lupa password mau ganti password baru
Aplikasi gobis gak jelas update trus nyusahin pngguna,1,2024-03-25 17:30:14,aplikasi gob gak jelas update trus nyusahin pngguna
Menapa harus update terus sih padahal setelah di update gak ada perubahan. Tolong diperbaiki apknya min,3,2024-03-25 15:30:48,tapa update terus sih padahal di update gak ubah baik apknya min
Kok minta update terus aplikasinya???,1,2024-03-25 15:22:23,kok minta update terus aplikasi
Update kok terus seh,1,2024-03-23 14:18:48,update kok terus seh
Masa tiap hari harus update,4,2024-03-23 05:19:13,masa tiap hari update
)) lll) u5k,2,2024-03-22 20:29:32,lll uk
Tiap hari minta update parah,1,2024-03-22 16:27:52,tiap hari minta update parah
"Kenapa aplikasinya update terus, padahal baru 2 hari di upadate malah disuruh update lagi, tolong ya min update apk nya dikurangi minim 1 bulan sekali terus meski udah update kenapa jalur yang lidah wetan ga muncul bis nya",5,2024-03-21 11:59:10,aplikasi update terus padahal baru hari upadate malah suruh update tolong min update apk nya rang minim bulan sekali terus meski udah update jalur lidah wetan ga muncul bis nya
Mantap,5,2024-03-21 07:25:31,mantap
Aplikasi sesuai banget dengan posisi unitnya jadi kebantuu sekali untuk pengen menaiki unit gobis surabaya ini,5,2024-03-20 20:24:40,aplikasi sesuai banget posisi unit jadi kebantuu sekali ken naik unit gob surabaya
semakin ribet dg aplikasi ini,3,2024-03-20 16:23:36,makin ribet dg aplikasi
Saya suka sama aplikasi barunya,5,2024-03-19 20:23:53,suka sama aplikasi baru
aplikasi manfaat bangeet.. dan uda smakin update..,5,2024-03-14 08:26:21,aplikasi manfaat bangeet uda smakin update
Ga semua rute bisa dilihat di aplikasi kayaknya,3,2024-03-10 12:56:27,ga semua rute lihat aplikasi kayak
Suroboyo. bis. sangat cocok untuk di gunakan,5,2024-03-09 05:00:00,suroboyo bis sangat cocok di guna
Tidak ada rutenya ( tidak lengkap ) Sehingga penumpang/ pengguna layanan pusing carinya,1,2024-03-08 14:06:37,ada rute lengkap tumpang guna layan pusing cari
"Meskipun apps nya agak rada², tapi pelayanan di wirawiri oke bangetz 😍",5,2024-03-08 11:08:55,meski apps nya rada layan wirawiri oke bangetz
Baik,4,2024-03-08 03:51:11,baik
"App tidak ramah, semrawut bintang 1🙏",1,2024-03-05 12:08:44,app ramah semrawut bintang
"Tidak ada tracking bus nya dimana, hanya halte tempat pemberhentian",1,2024-03-01 17:41:40,ada tracking bus nya hanya halte tempat henti
"Lemot, gk bisa login tiba tiba",1,2024-02-29 18:25:40,lot gk login tiba tiba
GPS teman bus tidak ada. Saya harap dapat ditingkatkan,2,2024-02-25 07:47:12,gps teman bus ada harap tingkat
Pelayanan nya kurang baguss,1,2024-02-20 13:23:44,layan nya kurang baguss
Sangat membantu untuk backpacker yg khawatir ditipu calo.... Semoga bisa merata seluruh surabaya,5,2024-02-18 17:52:14,sangat bantu backpacker yg khawatir tipu calo moga rata seluruh surabaya
"Alhamdulillah selama ini setelah ada gobis, wira-wiri saya belum pernah mencoba,,, baru hari ini(hari minggu tgl 18 feb 2024) bener"" saya pingin menikmati berempat sama temen"" lansia,,,Masyaallah,,, bener"" nikmat banget, pelayanannya sangat bagus sekali, didalam mobil wira-wiri sangat nyaman, ber AC lagi,,jd sangat enak,turun lakasantri, pingin naik lagi ke joyo boyo, trus dilanjut lagi naik gobus ke JMP,,, wah ini bisa jd langganan kalo lagi pingin jln"" makasih untuk semuanya,,,👍👍👍",5,2024-02-18 12:30:05,alhamdulillah lama telah gob wirawiri belum pernah coba baru hari inihari minggu tgl feb bener pingin nikmat empat sama temen lansiamasyaallah bener nikmat banget layan sangat bagus sekali dalam mobil wirawiri sangat nyaman ber ac lagijd sangat enakturun lakasantri pingin naik joyo boyo trus lanjut naik gobus ke jmp wah bisa jd langgan kalo pingin jln makasih semua
"TIDAK MAU MENUNGGU BUS NYA, PADAHAL MAU NAIK",1,2024-02-18 07:54:59,mau tunggu bus nya padahal mau naik
"Tolong dibenerin untuk arah tow unesa, masa iya bus nya cuman 2 seng ngenteni sampe blawuken bus e ga budal2",1,2024-02-17 16:38:26,dibenerin arah tow unesa masa iya bus nya cuman seng ngenteni sampe blawuken bus e ga budal
Murah meriah,5,2024-02-10 10:00:23,murah riah
"Overall udah bagus sihhhh buat aplikasinya. Fitur fiturnya juga udah lengkap semuanya. Makasih buat developernya, joss. Mungkin terdapat hal yang perlu ditingkatkan lagi sama developernya. Yakni pada kurangnya tingkat keakuratan lokasi dimana user berdiri. Bayangkan saja apabila si user ini merupakan pendatang, yang tidak tahu mengenai lokasi di Surabaya. Mungkin si user bisa tersesat maupun salah relasional transum",5,2024-02-09 18:42:53,overall udah bagus sihhhh buat aplikasi fitur fiturnya udah lengkap semua makasih buat developer joss mungkin dapat perlu tingkat sama developer pada kurang tingkat akurat lokasi user diri bayang apabila si user rupa datang yang tidak tahu kena lokasi surabaya mungkin si user sesat maupun salah rasional transum
Ok naik surabaya bus dan feeder... Nyaman aman..,5,2024-02-09 14:03:19,naik surabaya bus feeder nyaman aman
Istimewa sekarang..... Ke depan semoga lebih lengkap jurusannya... Lebih nyaman kendarannya.... Aamiin.,5,2024-02-08 11:35:38,istimewa sekarang depan moga lebih lengkap jurus lebih nyaman kendarannya aamiin
Kenapa ya Teman bus tidak ada gpsnya,4,2024-02-03 08:45:09,ya teman bus ada gpsnya
Seharusnya di aplikasinya ada top up untuk bayar lebi simpel dari satu aplikasi,5,2024-01-30 11:08:59,di aplikasi top up bayar lebi simpel satu aplikasi
Ini dengan bagus,5,2024-01-27 11:53:32,dengan bagus
Sangat membantu,5,2024-01-24 14:02:48,sangat bantu
Kenapa g bisa login ke profil? Mau lihat poin sisa berapa g bisa mohon bantuannya,1,2024-01-23 14:14:24,g login profil mau lihat poin sisa berapa g mohon bantu
"Aplikasi sdh OKE, tapi sayang saya kumpulin botol susah, sdh terkumpul untuk 10 tiket. Ternyata ada masa expirednya hanya 7 hari saja. Huuuft capek",3,2024-01-23 11:35:11,aplikasi sdh oke sayang kumpulin botol susah sdh kumpul tiket nyata masa expirednya hari huuuft capek
Good,5,2024-01-23 09:51:50,good
"Nggak rekomen. Habis instal, di hp jadi keluar iklan terus tiap 5 menit. Udah coba uninstall, restart, bahkan sampe di pengaturan iklan hp tetep keluar iklan Sanggat mengganggu. Lagi telfon lagi vc tiba-tiba keluar iklaan",1,2024-01-22 13:55:58,rekomen habis instal hp jadi keluar iklan terus tiap menit udah coba uninstall restart bahkan sampe atur iklan hp tetep keluar iklan sanggat ganggu telfon vc tibatiba keluar iklaan
Memudahkan untuk naik kendaraan umum,5,2024-01-17 10:25:31,mudah naik kendara umum
"Banyak lag nya, posisi Feeder nya ga keliatan p",1,2024-01-13 15:33:12,banyak lag nya posisi feeder nya ga liat p
Kenapa baru diupdate malah hilang gambar bis atau wira wirinya...jd kesulitan ini mantau drmn sampainya mohon diperbaiki lgi aplikasinya,4,2024-01-10 15:58:20,baru diupdate malah hilang gambar bis wira wirinyajd sulit mantau drmn sampai mohon baik lgi aplikasi
Kurang detail karna GPS bus nya sekarang nda ada.harusnya tetap diadakan biar kita tahu jamnya kurang lebih nyampe halte jam brapa,3,2024-01-10 08:44:56,kurang detail karna gps bus nya sekarang nda adaharusnya tetap ada biar tahu jam kurang lebih nyampe halte jam brapa
Sangat membantu transportasi,5,2024-01-09 17:08:40,sangat bantu transportasi
"W,gCV yang di CCwa GCC",4,2024-01-09 13:47:48,wgcv di ccwa gcc
Bagus sangat membantu bagi pengguna yang disabilitas dalam menggunakan transportasi yang nyaman. Terimakasih kepada pemerintah semoga amanah,5,2024-01-08 05:32:46,bagus sangat bantu guna disabilitas guna transportasi nyaman terimakasih perintah moga amanah
Mantap.,5,2024-01-06 15:14:30,mantap
Aplikasi tidak bisa tracking teman bus,1,2024-01-03 21:18:36,aplikasi bisa tracking teman bus
aplikasinya simpel tapi kurang informatif seperti ada lokasi tujuan wisata tidak dicantumkan harus naik bus rute mana dan turun di halte mana. jadi agak bingung kalo mau ke lokasi tujuan.,4,2023-12-25 08:52:48,aplikasi simpel kurang informatif ada lokasi tuju wisata cantum naik bus rute mana turun halte mana jadi bingung kalo mau lokasi tuju
"hari ini naik feeder wira wiri nunggu berangkatnya lama banget di terminal.padahal uda penuh,tapi harus nunggu 30mnt buat berangkat.katanya belum waktunya berangkat.",2,2023-12-18 00:13:49,hari naik feeder wira wiri nunggu berangkat lama banget terminalpadahal uda penuhtapi nunggu mnt buat berangkatkatanya waktu berangkat
"Cara lapor sopir nakal gimana ya????? Saya ingin lapor salah satu sopir & kernet yang selalu saja kalau penumpang cuma 1 saja yg tunggu di halte dilewatin begitu aja, padahal sudah berdiri di hampir di tengah jalan lohhh & sudah melambaikan tangan kurang kelihatan apa coba????? Tolong ya kasih tahu saya cara lapor, saya beberapa kali mengalami kejadian yg sama, pd hal kita bayar, gk pernah ngomelin sopir jg kalau ngebutnya ngawurrrr, khusus tgl 13 des 2023 pukul 18.00 bis surabaya dgn kode SB 24",1,2023-12-13 18:06:38,cara lapor sopir nakal gimana lapor salah satu sopir kernet selalu kalau tumpang cuma yg tunggu halte dilewatin aja padahal diri hampir tengah jalan lohhh lambai tangan kurang lihat apa coba ya kasih tahu cara lapor saya beberapa kali alami jadi yg sama pd kita bayar gk pernah ngomelin sopir jg kalau ngebut ngawurrrr khusus tgl des pukul bis surabaya dgn kode sb
Ngotak lah kalo pindah halte Mojokerto beritahu mana harus naik ojek lagi dancok aplikasi kntl,2,2023-12-13 16:51:41,ngotak lah kalo pindah halte mojokerto beritahu mana naik ojek dancok aplikasi kntl
Poin penukaran botol saya kenapa tiba2 hilang? Saya harus bagaimana?,1,2023-12-12 21:13:34,poin tukar botol kenapa tiba hilang harus bagaimana
Kerennnnnnn....dan udh mulai beroperasi yg listrik...mgk d aplikasi bs d buat ivon yg neda antara yg listrik sm yg merah....trm ksh....smg kedepannya bs trs meningjatkan pelayanannya.,5,2023-12-11 19:23:44,kerennnnnnndan udh mulai operasi yg listrikmgk d aplikasi bs d buat ivon yg neda yg listrik sm yg merahtrm kshsmg depan bs trs meningjatkan layan
"UI/UX aplikasi tidak user friendly. Pas saya install dan mau cek posisi halte kenapa mapnya kosongan? Isinya bener bener hanya nama jalan, posisi bus dan halte. Kan saya jadi bingung..",2,2023-12-09 20:34:48,uiux aplikasi user friendly pas install mau cek posisi halte map kosong isi bener bener nama jalan posisi bus halte kan jadi bingung
Naik wira wiri apa tiap jam ada mobilnya.,5,2023-12-05 07:56:47,naik wira wiri apa tiap jam mobil
Good,5,2023-12-03 18:39:03,good
"Giliran bisa diunduh, eh gak bisa dibuka 😥",1,2023-12-02 05:09:06,gilir unduh eh gak buka
Olllolllllllllyy,5,2023-12-01 14:08:37,olllolllllllllyy
Fd 3 klo menunggu lama di atas jam setengah 7 malam,1,2023-11-30 19:42:32,fd klo tunggu lama atas jam tengah malam
Sekarang sudah bagus banget aplikasinya. Good job,5,2023-11-30 11:56:26,sekarang bagus banget aplikasi good job
Gobis pokoknya sempurna....,5,2023-11-29 18:55:28,gob pokok sempurna
kadang ada yg suka nge time katanya kecepeten.. nunggu waktu yg pas... eh pas jalan ngebut nguber waktu... dan ww03 agak ugal,1,2023-11-29 17:01:02,kadang yg suka nge time kata kecepeten nunggu waktu yg pas eh pas jalan ngebut nguber waktu ww ugal
Mantab,5,2023-11-29 12:37:49,mantab
Murah dan nyaman,4,2023-11-27 22:17:46,murah nyaman
Aman Nyaman Bersih Berkualitas,5,2023-11-27 19:54:59,aman nyaman bersih kualitas
"Bagus, cepat",5,2023-11-27 07:17:08,bagus cepat
Maaf aku sudah di lewati 3 feader saat di halte,1,2023-11-22 16:57:17,maaf aku di lewat feader di halte
Sangat menyenangkan kita bisa bersama dalam menjalankan kegiatan dengan berkelompok,5,2023-11-21 19:43:51,sangat senang bisa sama jalan giat kelompok
Mantap,5,2023-11-19 19:05:16,mantap
Lagi nyari rute benowo ke galaxy mall,5,2023-11-17 20:11:36,nyari rute benowo galaxy mall
Transportasinya aman dan nyaman banget deh. Selain dapat mengurangi polusi juga pas banget buat kalian yg ingin kemana2 tanpa harus capek berkendara. Ayo gunakan transportasi publik dan pastikan jangan lupa sing penting full senyum smuanya🤗,5,2023-11-16 19:11:54,transportasi aman nyaman banget deh dapat kurang polusi pas banget buat kalian yg mana harus capek kendara ayo guna transportasi publik pasti jangan lupa sing penting full senyum smuanya
Tolong di tambah lagi halte nya di daerah Kedung Klinter 1 dong masa mau naik jurusan Tunjungan - Benowo harus ke halte Kedungdoro atau Embong Malang dulu,3,2023-11-14 17:16:31,tambah halte nya di daerah kedung klinter dong masa mau naik jurus tunjung benowo ke halte kedungdoro embong malang dulu
Suka banget buat monitor perjalanan bus udah sampai mana.,5,2023-11-12 18:45:54,suka banget buat monitor jalan bus udah mana
"Peta gk akurat, saya d mana peta di apanya d mana, lumayan jauh loh 2km , aslinya kasih fitur langsung misal saya dr medayu ke untag, nah sistem langsung memberikan kita pakai apa dan transit di mana, dan estimasi kita jalan, transit, biaya itu berapa",1,2023-11-10 18:29:07,peta gk akurat d mana peta apa d mana lumayan jauh loh km asli kasih fitur langsung misal dr medayu untag nah sistem langsung beri pakai apa transit mana estimasi jalan transit biaya berapa
"Aplikasinya sering ngebug. Tbtb ga muncul bis sm sekali di hp saya cmn muncul jalur sm halte aja, tp hp lain muncul lengkap tuh.",4,2023-11-07 18:04:25,aplikasi sering ngebug tbtb ga muncul bis sm sekali hp cmn muncul jalur sm halte aja tp hp muncul lengkap tuh
Mohon ditambah pemberhentian di MASJID AGUNG AL AKBAR SURABAYA,4,2023-11-07 09:12:18,mohon tambah henti masjid agung al akbar surabaya
"Best layanan transportasi i have ever seen. Para karyawan ramah poll, jan mencerminkan wong jowo seng ramah tamah. Matur suwun sby bus & gobis, Kediri (rumah) ke Sby (kantor) full angkot sampe depan pintu. Terbaik",5,2023-11-05 09:10:48,best layan transportasi i have ever seen karyawan ramah poll jan cermin wong jowo seng ramah tamah matur suwun sby bus gob diri rumah sby kantor full angkot sampe depan pintu baik
"Kemarin pas mau pulang dari unesa ke wilangun, ditarif sama kernet perempuan suruh bayar 5000😤, padahal sudah aku kasih KTMS gak mau, maunya bentuk fisik, Padahal biasanya enggak. Ya tak maklumin juga sih soalnya baru naik ke 2x nya. Tapi pas itu aku bareng temen perempuan yang sering pulang katanya baru kali ini harus bentuk fisik😠.",2,2023-11-05 08:05:45,kemarin pas mau pulang unesa wilangun tarif sama kernet perempuan suruh bayar padahal aku kasih ktms gak mau mau bentuk fisik padahal biasa enggak tak maklumin sih soal baru naik x nya pas aku bareng temen perempuan sering pulang kata baru kali harus bentuk fisik
Aplikasi tidak dapat dibuka ini kenapa ya,2,2023-11-04 08:45:11,aplikasi dapat buka kenapa
Super,5,2023-11-01 12:41:25,super
"Gobis sangat cepat memberikan layanan informasi mengenai bus Suroboyo, Wira Wiri dll. Top pokok e",5,2023-10-30 08:46:01,gob sangat cepat beri layan informasi kena bus suroboyo wira wiri top pokok e
Sangat baik dan sangat membantu dalam merencanakan perjslan,5,2023-10-30 05:34:26,sangat baik sangat bantu rencana perjslan
Sangat terbantu dgn adanya go bis,5,2023-10-28 10:04:05,sangat bantu dgn ada go bis
Nyaman dan petugas sangat ramah,5,2023-10-28 08:46:35,nyaman tugas sangat ramah
Setelah diupdate versi baru kenapa Aplikasi GOBIS tidak bisa dibuka.,3,2023-10-26 09:20:53,diupdate versi baru aplikasi gob bisa buka
Bagus,5,2023-10-24 20:19:07,bagus
Alhamdulillah sangat memudahkan bagi para mahasiswa ketika pulang pergi kuliah,5,2023-10-22 19:15:10,alhamdulillah sangat mudah para mahasiswa pulang pergi kuliah
"Cukup membantu untuk mengetahui posisi bus, jadwal bus, dan okupansi bus.",4,2023-10-17 13:29:20,cukup bantu tahu posisi bus jadwal bus okupansi bus
"jujur ada senangnya ada kecewanya, tapi hari ini beneran kecewa berat siih, menunggu bis dari jam set6 pagi sampai jam set7 lewat padahal Bus ada di terminal. Padahal transposinya bagus. Mohon untuk Dishub diperbaiki lagi Terimakasih.",2,2023-10-13 06:33:51,jujur senang kecewa hari beneran kecewa berat siih tunggu bis jam set pagi jam set lewat padahal bus di terminal padahal transposinya bagus mohon dishub baik terimakasih
Tolong kalo bisa hire tim UI/UX jujur tampilannya jelek sekali. Seperti dibikin sekenanya. Bisa studi banding sama apps Jaklingo.,2,2023-10-04 18:20:06,kalo hire tim uiux jujur tampil jelek sekali bikin kena studi banding sama apps jaklingo
aplikasi kelar diupdate sering log out sendiri. balikin ke type lama sebelum update bisa apa ngga ya. maklum dipakai anak2 utk ke sekolah.,5,2023-10-02 23:25:57,aplikasi kelar diupdate sering log out sendiri balikin type lama update apa ngga maklum pakai anak utk sekolah
Aplikasi apa seh ini. Ga guna Wira wiri ga Isa diklik. Jadwal ga ada. Kudu ke google. Di google juga jadwalnya jadwal palsu. Bus ya gitu ga guna. Cuma Isa liat letaknya doang. Jadwal ga ada. Fungsinya ada aplikasi ini itu apa. mau kemana ajah ga ada ancernya. Cuma ngeliat lokasi doang. Sama ajah palsu. Salah ga ada notif di halte ini kapan Dateng. Wira wiri selanjutnya bisa dinaikin apa nggak. Aku nungguin sejam di halte bus. Ini malah Wira wiri ya ga lewat lagi. Minimal ada tulisan ga trima lg,1,2023-09-28 18:21:42,aplikasi apa seh ga wira wiri ga isa klik jadwal ga kudu google google jadwal jadwal palsu bus gitu ga cuma isa liat letak doang jadwal ga fungsi aplikasi itu apa mau ajah ga ancernya cuma ngeliat lokasi doang sama ajah palsu salah ga notif halte kapan dateng wira wiri lanjut dinaikin apa aku nungguin jam halte bus malah wira wiri ga lewat minimal tulis ga trima lg
Perbaikin dong gl bisa daftar member nihhh nge stak di foto terus nge bug,2,2023-09-25 11:53:26,perbaikin dong gl daftar member nihhh nge stak foto terus nge bug
"saranku sih, mungkin aplikasinya dikasih fitur kalau mau kemana kasih rute bis apa saja, soalnya jujur , bingung gimana caranya",4,2023-09-21 10:01:27,saran sih mungkin aplikasi kasih fitur kalau mau kasih rute bis apa soal jujur bingung gimana cara
Trimakasih Surabaya bis sayakerja kerja gak pernah terlambat dgn adanya surarabaya bus.makasih Suroboyo bis👃,5,2023-09-18 09:55:10,trimakasih surabaya bis sayakerja kerja gak pernah lambat dgn ada surarabaya busmakasih suroboyo bis
"Semoga selalu ditingkatkan aplikasinya, dan segera launching di AppStore",5,2023-09-16 01:19:47,moga selalu tingkat aplikasi segera launching appstore
"Alhamdulillah, merasa dimudahkan, nyaman, aman ketika mobilitas di surabaya",5,2023-09-15 14:26:53,alhamdulillah rasa mudah nyaman aman mobilitas surabaya
"Ada yg kurang, untuk kapasitas yang tertera pada unit kadang tidak sesuai. Terutama pada Wira wiri Mohon di perbaiki 🙏🙏 terimakasih",4,2023-09-13 07:06:23,yg kurang kapasitas tera unit kadang sesuai utama wira wiri mohon baik terimakasih
Haltenya terlalu jauh pak @dishubsurabaya,5,2023-09-10 19:36:45,halte terlalu jauh pak dishubsurabaya
"WW05 tidak ramah dalam berhenti distop mereka bilangnya berhenti dibawah halte padahal 2 feeder sebelumnya kelihatan dan bilang mohon maaf penuh, tapi feeder ww05 malah memarah marahi kami dan kami sudah berdiri 30 menit kepanasan. Apakah soprinya tidak kelihatan, mohon untuk SDM di didik agar ramah.",1,2023-09-10 11:36:42,ww ramah henti stop bilang henti bawah halte padahal feeder belum lihat bilang mohon maaf penuh feeder ww malah marah marah dan sudah diri menit panas soprinya lihat mohon sdm didik ramah
bagus,5,2023-09-01 17:58:52,bagus
"Sudah bagus, alangkah baiknya jika dalam aplikasi ditambahkan fitur informasi untuk pengguna yang akan menuju ke suatu lokasi tujuan harus naik transportasi umum apa saja. Jadi pengguna tinggal memasukkan titik awal dan lokasi tujuan sebagaimana yang ada di google maps, kemudian akan menampilkan rute bus/wirawiri apa saja yang melewati tujuan tersebut. Jadi pengguna tidak akan kebingungan untuk transit dan berpindah transportasi umum lain.",4,2023-08-30 13:47:32,bagus alangkah baik dalam aplikasi tambah fitur informasi guna tuju suatu lokasi tuju naik transportasi umum apa jadi guna tinggal masuk titik awal lokasi tuju bagaimana ada google maps kemudian akan tampil rute buswirawiri apa yang lewat tuju sebut jadi guna akan bingung transit pindah transportasi umum
"Aplikasi super, tapi sepertinya perlu update rute",5,2023-08-29 08:48:39,aplikasi super seperti perlu update rute
Mau download Wira Wiri gmn,5,2023-08-25 11:03:58,mau download wira wiri gmn
"Pg td anak saya berangkat sekolah dr terminal Bratang dg wira wiri FD07 minta diturunkan di genteng Krn sekolah di daerah sana, ktnya g ada, trus dinaikkan Wira Wiri lg dan diturunkan di Pandegiling 😥. Padahal mg kmrn ktk naik dr Bratang dg tujuan yg sama nyampe sekolah. Bingung dia. Knp berbeda rutenya?",3,2023-08-23 10:24:21,pg td anak berangkat sekolah dr terminal bratang dg wira wiri fd minta turun genteng krn sekolah daerah sana ktnya g trus naik wira wiri lg turun pandegiling padahal mg kmrn ktk naik dr bratang dg tuju yg sama nyampe sekolah bingung knp beda rute
"Saya sangat terbantu dengan adanya suroboyo bus ini, transportasi yang aman dan nyaman untuk berangkat / pulang kerja. Terima kasih suroboyo bus !",5,2023-08-22 17:06:54,sangat bantu ada suroboyo bus transportasi aman nyaman berangkat pulang kerja terima kasih suroboyo bus
Brguna bgt bagi pengguna transum di Sby,5,2023-08-22 13:38:35,brguna bgt guna transum sby
Yang saya suka di aplikasi ini adalah wirawiri dan trans jatim gabung jadi satu di aplikasi ini. Jadi saya gak perlu repot buat ngecek di aplikasinya trans jatim. Karena update 1.0.5.9 saya jadi gampang untuk melihat jadwal terbaru Suroboyo Bus/WiraWiri/Trans Jatim.,5,2023-08-20 17:29:32,suka aplikasi adalah wirawiri trans jatim gabung jadi satu aplikasi jadi gak perlu repot buat ngecek aplikasi trans jatim update saya jadi gampang lihat jadwal baru suroboyo buswirawiritrans jatim
"Mohon tambahkan armada Wirawiri rute Mayjend balai kota,karena saya menunggu agak lama",5,2023-08-12 17:41:47,mohon tambah armada wirawiri rute mayjend balai kotakarena tunggu lama
Bagus,5,2023-08-07 16:37:20,bagus
Lpl.,5,2023-08-03 16:07:20,lpl
Mantaap,5,2023-07-31 12:23:21,mantaap
"Bagus, tapi kenapa suroboyo bus koridor gununganyar - kenpark, unesa - laguna tidak bisa di tracking, jadi kita tidak bisa pantau update posisinya.",4,2023-07-31 10:11:20,bagus kenapa suroboyo bus koridor gununganyar kenpark unesa laguna tracking jadi tidak bisa pantau update posisi
Mau bertanya kenapa rute dari Kenjeran ke Wonokromo tidak ada di list ya?,3,2023-07-28 09:25:32,mau tanya rute kenjeran wonokromo ada list
"Sangat membantu sih,, tapi jalur ke kenjeran - gunung anyar kok gk da diaplikasi?? Tpi pernah liat bus arah situ?? Apa beda aplikasi bwt liat jalur bis itu?!",3,2023-07-26 06:42:42,sangat bantu sih jalur kenjeran gunung anyar kok gk da aplikasi tpi pernah liat bus arah situ apa beda aplikasi bwt liat jalur bis
"Jadwal keberangkatan bis kacau, contoh 26 Juli naik SB12 jadwal 6.10 dari bungur terlambat 6.16 baru berangkat, membuat perjalanan kerja terlambat datang ke kantor. Tapi kadang maju 6.05 sudah berangkat, jadi kita ikut bis selanjutnya 6.20. Kondisi bus nyaman, paling kerusakan pada hidrolik pintu susah tutup, jumlah kursi sedikit, tombol stop rusak, AC kalau siang panas",3,2023-07-26 06:17:44,jadwal berangkat bis kacau contoh juli naik sb jadwal bungur lambat baru berangkat buat jalan kerja lambat datang kantor kadang maju berangkat jadi ikut bis lanjut kondisi bus nyaman paling rusa hidrolik pintu susah tutup jumlah kursi sedikit tombol stop rusak ac kalau siang panas
Sangat berguna buat warga surabaya,5,2023-07-22 17:22:32,sangat guna buat warga surabaya
bagus dan bermanfaat,5,2023-07-20 06:43:25,bagus manfaat
G isa d buka d Vivo V5Lite,1,2023-07-18 22:07:08,g isa d buka d vivo vlite
"Tidak Update , Rute Unesa - ITS tidak muncul",1,2023-07-17 06:14:56,update rute unesa its muncul
"Semoga aplikasinya nanti dilengkapi dengan info halte terdekat dan pilihan tujuan.. jadi bisa sama atau lebih mudah penggunaannya dari apk ojol yaa.. Jujur saya masih kesulitan dgn apk ini, sayang kan klo bus2 yg bagus2 itu tdk dimanfaatkan optimal.. semoga sarannya bisa diterimaa 😊",2,2023-07-16 10:44:08,moga aplikasi lengkap info halte dekat pilih tuju jadi sama lebih mudah guna apk ojol yaa jujur masih sulit dgn apk sayang kan klo bus yg bagus tdk manfaat optimal moga saran diterimaa
"Alhamdulilah atas kepedu Cak Erik selaku Walikota Surabaya terhadap masyarakat Surabaya menyediakan angkutan umum dengan biaya terjangkau,kami sudah sering naik wirawiri dari Benowo ke Tunjungan ke Bungurasih, dan yang perlu saya informasikan ke Cak Erik untuk pemberhentian menurunkan/menaikan penumpang : Jaraknya terlalu jauh dan tidak ada tempat duduk,atap, kare na kalo musim hujan penum pang menunggu angkot wira wira kepanasan dan kehujan an.",5,2023-07-16 06:17:11,alhamdulilah atas kepedu cak erik selaku walikota surabaya masyarakat surabaya sedia angkut umum biaya terjangkaukami sering naik wirawiri benowo tunjung bungurasih yang perlu informasi cak erik henti menurunkanmenaikan tumpang jarak terlalu jauh tidak tempat dudukatap kare na kalo musim hujan tum pang tunggu angkot wira wira panas hujan an
Wes bener bener rute TIJ - TOW malah diganti UNESA - TOW Longor poll Poleh ga enak numpak wira wiri sumpek,1,2023-07-14 18:13:47,wes bener bener rute tij tow malah ganti unesa tow longor poll poleh ga enak numpak wira wiri sumpek
"I'M REALLY TO LOVE ""SUROBOYO BUS"", Because THE BEST",5,2023-07-12 20:47:30,im really to love suroboyo bus because the best
Siplah,3,2023-07-12 16:49:16,sip
Siip,5,2023-07-11 16:29:49,siip
Baik,5,2023-07-11 07:24:58,baik
Update nya di percepat tentang penambahan rute tow Unesa,3,2023-07-10 16:52:43,update nya cepat tambah rute tow unesa
aplikasinye Bagus sangat membantu ane yg dri Luar Surabaya ( Ane dari Jakarta ) dan baru pertama kali ke Surabaya & Saya salut drivernya semua juga ramah2 dan membantu memberihkan arahan jalan,5,2023-07-10 09:15:20,aplikasinye bagus sangat bantu ane yg dri luar surabaya ane jakarta baru pertama kali surabaya salut drivernya semua ramah bantu memberihkan arah jalan
Memuaskan dan Sangat membantu,5,2023-07-10 06:02:52,muas sangat bantu
Top scorer,5,2023-07-10 04:41:32,top scorer
Kook ii,2,2023-07-05 12:15:38,kook ii
"Nyaman, pegawenya ramah",5,2023-07-04 12:29:18,nyaman pegawenya ramah
Sangat membantu top surabaya,5,2023-07-03 12:20:03,sangat bantu top surabaya
"aplikasi ga jelas, manfaatnya dimana?",1,2023-07-02 13:32:52,aplikasi ga jelas manfaat
Bisa melihat dri mna bis tayo suroboyo,5,2023-06-30 18:38:17,lihat dri mna bis tayo suroboyo
"Tampilan aplikasinya mohon diperbaiki,,biar lebih fresh dan mudah buat penggunanya",2,2023-06-20 22:40:30,tampil aplikasi mohon diperbaikibiar lebih fresh mudah buat guna
"Aplikasi angkutan umum terbaik, sangat membantu dalam memenuhi kebutuhan warga Surabaya dan sekitarnya.",5,2023-06-20 12:54:58,aplikasi angkut umum baik sangat bantu penuh butuh warga surabaya sekitar
"Jadwal tidak sesuai, bus tidak berhenti di halte langsung lewat begitu saja",1,2023-06-18 18:57:31,jadwal sesuai bus henti halte langsung lewat saja
Top,5,2023-06-12 07:19:49,top
"Bagus sih, tapi ya sering dapet supirnya galak, kapan hari naik bus dapet supir rada galak, ngomongnya ngegas. Harusnya yg gak tau di kasih tau dengan baik, bukannya malah ngegas!! Mohon ditindak lagi lah",3,2023-06-08 21:07:11,bagus sih ya sering dapet supirnya galak kapan hari naik bus dapet supir rada galak ngomongnya ngegas harus yg gak tau kasih tau baik bukan malah ngegas mohon tindak lah
"AC kurang dingin mengingat bnyk penumpang, mohon di perhatikan ntk kenyamanan para penumpang",3,2023-06-07 10:25:37,ac kurang dingin ingat bnyk tumpang mohon perhati ntk nyaman tumpang
Bagus,5,2023-06-05 11:37:54,bagus
Untuk Rute wira wiri rute terlalu dekat jadi kalau mau ke kecamatan lain harus oper dan jalan agak jauh untuk ke rute selanjutnya,4,2023-06-01 09:45:54,rute wira wiri rute terlalu dekat jadi kalau mau camat harus oper jalan jauh ke rute lanjut
Sekarang gak ada rute merr,1,2023-05-29 09:53:33,sekarang gak rute merr
knp d hp saya setelah terinstal kok g bisa d buka aplikasinya,1,2023-05-29 04:24:04,knp d hp telah terinstal kok g d buka aplikasi
"Tidak bs ditracking suroboyo bus nya..loading terus min..mungkin bs 
diperbaiki ya",5,2023-05-28 13:58:36,bs ditracking suroboyo bus nyaloading terus minmungkin bs baik
Tidak seperti awal peluncuran. Sekarang AC Bus tidak dingin dan berasa sauna. Dan usul jam layanan diperpanjang sampe jam 22.00 malam. Dikarenakan pekerja dipusat perbelanjaan baru tutup jam 22.00 malam. Kemudian diapp antarmuka ditambahi menu jadwal keberangkatan,1,2023-05-27 09:07:25,seperti awal luncur sekarang ac bus dingin asa sauna usul jam layan panjang sampe jam malam karena kerja pusat belanja baru tutup jam malam kemudian diapp antarmuka tambah menu jadwal berangkat
tolong pengumuman yang muncul terus menerus dilayar menerus sangat membosankan,3,2023-05-26 08:55:44,umum muncul terus terus layar terus sangat bosan
Setelah berpuluh taun gak pernah naik fasum akhirnya nyobain karena kepo banget hahahaaha enak adeemmm nyaman cuma g nyamanya dr penumpang lain aja yg terlalu berisik berasa naik kendaraan pribadi ☺☺☺,5,2023-05-26 07:06:02,puluh taun gak pernah naik fasum akhir nyobain kepo banget hahahaaha enak adeemmm nyaman cuma g nyamanya dr tumpang aja yg terlalu berisik asa naik kendara pribadi
"3x pengalaman aku naik ini di terminal bungurasih, tgl 26 2023 pkl.06:15.wib saya lari2 dan mau masuk ke bis tapi langsung di tutup, padahal kursi masih ada yang kosong, giliran penumpang cewek langsung di buka in pintu... mohon maaf ini bus khusus cewek apa untuk semua gender???",1,2023-05-26 06:32:04,x alam aku naik terminal bungurasih tgl pklwib lari mau masuk bis langsung tutup padahal kursi ada kosong gilir tumpang cewek langsung di buka in pintu mohon maaf bus khusus cewek apa semua gender
Top bus,5,2023-05-25 11:58:06,top bus
Suroboyoku bersih dan hijau,5,2023-05-22 19:18:29,suroboyoku bersih hijau
Saya merasa sangat terbantu dng adanya suroboyo bus dan semanggi suroboyo saya bisa menggunakan transpotasi ini dengan aman dan nyaman Terima kasih atas jasanya!!!!!,5,2023-05-18 14:03:40,rasa sangat bantu dng ada suroboyo bus semanggi suroboyo bisa guna transpotasi dengan aman nyaman terima kasih atas jasa
Saya dari bonbin ke bungurasih gratis tis tiiiss... Karena lansia ... Maturnuwun Gobis,5,2023-05-16 18:22:33,dari bonbin bungurasih gratis tis tiiiss lansia maturnuwun gob
"Klau dihalte RSI selalu dilewati sama ww nya, pdhl mau habis pulang sekolah mau naik tp selalu kelewatan, pdhl sdh ditunggu didepan stop bus",3,2023-05-15 12:03:54,klau halte rsi selalu lewat sama ww nya pdhl mau habis pulang sekolah mau naik tp selalu lewat pdhl sdh tunggu depan stop bus
Nyaman,5,2023-05-14 01:02:41,nyaman
Memudahkan kami beractivitas serta menghemat waktu,5,2023-05-13 07:42:28,mudah beractivitas hemat waktu
Memperlancar moda transportasi di surabaya,4,2023-05-11 12:05:03,lancar moda transportasi surabaya
Aplikasi sangat membantu untuk pemantauan posisi feeder untuk saya yang sering menggunakannya,5,2023-05-07 23:34:31,aplikasi sangat bantu pantau posisi feeder saya sering guna
Waw,5,2023-05-04 13:35:08,waw
Aplikasi menguntungkan bagi pengguna suroboyo biss,4,2023-05-04 12:54:27,aplikasi untung guna suroboyo biss
Untuk yg lewat sekolah SMK to SMK kurang,4,2023-05-01 20:32:10,yg lewat sekolah smk to smk kurang
"Daftar member, nunggu kode OTP lewat email tp gk masuk2 alhasil membernya tidak diintefikasi ... Ini gimana aplikasinya?? Tolong dipermudah dong",4,2023-05-01 18:05:21,daftar member nunggu kode otp lewat email tp gk masuk alhasil membernya diintefikasi gimana aplikasi mudah dong
"Great app,good job",5,2023-04-30 14:48:33,great appgood job
Tertata rapi beda dengan bus dahulu kala,5,2023-04-29 14:12:18,tata rapi beda bus kala
sangat membantu sekali...👍,5,2023-04-29 11:07:55,sangat bantu sekali
Seharusnya di setiap diskripsi tentang tempat disertakan alat transportasi untuk menuju ke tempat tersebut...,2,2023-04-29 10:12:04,di skripsi tempat serta alat transportasi tuju tempat sebut
Tidak ada rute dari Kenjeran/kenpark,2,2023-04-27 12:18:59,ada rute kenjerankenpark
Sangat bermanfaat bagi masyarakat yang kesehariannya naik transportasi umum.,4,2023-04-23 04:56:57,sangat manfaat masyarakat hari naik transportasi umum
Gobis sangat membantu masyarakat,5,2023-04-20 17:12:10,gob sangat bantu masyarakat
Mantap nyaman dan aman,5,2023-04-16 19:20:17,mantap nyaman aman
"Habis diperbarui malah gak lengkap fiturnya, aneh ini",1,2023-04-16 15:26:46,habis baru malah gak lengkap fiturnya aneh
Sangat nyaman dan membantu,5,2023-04-15 13:58:56,sangat nyaman bantu
"Aplikasi bagus, cuma saran saja koridornya lebih dilengkapi lagi, lalu destinasi juga perlu diberi info kendaraan umum apa yang bisa dinaiki, dan utk destinasi yang sudah tutup seperti THR bisa dihapus saja dari menu aplikasi 👍",1,2023-04-14 11:52:27,aplikasi bagus cuma saran koridor lebih lengkap lalu destinasi perlu beri info kendara umum apa naik utk destinasi sudah tutup thr bisa hapus dari menu aplikasi
"Parah sih Wirawiri Suroboyo dengan nomor WW01, barusan ditinggal udah dikasih tanda stop udah nunggu dihalte tandes dari tadi malah gk berhenti malah langsung ditinggal padahal masih kosong didalam parah parah sumpah",1,2023-04-02 17:37:53,parah sih wirawiri suroboyo nomor ww barusan tinggal udah kasih tanda stop udah nunggu halte tandes tadi malah gk henti malah langsung tinggal padahal kosong dalam parah parah sumpah
Ini apk buat penipuan bro dengan modus baru Mana ada GoBiz Suroboyo Bus,1,2023-04-02 06:02:33,apk buat tipu bro modus baru mana gobiz suroboyo bus
makin hari makin Goodd beda kaya operator bus semangka,5,2023-04-01 17:36:23,makin hari makin goodd beda kaya operator bus semangka
"Ada penumpang di halte malah lanjut terus ga berhenti, niat apa ngga?",1,2023-03-31 10:01:26,tumpang halte malah lanjut terus ga henti niat apa ngga
Sangat membantu orang yg TDK punya kendaraan,5,2023-03-30 15:24:02,sangat bantu orang yg tdk punya kendara
Lemot,1,2023-03-27 13:06:03,lot
"Aplikasi bagus, mungkin saran untuk lebih baik dalam memberikan informasi dan pelayanan sperti: - aplikasi bisa mendeteksi halte terdekat - ada fitur peta/rute/jaringan tranportasi umum di kota sby - ada fitur/ peta halte yg di lalui bus dg format gambar, fitur rekomendasi tranportasi umum ke tempat wisata, ada rute ke tempat2 wisata. jadi lebih mudh membaca informasinya. Semoga segera integrasi, dg stasiun dan jalur tranportasi umum lainnya.",3,2023-03-26 08:48:48,aplikasi bagus mungkin saran lebih baik beri informasi layan sperti aplikasi deteksi halte dekat fitur petarutejaringan tranportasi umum kota sby fitur peta halte yg lalu bus dg format gambar fitur rekomendasi tranportasi umum tempat wisata rute tempat wisata jadi lebih mudh baca informasi moga segera integrasi dg stasiun jalur tranportasi umum lain
Mau menanyakan apakah aplikasi gobis tidak tersedia untuk ios? Karena anak saya kesulitas jika tidak ada aplikasi gobis. Bagaimana ya?? Dulu di ios ada kok sekarang tidak ada?. Mohon perhatiannya. Terima kasih.,2,2023-03-23 06:36:54,mau tanya aplikasi gob sedia ios anak kesulitas aplikasi gob bagaimana dulu ios kok sekarang tidak ada mohon perhati terima kasih
Hrs terus berbenah.. smoga tdk sekadar pencitraan diawal bersemangat nmun selanjutnya terlupakan...,2,2023-03-22 13:23:48,hrs terus benah smoga tdk sekadar citra awal semangat nmun lanjut lupa
Rute bus unessa-its mana kok hilang? bus masih beroperasi tapi kok rute menghilang. Kalo ada saran dan kritik mohon di follow up dong,1,2023-03-20 10:26:30,rute bus unessaits mana kok hilang bus operasi kok rute hilang kalo saran kritik mohon follow up dong
Bagus,5,2023-03-19 14:12:10,bagus
Jadwal di google tidak sama dengan kedatangan bisnya harus di tingkatkan ini SDM nya Jangan pada bercanda padahal bus dan jalan Surabaya sudah paling mantap luas dan tanpa macet .. Kecewa banget udah lari2 ngejar waktu pas datang ke halte ternyata ga ada bis nya ampun dah jadwal kacau ga jelas Suroboyo bis ini..,2,2023-03-17 18:42:15,jadwal google sama datang bis di tingkat sdm nya jangan canda padahal bus jalan surabaya paling mantap luas tanpa macet kecewa banget udah lari ngejar waktu pas datang halte nyata ga bis nya ampun dah jadwal kacau ga jelas suroboyo bis
Sebaiknya diberi informasi terkait halte,4,2023-03-16 18:04:47,baik beri informasi kait halte
Sangat keren dan modern dan murah,5,2023-03-16 15:25:29,sangat keren modern murah
"ratingMU tidak bisa dibohongi bozzz...apk kurang canggih,akomodasi transportasi juga masih banyak kekuragannya",1,2023-03-15 23:23:45,ratingmu bisa bohong bozzzapk kurang canggihakomodasi transportasi masih banyak kekuragannya
Letak nan lokasi lebih akurat lagi,3,2023-03-15 17:14:38,letak nan lokasi lebih akurat
Penasaran,5,2023-03-12 19:26:35,penasaran
Thanks you very much,5,2023-03-12 00:21:39,thanks you very much
Membantu mengetahui posisi Suroboyo bus dan wirawiri Suroboyo feeder,5,2023-03-11 17:11:42,bantu tahu posisi suroboyo bus wirawiri suroboyo feeder
Dicoba dulu..,4,2023-03-10 21:35:04,coba dulu
untuk bus wara wiri mohon di kasih gos tracking stiap armada donk... biar tau lokasi nya ada dimana biar memudahkan mau naik bisa cek lokasi sampek mana busnya,4,2023-03-10 10:16:33,bus wara wiri mohon kasih gos tracking stiap armada donk biar tau lokasi nya mana biar mudah mau naik cek lokasi sampek mana bus
Saya beri bintang 1 dulu karna untuk daftar jd member aja masih ada bug waktu mau ngambil foto dr galeri. Mungkin bisa dibenahi dulu,1,2023-03-10 05:01:21,beri bintang dulu karna daftar jd member aja ada bug waktu mau ngambil foto dr galeri mungkin benah dulu
Aplikasiku kok g iso d buka yo? Opoo iki min? Pdhal wes tk update,2,2023-03-09 06:39:47,aplikasi kok g iso d buka yo opoo iki min pdhal wes tk update
Saya sudah daftar tinggal masukan kode otp tapi tidak ada info masuk di gmail ? Jadi gk bisa log in karena belum aktif ? Mungkin ada yang samaan kyk gini ? Mohon bantu. Terimakasih,3,2023-03-06 21:16:00,sudah daftar tinggal masuk kode otp tidak info masuk gmail jadi gk log in belum aktif mungkin yang sama kyk gin mohon bantu terimakasih
Saran sebelum bus berangkat dari Bungurasih petugas nya dari pada ngobrol langsung ke penumpang saja scan pembayaran . Bus sudah jalan sampai a yani penumpang di belakang belum di scan padahal turun di Cito .. jangan lelet harus sat set . Sampah botol kecil bungkus permen sudah banyak di bawah kursi . Sudah mulai kumuh .,1,2023-02-14 11:49:27,saran bus berangkat bungurasih tugas nya pada ngobrol langsung tumpang scan bayar bus jalan a yani tumpang belakang scan padahal turun cito jangan lelet sat set sampah botol kecil bungkus permen banyak di bawah kursi mulai kumuh
Kenapa kok lemot gini ya aplikasi y,3,2023-02-03 16:05:56,kok lot gin aplikasi y
Semoga real time dan memperbaiki bug,4,2023-01-29 15:22:54,moga real time baik bug
Tidak bisa dibuka di hape Samsung galaxy a7 2018 posisi di android 10,1,2023-01-26 15:44:49,bisa buka hape samsung galaxy a posisi android
Aplikasinya di buka susah... Tak uninstal deh,2,2023-01-26 08:44:35,aplikasi buka susah tak uninstal deh
"Tambahkan akses top up uang elektronik pada kartu member di aplikasi ini. Contoh shope* pay ato g*pay yg punya pembayaran melalui laman nya sendiri.. Pada menu rute bus, ketika kita ketuk ikon bus nya, munculkan jenis chassis nya contoh SBT01 Mercy OC500RF.",5,2023-01-26 07:13:44,tambah akses top up uang elektronik kartu member aplikasi contoh shope pay ato gpay yg punya bayar lalu laman nya sendiri menu rute bus kita ketuk ikon bus nya muncul jenis chassis nya contoh sbt mercy ocrf
"tiba tiba pagi hari aplikasi Gobis Surabaya tidak bisa dipakai tulisannya ""gagal dimulai harap di hapus'",1,2023-01-26 06:37:30,tiba tiba pagi hari aplikasi gob surabaya bisa pakai tulis gagal mulai harap hapus
Driver bus nya kurang ramah,1,2023-01-23 14:15:24,driver bus nya kurang ramah
Kenapa Rute Merr ke Ken park tidak di jalan kan lagi sejak awal akhir Desember 2022 Hingga Saat ulasan ini saya tulis. apakah ada masalah dengan management Pemkot Surabaya atau pihak penyelenggara transportasi???,1,2023-01-21 06:08:21,rute merr ken park di jalan kan sejak awal akhir desember hingga ulas saya tulis ada masalah management pemkot surabaya pihak selenggara transportasi
"Saran aja ya di aplikasi kan ada pilihan tempat wisatanya, nah itu sebenernya sekalian dicantumkan nama halte buat pemberhentiannya, jadi kita gaperlu bingung² cari halte buat pemberhentiannya. Terima kasih",5,2023-01-06 17:53:41,saran aja di aplikasi kan pilih tempat wisata nah sebenernya sekali cantum nama halte buat henti jadi gaperlu bingung cari halte buat henti terima kasih
Oke,5,2023-01-03 11:30:41,oke
Memudahkan perjalanan saya.... Surabaya memang jos,5,2023-01-01 10:09:39,mudah jalan surabaya memang jos
"Tambah mahal, ngepul botol bwt jadi poin, eh skrg kebijakan poin expired per bulannya",1,2022-12-30 15:19:15,tambah mahal ngepul botol bwt jadi poin eh skrg bijak poin expired per bulan
"Saran aja ya Pakai Teman bus aja atau gojek/Grab biar enak. Pakai Gobis bus Surabaya ribet nya minta ampun, 1. Hattle Stop bus nya cuma tanda kecil , 2. Lokasi Hattle sama lokasi stop bus nya sangat Meleceng jauh dari map nya. Intinya nih bus buat di naikin sangat susah 👎🏻",1,2022-12-21 09:54:22,saran aja pakai teman bus aja gojekgrab biar enak pakai gob bus surabaya ribet nya minta ampun hattle stop bus nya cuma tanda kecil lokasi hattle sama lokasi stop bus nya sangat meleceng jauh map nya inti nih bus buat naikin sangat susah
Sangat membantu,5,2022-12-17 21:53:09,sangat bantu
"Saya pelancong ke Surabaya. Download aplikasi ini saya berharap bis aplikasi ini membantu saya menemukan rute bus mana yg saya harus naiki ke titik tujuan yang ingin saya tuju. Ternyata tidak, aplikasi ini cuma menunjukkan rute yang dilalui bus mereka. Itu juga berdasarkan koridor. Sayakan pendatang ya, mana saya tau koridor. Coba aplikasi nya di upgrade lagi, di berikan info halte mana yang terdekat dengan saya. Berapa kali saya transit atau berganti bus untuk mencapai tujuan saya.",1,2022-12-13 12:42:10,lancong surabaya download aplikasi harap bis aplikasi bantu temu rute bus mana yg harus naik titik tuju ingin tuju nyata aplikasi cuma tunjuk rute lalu bus itu dasar koridor saya datang mana tau koridor coba aplikasi nya upgrade di ikan info halte mana dekat berapa kali saya transit ganti bus capai tuju saya
"kenapa untuk yg rute UNESA - ITS ngga bisa kliatan posisi update busnya yg mau lewat? jadi kan membuang waktu untuk menunggu krn tdk pasti tau bus yg mau lewat sdh sampai dmana:( nunggu lama , mau brngkat kerja juga..semoga dibaca dan bisa dievaluasi lgi masukannya:(",1,2022-11-30 11:40:01,yg rute unesa its ngga kliatan posisi update bus yg mau lewat jadi kan buang waktu untuk tunggu krn tdk tau bus yg mau lewat sdh dmana nunggu lama mau brngkat kerja jugasemoga baca bisa evaluasi lgi masuk
Siiippp sangat2 membantu mantap,5,2022-11-18 20:29:37,siiippp sangat bantu mantap
"Kalau bisa kasih pemberitahuan/notifikasi di HP, tidak hanya di aplikasi ini, tapi juga di notifnya jika bis suroboyo tidak beroperasi karena ada demo,dsb. Saya sebagai penumpang bis rute ke purabaya merasa kecewa karena bis ini selalu saya tumpangi tiap hari. Mohon pengertian untuk kami🙏🙏",2,2022-11-17 17:24:45,kalau kasih pemberitahuannotifikasi hp hanya aplikasi tapi di notifnya bis suroboyo operasi ada demodsb bagai tumpang bis rute purabaya rasa kecewa bis selalu tumpang tiap hari mohon erti kami
"Saya naik bus Surabaya Krn buru"" gak ada QR kode .. sampai tengah jln saya diturunin.. hrusnya org Bru"" diberi pertolongan sprti : Mungkin kryawan bus Surabaya yg ada disana punya, bisa dibantuin.. Ato gimana, Padahal sya ngmong: mbk sebentar ya, ini saya mau tlp suami untuk TF in ,, pokoknya sbelum saya sampai sya bayar, toh perjlnan saya juga masih jauh, dari rajawali ke Bungurasih. Tlong ya diperbaiki lgi msalah nurunin org SE enak.nya. Pada tgl 17-11-22 saya naik kurang lbh pada pukul 07.50",1,2022-11-17 08:14:21,naik bus surabaya krn buru gak qr kode tengah jln diturunin hrusnya org bru beri tolong sprti mungkin kryawan bus surabaya yg sana punya dibantuin ato gimana padahal sya ngmong mbk sebentar ini mau tlp suami tf in pokok sbelum sampai sya bayar perjlnan juga jauh rajawali bungurasih tlong baik lgi msalah nurunin org se enak tgl naik kurang lbh pukul
Very good,5,2022-11-11 10:55:54,very good
Pelayanan nya di masyarakat Bagus Hanya aplikasinya kadang kelihatan kadang tidak,5,2022-11-08 18:22:36,layan nya masyarakat bagus aplikasi kadang lihat kadang
Belum up to date / pembaharuan informasi,1,2022-11-08 04:19:18,up to date baharu informasi
Aplikasi yang sangat membantu... Akan tetapi sebulan terakhir rute UNESA - ITS tidak muncul posisi busnya dan beberapa halte hilang dari peta aplikasi. Selain itu juga peta sebenernya sudah gak update karena ada perpanjangan rute dari yang ada sekarang. Semoga segera diperbaiki. Sekarang rute tersebut juga sudah berbayar mohon ditingkatkan pelayanan nya. Selain itu juga berharap ditambah jam operasional nya setidaknya jam 05:00 - 23:00,5,2022-11-07 09:40:29,aplikasi sangat bantu tetapi bulan akhir rute unesa its muncul posisi bus beberapa halte hilang peta aplikasi itu peta sebenernya gak update panjang rute yang ada sekarang moga segera baik sekarang rute sebut sudah bayar mohon tingkat layan nya itu harap tambah jam operasional nya jam
"Aplikasi kurang membantu, jam daerah unesa its gak jelas",1,2022-11-06 21:18:01,aplikasi kurang bantu jam daerah unesa its gak jelas
"Mohon di perpanjang untuk jalur SB dari Kenjeran ke Gunung anyar menjadi dari Kenjeran ke Bandara Juanda. Ini akan baik agar pergerakan manusia bisa meninggalkan kendaraan pribadi. Ini juga akan sangat membantu pergerakan orang dari dan ke bandara Juanda yang selama ini hanya dikuasai taxi mahal dan bis tidak murah. Perpanjangan rute ini pun sangat membantu masyarakat di kantung pemukiman dan kantung industri yang ada di Pondok Chandra, Wadung Asri, Tambak sawah, Tropodo dan Pabean.",5,2022-10-26 06:37:53,mohon panjang jalur sb kenjeran gunung anyar jadi kenjeran bandara juanda baik gera manusia tinggal kendara pribadi juga akan sangat bantu gera orang bandara juanda lama hanya asai taxi mahal bis murah panjang rute pun sangat bantu masyarakat kantung mukim kantung industri ada pondok chandra wadung asri tambak sawah tropodo dan pabean
"Bus suroboyo udah bagus cuma yang lewat jalan arjuno tidak ada, semoga segera ditambahkan soalnya banyak penumpang Bus arah bungurasih yang ada di bawah fly over pasar kembang",2,2022-10-21 22:36:56,bus suroboyo udah bagus cuma lewat jalan arjuno ada moga segera tambah soal banyak tumpang bus arah bungurasih ada bawah fly over pasar kembang
"Tolong ditambah lagi halte yang dari arah terminal joyoboyo ke osowilangun karena saya tiap hari turun di halte margomulyo dan jalan sangat jauh ke arah tikungan greges,,ditambah juga halte supaya kelihatan dan terang,jangan hanya tempelan stiker dan plakat saja,dimana dana pemerintah, jika lokasi tidak ada lampu stiker tidak akan terlihat dan penumpang juga kesusahan mencari halte,untuk selebihnya cukup bagus dan nyaman hanya perlu ditambahkan halte rute margomulyo minim ada 3halte.",3,2022-10-20 15:25:28,tambah halte dari arah terminal joyoboyo osowilangun saya tiap hari turun halte margomulyo jalan sangat jauh arah tikung gregesditambah halte lihat terangjangan tempel stiker plakat sajadimana dana perintah lokasi lampu stiker akan lihat tumpang susah cari halteuntuk lebih cukup bagus nyaman perlu tambah halte rute margomulyo minim ada halte
Harusnya bus surabaya dan teman bus bisa bersatu supaya merata untuk rute seluruh surabaya. Aplikasi nya juga kurang update dan akurat.. Bisa di tambahkan pembelian tiket online di aplikasi,1,2022-10-17 21:09:56,harus bus surabaya teman bus satu rata rute seluruh surabaya aplikasi nya kurang update akurat tambah beli tiket online di aplikasi
ini kenapa ya saya mau daftar member tapi setelah memilih foto malah kembali ke awal.. gitu terus saya coba,1,2022-10-01 17:28:21,kenapa mau daftar member telah pilih foto malah ke awal gitu terus saya coba
"Tolong yg rute merr tambah in lagi armada nya, masa cuma 2 bus yg beroprasi... Kasian yg mau berangkat kerja, masa harus nunggu sampai 1 jam an semenjak di perpanjang rute TIJ - yono soewojo",3,2022-09-27 13:05:29,yg rute merr tambah in armada nya masa cuma bus yg beroprasi kasi yg mau berangkat kerja masa nunggu jam an semenjak panjang rute tij yono soewojo
"Ingin Aplikasi ini dapat berintregasi ber multifungsi selain informasi jalur jalur dapat digunakan lainnya juga, terimakasih",5,2022-09-25 08:18:39,aplikasi berintregasi ber multifungsi informasi jalur jalur dapat guna lain terimakasih
"Aplikasi yang sangat membantu dari DISHUB KOTA SBY, di tambah ad informasi cuaca di setiap halte sehingga membantu pengguna untuk bepergian.",5,2022-09-13 17:01:47,aplikasi sangat bantu dishub kota sby tambah ad informasi cuaca tiap halte bantu guna pergi
Lebih bersih,5,2022-09-11 21:19:24,lebih bersih
PENGEMUDINYA SANGAT SANGAT SANGAT RAMAH SEKALI 🥰🥰🥰🥰🥰🥰🥰🥰 ❤❤❤❤❤❤❤❤,5,2022-09-02 08:48:12,mud sangat sangat sangat ramah sekali
Rutenya tolong diupdate yang unesa- ITS ga sesuai aplikasi,5,2022-08-28 12:35:32,rute diupdate unesa its ga sesuai aplikasi
Mantab poll,5,2022-08-26 13:21:46,mantab poll
"Dari dlu saya suka naik bis ini, tp knp koq akhir2 ini tdk ada siaran klo sdh smpek mn, krn saya mau turun di marmoyo mestiiii kebablasen purabaya... Krn saya mau ke joyoboyo oper bis wiyung.. Helper nya jg gk pernh omg sdh nympek halte apa..",2,2022-08-26 04:32:02,dlu suka naik bis tp knp koq akhir tdk siar klo sdh smpek mn krn mau turun marmoyo mestiiii kebablasen purabaya krn mau joyoboyo oper bis wiyung helper nya jg gk pernh omg sdh nympek halte apa
"Sangat membantu, tapi masih ada kekurangannya, karena masih belom bisa bayar Pakai kartu E-TOLL / kartu E-Money, di tingkat lagi ya, sekian terima kasih🙏🏻",5,2022-08-07 00:18:04,sangat bantu masih kurang masih bom bayar pakai kartu etoll kartu emoney tingkat ya sekian terima kasih
"Info terbaru pembayaran pake apa, kalo botol uda ga bisa, mkstnya apa bisa pake dana gopay apa gmn",4,2022-08-04 16:01:20,info baru bayar pake apa kalo botol uda ga mkstnya apa pake dana gopay apa gmn
kasih bintang 5 dulu kalo pelayanannya buruk baru kasih bintang 1,5,2022-08-03 11:09:52,kasih bintang dulu kalo layan buruk baru kasih bintang
super app. thanks.,5,2022-08-01 06:05:55,super app thanks
"foto profil tidak bisa diganti, lewat menu ubah profil jg tidak bisa, mohon bisa diperbaiki",4,2022-07-19 07:21:29,foto profil ganti lewat menu ubah profil jg bisa mohon bisa baik
"susah jadi rakyat kecil, ingin naik bis ini demi menyenangkan anak, tapi gak bisa. gara2 gak bisa hp-an, apalagi pake aplikasi",1,2022-07-15 15:10:46,susah jadi rakyat kecil naik bis demi senang anak gak gara gak hpan pake aplikasi
"pernah saya tau ada seorang bapak dan 2 anaknya masih kecil ingin sekali naik bis mayapada yg bertingkat tsb. tapi bapak tsb gak bisa bayar karena gak punya aplikasi. lalu ada seorang pemuda menawarkan pembayaran melalui aplikasi yg ia miliki, akan tetapi tetep ditolak oleh si kondektur. akhirnya bapak dg 2 anak tadi dg terpaksa turun di halte berikutnya. pertanyaannya adalah bagaimana kacaunya perasaan 2anak tsb ?....",1,2022-07-15 14:43:24,pernah tau orang bapak anak kecil sekali naik bis mayapada yg tingkat tsb bapak tsb gak bayar gak punya aplikasi lalu orang pemuda tawar bayar lalu aplikasi yg milik tetapi tetep tolak si kondektur akhir bapak dg anak tadi dg paksa turun halte ikut tanya bagaimana kacau asa anak tsb
"Pembayaran harus pakai e money, saya sudah masuk bus disuruh turun karena saldo shopepay kurang, padahal klo saya top up dengan cara transfer antar akun saya kasih lebih utk biaya top upnya dengan saya mau. Mohon petugas nya untuk pelayanan masyarakat dipermudah , jangan seperti robot tanpa toleransi. Tidak semua warga Surabaya maupun tamu kota Surabaya punya akun e money dan kalau pun punya akun e-money bisa juga saldo nya kurang, sekarang angkot sudah jarang sekali, tidak seperti dulu. Sekian",1,2022-07-10 03:30:21,bayar pakai e money masuk bus suruh turun saldo shopepay kurang padahal klo top up cara transfer antar akun kasih lebih utk biaya top upnya saya mau mohon tugas nya layan masyarakat mudah jangan robot toleransi semua warga surabaya maupun tamu kota surabaya punya akun e money kalau punya akun emoney juga saldo nya kurang sekarang angkot sudah jarang sekali seperti dulu sekian
"posisi bus tidak terdeteksi, bus nya berangkat gajelas tidak sesuai waktu yg ditentukan",2,2022-07-04 15:28:48,posisi bus deteksi bus nya berangkat gajelas sesuai waktu yg tentu
Sangat membantu sekali,5,2022-07-02 13:26:07,sangat bantu sekali
Sangat membantu transportasi,5,2022-06-29 18:02:41,sangat bantu transportasi
Mantap,5,2022-06-27 11:41:17,mantap
Kok saya bingung ya cara pakainya. Mau ke arah Mayjend takut nyasar,1,2022-06-26 19:10:27,kok bingung cara pakai mau arah mayjend takut nyasar
"Kenapa saya tidak bisa login (error) padahal email & paswoord benar, terima kasih",3,2022-06-26 17:31:28,saya bisa login error padahal email paswoord benar terima kasih
Mantap,4,2022-06-16 17:13:32,mantap
"Sebaiknya rute UNESA-ITS dikasih posisi busnya Trans Semanggi daripada dibiarkan kosong begitu aja, biar ngga ribet install aplikasi 2",3,2022-06-13 07:56:57,baik rute unesaits kasih posisi bus trans semanggi biar kosong aja biar ngga ribet install aplikasi
BUS Surabaya the Best👍🏻🙂,5,2022-06-02 11:14:46,bus surabaya the best
Sangat membantu mahasiswa,5,2022-05-31 10:55:41,sangat bantu mahasiswa
"Pelayanan nya bagus, bisa naik tapi nukerin botol dlu di kecamatan yang ada di aplikasi ini. Mantap dah Surabaya",5,2022-05-29 13:03:03,layan nya bagus naik nukerin botol dlu camat ada aplikasi mantap dah surabaya
Bagus,5,2022-05-27 14:02:21,bagus
Cakep bgt,5,2022-05-18 07:02:29,cakep bgt
Time table mu ampas. Iki aplikasi arek magang seng ngga enek product manager e pasti.,1,2022-05-13 20:14:10,time table mu ampas iki aplikasi arek magang seng ngga enek product manager e
Alhamdulillah bagus,5,2022-05-12 07:00:04,alhamdulillah bagus
Bagus,4,2022-05-11 20:39:24,bagus
Kalo bisa surabaya bis ini melewati taman wisata atau obyek wisata yg ada di surabaya,4,2022-05-09 23:11:58,kalo surabaya bis lewat taman wisata obyek wisata yg di surabaya
Apakah ada prioritas buat NAKES .Tq,5,2022-05-09 10:03:33,ada prioritas buat nakes tq
"Dengan adanya suroboyo bis aku lebih mudah kemana saja ,apa lagi bekerja uang tranfot bisa aku tabungkan trakasih gobis suroboyo ,",5,2022-05-08 20:24:49,ada suroboyo bis aku lebih mudah saja apa kerja uang tranfot aku tabung trakasih gob suroboyo
Sangat membantu saat posisi bis di mana .,5,2022-05-07 17:06:02,sangat bantu posisi bis mana
pusing saya mencoba applikasinya.. tidak ada tombol search dari mana mau ke mana... jadi ntar tinggal di berikan masukan naik di halte mana dan turun di halte mana.. rutenya tidak jelas mau ke mana dulu contoh dari merr apakah itu ke its dulu atau langsung ke arah galaxy..,2,2022-05-06 10:39:37,pusing coba applikasinya ada tombol search mana mau mana jadi ntar tinggal ikan masuk naik halte mana turun halte mana rute jelas mau mana dulu contoh merr itu its dulu langsung arah galaxy
Tolong kasih tau saya gimana cara pakai nya?,5,2022-04-14 10:38:42,kasih tau gimana cara pakai nya
Cara naik gobis suroboyo gimana ya,5,2022-04-02 18:06:56,cara naik gob suroboyo gimana
Pelayanan tidak ramah,1,2022-03-20 12:04:02,layan ramah
"Maaf kenapa layanan Suroboyo bus rute unesa-its sdh tdk aktif kembali di apk gobis,,,dan layanan rute lidah wetan-kejawan putih trans Semanggi Suroboyo koq tdk ada di apk GOBIS, mohon tanggapan nya agar masyarakat tdk kecewa menggunakan transportasi umum Suroboyo bus program dri walikota Surabaya ibu Tri Rismaharini... terimakasih 🙏🏻🙏🏻🙏🏻",4,2022-03-13 13:25:02,maaf layan suroboyo bus rute unesaits sdh tdk aktif di apk gobisdan layan rute lidah wetankejawan putih trans semanggi suroboyo koq tdk di apk gob mohon tanggap nya masyarakat tdk kecewa guna transportasi umum suroboyo bus program dri walikota surabaya ibu tri rismaharini terimakasih
Mau tanya..?knp alplikasi ini kok gk biza dibuka.tlg gmn caranya,5,2022-02-28 20:59:54,mau tanyaknp alplikasi kok gk biza dibukatlg gmn cara
Keren,4,2022-02-28 10:19:49,keren
Oke,5,2022-02-27 09:25:17,oke
Tidak bisa daftar menber,2,2022-02-21 02:16:15,bisa daftar menber
Alhamdulillah .... Akun aktif ..go bus asyiikkk😘🌹❤️,5,2022-02-13 13:45:30,alhamdulillah akun aktif go bus asyiikkk
Saya kasih bintang 1 download aplikasi sulit mutermuter tok,1,2022-02-10 11:14:52,kasih bintang download aplikasi sulit mutermuter tok
"Dibandingkan dg Jakarta, transpor Surabaya menurutku masih kurang. Rute bus-nya jg kurang menjangkau semua daerah Surabaya dan sekitarnya. klo bisa rutenya ditambah sampe ampel, Disitu lumayan padat. Orang2 pulang pergi dari dan ke ampel. Trus jg tiket naiknya lumayan mahal dan tdk terjangkau",1,2022-02-09 21:08:52,banding dg jakarta transpor surabaya turut kurang rute bus jg kurang jangkau semua daerah surabaya sekitar klo rute tambah sampe ampel situ lumayan padat orang pulang pergi ampel trus jg tiket naik lumayan mahal dan tdk jangkau
"Untuk koridor unesa -its kenapa cm muncul rutenya aj, ga ada bus yg jalan?",3,2022-02-08 11:15:35,koridor unesa its cm muncul rute aj ga bus yg jalan
Kok aku login pakai email enggak bisa ya? Selalu tulisannya password atau alamat email salah padahal email dan password ku sudah betul,2,2022-02-06 12:02:41,kok aku login pakai email enggak ya selalu tulis password alamat email salah padahal email password ku betul
mantap tingkatkan pelayanan,5,2022-02-03 21:02:48,mantap tingkat layan
Tidak ada rute Unesa-its ksihan pelajar yang lagi kesusahan transport,2,2022-02-03 12:18:15,ada rute unesaits ksihan ajar lagi susah transport
Sy beri bintang 4 karna sy nilai sangat bagus transportasi buat surabaya tp tolong d perhatikan lagi untuk pembayaran krn g semua org pnya aplikasi m-banking ato hp yg muat qris klo bisa semua helper d beri saldo masing2 untuk org2 yg g pnya fasilitas m-banking dn lain'y jadi kita mudah untk pergi menggunakan transportasi bus suroboyo trima kasih,5,2022-02-02 16:23:37,sy beri bintang karna sy nilai sangat bagus transportasi buat surabaya tp d perhati bayar krn g semua org pnya aplikasi mbanking ato hp yg muat qris klo semua helper d beri saldo masing untuk org yg g pnya fasilitas mbanking dn lainy jadi mudah untk pergi guna transportasi bus suroboyo trima kasih
Saya mau daftar tapi foto tidak bisa di up ada yang tau caranya,3,2022-01-31 21:49:38,mau daftar foto bisa up yang tau cara
"Bagus banget, bisa jadi contoh angkutan buat kota lain. Saya bukan warga Surabaya, jadi masih belum hafal jalan. Tolong untuk tempat wisata atau tempat-tempat penting dikasih penanda di map perjalanan bus nya. Selain itu rute keseluruhan bus bisa dicantumkan sehingga kita tau harus berganti bus di daerah mana aja. Terima kasih Suroboyo Bus..sudah memberi kesan perjalanan saya di kota Surabaya 😊",5,2022-01-31 18:14:08,bagus banget jadi contoh angkut buat kota bukan warga surabaya jadi belum hafal jalan untuk tempat wisata tempattempat penting kasih tanda map jalan bus nya itu rute seluruh bus cantum kita tau ganti bus daerah mana aja terima kasih suroboyo bussudah beri kesan jalan saya di kota surabaya
Voucher tukar botol tukar dimana? Opo yo dibuang saja? Gak onok kompensasi?,1,2022-01-30 08:54:57,voucher tukar botol tukar opo yo buang gak onok kompensasi
"aplikasi yang sangat membantu, sudah dari lama naik bis suroboyo dan menggunakan app ini, saran saya sebaiknya menambahkan fitur chat dengan customer service. jadi jika ada berita update, dan kurang jelas bisa ditanyakan langsung :) (edit 7:18 pm 29/1/2022) kesel banget pengen nangis, saya menulis ini saat pulang kerja, sudah lihat ada orang tetapi bis SB26 tidak berhenti (alias hanya memperlambat laju) langsung pergi. dan juga berhenti tidak tepat di haltenya, sangat kecewa.",2,2022-01-29 19:19:06,aplikasi sangat bantu dari lama naik bis suroboyo guna app saran baik tambah fitur chat customer service jadi berita update kurang jelas tanya langsung edit pm kesel banget ken nang tulis saat pulang kerja lihat ada orang bis sb henti alias lambat laju langsung pergi juga henti tepat halte sangat kecewa
Memuaskan pelayanan nya,5,2022-01-28 09:54:54,muas layan nya
Gobis sangat membantu,5,2022-01-24 12:34:48,gob sangat bantu
"Yang penting gps bisa diakses penumpang.,...",5,2022-01-23 20:14:03,penting gps akses tumpang
Nice aplikasinya surabaya. 😁😁,5,2022-01-11 05:42:28,nice aplikasi surabaya
Sangat membantu,4,2021-12-30 14:41:18,sangat bantu
Memudahkan utk transaksi tiket Bis,5,2021-12-30 14:26:52,mudah utk transaksi tiket bis
Bagaimana cara serta prosedur agar kami bisa berpartisipasi dalam UMKM pada aplikasi GOBIS Suroboyo ini,4,2021-12-27 07:19:00,bagaimana cara prosedur kami partisipasi umkm aplikasi gob suroboyo
Aplikasi terbaik 👍👍,5,2021-12-23 19:16:25,aplikasi baik
Daftar berkali-kali selalu dapat notifikasi error,1,2021-12-19 11:49:47,daftar berkalikali selalu notifikasi error
Dengan aplikasi ini saya bisa menggunakanya dengan baik,5,2021-12-19 10:15:30,aplikasi saya menggunakanya baik
Kenapa saya skrg gak bisa lihat pergerakan bus nya ya Setiap kali tnya petugas ktnya mslah jaringan Tetapi ibu2 di samping saya msh bisa lihat Knp hny saya saja yg g bsa lihat busny,5,2021-12-16 05:53:01,skrg gak lihat gera bus nya tiap kali tnya tugas ktnya mslah jaring ibu samping msh lihat knp hny saya saja yg g bsa lihat busny
"Min, rute nya bisa gak ditambah di Surabaya Utara. Kok hanya sampe rajawali",1,2021-12-13 01:43:11,min rute nya gak tambah surabaya utara kok sampe rajawali
Ga asyik SB 19 udah ditungguin di tempat pemberhentian bus malah pintu bisnya ga dibuka trs ditinggal..ditriakin ga berhenti,2,2021-12-12 11:59:17,ga asyik sb udah ditungguin tempat henti bus malah pintu bis ga buka trs ditinggalditriakin ga henti
Menyenangkan,5,2021-12-07 06:43:01,senang
"Sangat BerSyukur karena dengan ada nya Bus Suroboyo yg di gagas sewaktu Ibu Walikota Bu Risma, Sekarang Menjadi lebih Fleksibel di Walikota Eri Cahyadi Dan Sangat Membantu Masyarakat Kota Surabaya. Mari kita Budayakan Naik Bus, Tips Hemat, dan Ga Capek2 Tips Mengurangi Kemacetan Tips Mengurangi Polusi Sukses Selalu Kotaku Suroboyo Rekkkkk!!!... #RM9",5,2021-11-28 19:12:18,sangat syukur dengan nya bus suroboyo yg gagas waktu ibu walikota bu risma sekarang jadi lebih fleksibel walikota eri cahyadi sangat bantu masyarakat kota surabaya kita budaya naik bus tips hemat ga capek tips kurang macet tips kurang polusi sukses selalu kota suroboyo rekkkkk rm
Soalnya bagus biar tidak membawa botol plastik,1,2021-11-24 08:48:00,soal bagus biar bawa botol plastik
transportasi yg sangat nyaman membantu masyarakat,5,2021-11-22 13:53:07,transportasi yg sangat nyaman bantu masyarakat
"Masih kurang deskripsi tentang tempat2 wisata religi,kulier dan museum di sby",4,2021-11-21 13:53:51,kurang deskripsi tempat wisata religikulier museum sby
"Gw nunggu di halte tapi malah dilewatin doang, malah berhenti gk sesuai di haltenya. Mana lagi bus nya dikit jauh"" nunggu lama..",3,2021-11-09 13:12:34,gw nunggu halte malah dilewatin doang malah henti gk sesuai halte mana bus nya dikit jauh nunggu lama
"Sangat senang adanya suroboyobus ini...jdi bisa sering jalan"" sma anakku💜",5,2021-10-29 08:52:47,sangat senang ada suroboyobus inijdi sering jalan sma anak
"Sebenarnya aplikasinya lumayan membantu, tapi untuk mengatur profil member sangat susah, untuk memulihkan akun jika lupa password juga tidak ada. Mohon segera diperbaiki yaa",2,2021-10-27 08:12:19,benar aplikasi lumayan bantu atur profil member sangat susah untuk pulih akun lupa password tidak mohon segera baik yaa
Susah masuknya. Sampai daftar email dua kali. Sama saja gak bisa. Walaupun sudah masukkan kode,1,2021-10-19 09:15:08,susah masuk daftar email kali sama gak walaupun masuk kode
"Belum ada pembetulan tempat yang hari Minggu nya libur, terus jam efektif nya juga salah harus nya diatur lebih efektif dan benar.",1,2021-10-17 15:56:53,ada betul tempat hari minggu nya libur terus jam efektif nya salah nya atur lebih efektif benar
Aplikasi yang berguna,5,2021-10-10 14:20:23,aplikasi guna
Sangat mbantu,5,2021-10-05 22:00:06,sangat mbantu
Gimana sih min.. Sampe ganti email bolak balik ttep gk bisa daftar jadi member..,1,2021-09-21 10:44:59,gimana sih min sampe ganti email bolak balik ttep gk daftar jadi member
Yukk,5,2021-09-19 00:51:39,yukk
Saya berharap ada fitur untuk mengganti alamat email.,1,2021-09-16 03:14:27,harap fitur ganti alamat email
Sering error dan posisi bus tdk tepat😭,2,2021-09-15 18:11:12,sering error posisi bus tdk tepat
"Ok banget sangat membantu sekali,,,",5,2021-09-12 15:22:19,banget sangat bantu sekali
Service nya lumayan baik kebersihan jga terjaga dan amat bersih MANTAP POKOK eeee Rekkkkk👍👍👍,5,2021-09-05 21:43:02,service nya lumayan baik bersih jga jaga amat bersih mantap pokok eeee rekkkkk
Service sangat baik,5,2021-09-03 06:23:58,service sangat baik
sangat recommended deh buat perjalanan saya ke Surabaya,5,2021-09-01 13:56:01,sangat recommended deh buat jalan ke surabaya
Membantu,5,2021-08-31 12:52:46,bantu
"Halo kak saya mau nanya, saya ingin coba naik, pembayaran nya apa bisa pakai tunai ya selain pakai botol? Soalnya di rumah ga ada botol bekas",5,2021-08-30 21:22:27,halo kak mau nanya ingin coba naik bayar nya apa pakai tunai selain pakai botol soal rumah ga botol bekas
Nyaman bersih bis nya pokok e enak dech.Dan sangat terbantu sekali .mksh srby bis,5,2021-08-28 12:08:16,nyaman bersih bis nya pokok e enak dechdan sangat bantu sekali mksh srby bis
"Sangat membantu. Diaplikasi perlu dinformasikan maks jml penumpang yang bisa naik/terangkut, apabila 0 (nol) maka calon penumpang bisa mencari angkutan alternatif lainnya. Tidak menunggu lama, karena yang ditunggu ternyata ""zonk"" kasihan. Terutama kalau ketemu calon penumpang berusia lanjut, gk bawa hp/hp jadul. Semoga menjadi perhatian pemangku kebijakan, terima kasih.",4,2021-08-27 17:13:52,sangat bantu aplikasi perlu dinformasikan maks jml tumpang naikterangkut apabila nol calon tumpang bisa cari angkut alternatif lain tunggu lama yang tunggu nyata zonk kasihan utama kalau ketemu calon tumpang usia lanjut gk bawa hphp jadul moga jadi perhati mang bijak terima kasih
"Aplikasi secara fungsional sangat baik, namun saran untuk mengembangkan UI/UX nya lagi, biar user betah dalam menggunakan aplikasi",5,2021-08-26 13:56:04,aplikasi fungsional sangat baik saran kembang uiux nya biar user betah guna aplikasi
"selalu membantu keberadaan bus dimana,",5,2021-08-24 18:38:01,selalu bantu ada bus
Tdk perlu menunggu terlalu lama kecuali klo tdk bisa naik krn sdh penuh,5,2021-08-24 08:18:03,tdk perlu tunggu terlalu lama klo tdk naik krn sdh penuh
"Mau Regis nda bisa, bad UI/UX, waktu daftar password nya ga dikasih secure field text, seharusnya kalo mau bisa diseen bisa dikasih fiturnya. Peletakan petaknya juga MasyaAllah sekali min :( banyak loh orang Surabaya yg kompeten",1,2021-08-23 13:49:02,mau regis nda bad uiux waktu daftar password nya ga kasih secure field text kalo mau diseen kasih fiturnya leta petak masyaallah sekali min banyak loh orang surabaya yg kompeten
Bagus,5,2021-08-16 09:58:10,bagus
Burukkkk,1,2021-08-14 16:46:29,burukkkk
"Kenapa ya ko aplikasi bus ya tidak bisa dilihat rute bus ya ada dimana ,sudah bolak balik di cek tetep tidak kelihatan rute bus ya ada dimana .mohon dibantu",4,2021-07-18 06:51:36,ko aplikasi bus lihat rute bus ada sudah bolak balik cek tetep tidak lihat rute bus ya ada mohon bantu
Suka sekali bisa keliling surabaya... yeayyyyy. Makasih,5,2021-06-30 17:40:23,suka sekali keliling surabaya yeayyyyy makasih
Mau coba naik angkutan umum,5,2021-06-24 18:52:22,mau coba naik angkut umum
"Min tolong perbaiki login saya dong, saya belum dapat email masuk verifikasi data akun nih",3,2021-06-20 06:24:42,min baik login dong belum email masuk verifikasi data akun nih
Kenapa saat saya ingin mengubah profil tdk bisa malah muncul 'password lama harus di isi panjang minimal 6 karakter!' Begitu saya udh ganti2 password trs tp masih gk bisa tolong untuk solusinya🙏,3,2021-06-15 23:18:35,saat ingin ubah profil tdk malah muncul password lama di isi panjang minimal karakter saya udh ganti password trs tp gk tolong solusi
Gpsnya kadang gak tepat,5,2021-06-08 09:54:18,gpsnya kadang gak tepat
Timetable bagus. Sayang sejak update tsb jadi gabisa digeser kanan kiri. diperbaikin ya,3,2021-06-06 13:58:35,timetable bagus sayang sejak update tsb jadi gabisa geser kanan kiri diperbaikin
"Mungkin bisa di kasih keterangan bus dalam posisi full atau masih bisa nampung penumpang , makin tambah Joss aplikasi ini .",4,2021-06-02 17:41:49,mungkin di kasih terang bus posisi full masih nampung tumpang makin tambah joss aplikasi
Samsung Gift Indonesia Memang Hebat dan Cerdas..😊👍,5,2021-05-09 18:58:20,samsung gift indonesia memang hebat cerdas
"pelayanan cukup baik, bus nyaman dan bersih",5,2021-05-04 08:13:25,layan cukup baik bus nyaman bersih
"Senengnya bisa tracking posisi bus, dan bisa digunakan untuk menyimpan poin tukar botolx",5,2021-05-04 06:34:08,neng tracking posisi bus bisa guna simpan poin tukar botolx
Bus terbaikk 😍😘,5,2021-04-15 08:50:08,bus terbaikk
Sangat membantu..,5,2021-04-12 16:37:00,sangat bantu
"Daftarnya kok ribet ya, katanya akun error' lah, sdh terdaftar pakai akun lain lah, password salah lah, trus maunya gimana sih kok sangat ribet, apalagi botol sdh masuk 15 point angus nih, tolong dishub jgn mempersulit masyarakat dong, sdh pakai stamp kayak kemarin saja, bikin ribet aja😡😡😡",1,2021-04-11 13:59:04,daftar kok ribet kata akun error lah sdh daftar pakai akun lah password salah lah trus mau gimana sih kok sangat ribet botol sdh masuk point angus nih dishub jgn sulit masyarakat dong sdh pakai stamp kayak kemarin bikin ribet aja
Baik untuk umum,5,2021-04-08 18:48:27,baik umum
Good,4,2021-04-05 19:16:45,good
"Kenapa ketika daftar kok loadingnya lama. Habia itu aku refres, daftar lagi tulisnnya ""akun anda telah terdaftar"", namun ketika login kok ngga bisa ?",3,2021-03-17 19:20:27,ketika daftar kok loadingnya lama habia aku refres daftar tulisnnya akun telah daftar ketika login kok ngga
Terlalu lama menunggu dan menunggu.. perjalanan juga sangat lama bus sangat sedikit.,1,2021-03-01 17:43:18,terlalu lama tunggu tunggu jalan sangat lama bus sangat sedikit
"Perfect banget Suroboyo bis ini. Gratis, bayar pake sampah plastik, dan nyaman puooolll.. Aku selalu pulang pergi kerja naik bis ini. Semoga semakin banyak rute yg dijangkau, bahkan bisa menjangkau lyn / angkot suroboyo juga, utk perbaikan nasib para supir angkot. Dan karyawan suroboyo bis semoga selalu dilimpahkan rejeki dan kesehatan. Amiiiinnn. Saran, ke depan bisa bayar pakai linkaja atau ovo",5,2021-03-01 12:19:04,perfect banget suroboyo bis gratis bayar pake sampah plastik nyaman puooolll aku selalu pulang pergi kerja naik bis moga makin banyak rute yg jangkau bahkan jangkau lyn angkot suroboyo utk baik nasib supir angkot karyawan suroboyo bis moga selalu limpah rejeki sehat amiiiinnn saran depan bayar pakai linkaja ovo
"Sebenarnya belum mencoba armadanya, tetapi aku kepingin banget naik, tapi bingung cara tukar botolku yang lagi numpuk dikantor kerja aku dan dirumah 🙂",5,2021-02-28 11:37:33,benar coba armada aku kepingin banget naik bingung cara tukar botol lagi numpuk kantor kerja aku rumah
Gobis suroboyo,5,2021-02-14 09:32:40,gob suroboyo
Good,5,2021-02-09 20:34:10,good
Kenapa d aplikasi tdk kelihatan busnya,4,2021-02-02 16:51:53,d aplikasi tdk lihat bus
"Membantu banget naik gobis,nyaman dan bersih",5,2021-01-26 18:37:07,bantu banget naik gobisnyaman bersih
Terbaik,5,2021-01-15 03:51:29,baik
Pelayanannya sangat mengecewakan! Sopir mengomel pula. Padahal saya sudah bilang berhenti. Saya dari arah halte rajawali mau berhenti di halte dekat pemkot! Huh!,1,2021-01-07 18:35:50,layan sangat kecewa sopir omel padahal sudah bilang henti dari arah halte rajawali mau henti halte dekat pemkot huh
Maaf saya kasih bintang 3 soalnya tidak bisa diaktifkan,3,2021-01-03 11:13:36,maaf kasih bintang soal bisa aktif
Tolong bayar nya pakai e money saja,1,2020-12-27 15:48:27,bayar nya pakai e money
"Tolong2...tolong tdk mncul point nya & app eror😩. Katanya srh online jadi mmber saat penukaran botol, malu dan gak enak aku sama petugas cecking tiket. En ribet juga. Lekas perbaiki ndan...",1,2020-11-30 13:09:34,tolongtolong tdk mncul point nya app eror kata srh online jadi mmber tukar botol malu gak enak aku sama tugas cecking tiket en ribet lekas baik ndan
"Hari ini saya sudah berkali kali ngantri gak bisa naik, katanya petugasnya busnya penuh di bus belakang kosong. Saya tunggu bus di belakang. Bus belakang sampai, bilangnya juga penuh dia bilang bus belakang kosong eh nyatanya penuh terus, padahal w udah pake scan halte, nyatanya kagak fungsi, eh pas petugasnya bilang penuh, ada yang pamer donk lambai lambaiin tiket masuknya ak. I just want to go home !. Dah lagi pas udah dapet bus buat pulang eh petugasnya maskernya dicantolin dileher donk",1,2020-11-22 16:00:14,hari kali kali ngantri gak naik kata tugas bus penuh bus belakang kosong saya tunggu bus belakang bus belakang bilang penuh bilang bus belakang kosong eh nyata penuh terus padahal w udah pake scan halte nyata kagak fungsi eh pas tugas bilang penuh yang pamer donk lambai lambaiin tiket masuk ak i just want to go home dah pas udah dapet bus buat pulang eh tugas masker dicantolin leher donk
Tolong Dong Kakak/Mbak Developer Untuk Informasi Jam Operasi Bis Dipasng/DiInformasikan Diaplikasi,5,2020-11-19 22:41:49,dong kakakmbak developer informasi jam operasi bis dipasngdiinformasikan aplikasi
Scan menunggu di halte ga fungsi. Minta tolong konsisten 20 menit bus datang jgn kebiasaan ngetem!! Budhal 10.30 teko halte Embong Malang sampe halte Darmo park 2 jam 12 lebih!! Iki bis piknik gawe wisata opo bis suroboyo??,1,2020-11-17 12:01:30,scan tunggu halte ga fungsi minta konsisten menit bus datang jgn biasa ngetem budhal teko halte embong malang sampe halte darmo park jam lebih iki bis piknik gawe wisata opo bis suroboyo
"katanya email di sugnup secara manual, tapi belum di daftar2 kan. lamaaa. perbaikilah Appsnya",1,2020-11-17 10:31:43,kata email sugnup manual belum daftar kan lamaaa baik appsnya
Apik pol,5,2020-11-16 18:50:32,apik pol
"Itu yang pengatur suhu nya sudah rusak tolong di ganti kok bisa bisa nya pas ngecek ngomong nya suhu nya tinggi padahal tidak saya sampai ngecek di tempat lain itu mereka suhu saya tinggi, gimana sih itu kalian alat suhu rusak gitu masih di pakai",1,2020-11-09 09:59:15,yang atur suhu nya rusak ganti kok bisa nya pas ngecek ngomong nya suhu nya tinggi padahal ngecek di tempat suhu saya tinggi gimana sih itu kalian alat suhu rusak gitu di pakai
Mantul,5,2020-11-01 13:09:16,mantul
Mantap bang jago,5,2020-11-01 10:02:33,mantap bang jago
Bermanfaat,5,2020-10-27 15:48:01,manfaat
"Tolong dong diperbaiki sistem yg bikin membernya ... udh 2x daftar gk bisa2 ... yg pertama loading trus, begitu kita masuk katanya akun sudah terdaftar tp login gk bisa ...... bikin pake akun baru juga gk bisa !! Gmn sih . Niatnya mau mempermudah malah mempersulit begini 🤦‍♀️🤦‍♀️🤦‍♀️🤦‍♀️🤦‍♀️ gk berkembang2 dah sistem member ini",1,2020-10-25 15:54:11,dong baik sistem yg bikin membernya udh x daftar gk yg pertama loading trus kita masuk kata akun daftar tp login gk bikin pake akun baru gk gmn sih niat mau mudah malah sulit begini gk kembang dah sistem member
good geprek 7000,5,2020-10-24 17:28:50,good geprek
Bagus kerene juga Apknya,5,2020-10-24 14:38:35,bagus kerene apknya
Ok lah y,5,2020-10-15 06:55:49,lah y
Berasa naik bus di luar negeri,5,2020-10-11 12:54:52,asa naik bus luar negeri
Busnya nyaman Sangat membantu sekali bagi para pekerja Sukses selalu surabaya bus,5,2020-10-06 18:59:54,bus nyaman sangat bantu sekali para kerja sukses selalu surabaya bus
Siip,5,2020-09-24 13:42:34,siip
Pake IM3 icon bis gak muncul nih..bisa minta tolong diperbaiki?,1,2020-09-17 16:47:24,pake im icon bis gak muncul nihbisa minta baik
"Sering tidak bisa melihat posisi bus, padahal jaringan saya bagus",3,2020-09-17 07:02:01,sering bisa lihat posisi bus padahal jaring bagus
Sering eror gak muncul rute nya sampe mana. DM ke IG nya bilang sinyal saya. Aneh. Pdhl kuota saya 4G 50GB,3,2020-09-13 10:59:09,sering eror gak muncul rute nya sampe mana dm ig nya bilang sinyal aneh pdhl kuota g gb
"Go bis sangat membantu banget, bersih & nyaman. Sdh 2 th sy terbantu dgn gobis. Cm 1 bulan t'akhir apk nya tdk bs sy akses pke jaringan inet saya. Sdh sy uninstall.& install.ulang ber kali2 tetep saja. Sy bisa lihat posisi armada klo pke jaringan wifi. Apk yg lain tdk ada masalh, cm go bis aja yg tdk bisa. Sy tanya ke provider jg blm.bisa dipake",3,2020-09-12 20:22:27,go bis sangat bantu banget bersih nyaman sdh th sy bantu dgn gob cm bulan takhir apk nya tdk bs sy akses pke jaring inet sdh sy uninstall installulang ber kali tetep sy lihat posisi armada klo pke jaring wifi apk yg tdk masalh cm go bis aja yg tdk sy tanya provider jg blmbisa dipake
Ngecek sering gak bisa keliatan / gak keluar posisi bes nya. Padahal Kuota penuh.,2,2020-09-05 07:33:58,ngecek sering gak liat gak keluar posisi bes nya padahal kuota penuh
"Terkadang Gbr Bus pada Rute, tidak terlihat...",3,2020-08-26 16:35:54,terkadang gbr bus rute lihat
Aplikasinya apakah sedang dalama perbaruan? Karena 2 hari ini aplikasi saya tidak bisa dipakai,5,2020-08-26 05:27:08,aplikasi sedang dalama baru hari aplikasi tidak pakai
Sangat akurat,5,2020-08-25 08:56:29,sangat akurat
"Seru bgt naik bis ini, nyaman juga, mungkin kedepannya bisa dibuatkan rute ke tempat2 wisata, seperti Suramadu, hutan mangrove, Kenjeran biar lebih enak terimakasih",5,2020-08-23 11:55:11,seru bgt naik bis nyaman mungkin depan buat rute tempat wisata suramadu hutan mangrove kenjeran biar lebih enak terimakasih
Aplikasinya menarik dan berfungsi. Sangat membantu bagi orang2 yg naik kendaraan umum,5,2020-08-22 16:59:49,aplikasi tarik fungsi sangat bantu orang yg naik kendara umum
"Bus nyaman, bersih dan aman.. mohon untuk armada bus di tambah jalur unesa smpai ITS. Halte untuk menunggu hrs nyaman ada tempat duduk dan penutup supaya tdk panas",4,2020-08-19 21:19:23,bus nyaman bersih aman mohon armada bus tambah jalur unesa smpai its halte tunggu hrs nyaman tempat duduk tutup tdk panas
"I'M REALLY TO LOVE ""SUROBOYO BUS"", Because THE BEST",5,2020-08-17 09:15:22,im really to love suroboyo bus because the best
Baik,4,2020-08-15 06:20:04,baik
"Aplikasi yg sangat membantu, semoga busnya bisa bertambah, Terimakasih bu risma",5,2020-08-13 14:55:15,aplikasi yg sangat bantu moga bus tambah terimakasih bu risma
Bu risma kalau bisa rutenya di tambah lebih banyak biar kyk d korea bu enak sudah halte bis sudah bisa mencakup hampir smua wilayah.,3,2020-08-12 15:26:50,bu risma kalau rute tambah lebih banyak biar kyk d korea bu enak halte bis bisa cakup hampir smua wilayah
"Pelayanan lambat, berhenti katajya cuna 20 menit bisa setengaj jam, ditengah jalan malah ngetem beli makan keindomaret 😌 katanya melayani masyarakat kok ya malah merugikan",1,2020-08-12 08:11:27,layan lambat henti katajya cuna menit setengaj jam tengah jalan malah ngetem beli makan keindomaret kata layan masyarakat kok malah rugi
"Bus Surabaya itu bersih,nyaman,AC nya adem Pokok e the best lah",5,2020-08-04 14:40:03,bus surabaya bersihnyamanac nya adem pokok e the best lah
Mentang2 bayar botol pelayanan e koyok telek ga enak blas ....,1,2020-08-02 14:37:36,mentang bayar botol layan e koyok telek ga enak blas
Belum ada kesempatan naik. Semoga segera,5,2020-08-01 00:31:17,ada sempat naik moga segera
Tidak bisa di pencet,1,2020-07-11 17:34:44,bisa pencet
"Mungkin selain Suroboyo bus, bisa adakan Suroboyo ojek, taxi, angkot, dan bus kota. Bisa menggandeng ojek online dan taxi online yang udah ada. Dan dibuatkan aplikasi untuk sopir angkot dan bus kota, sehingga bisa jadi win-win solution dalam kondisi ojek online, taxi online, angkot, dan bus kota yang relatif sepi. Mungkin bisa dibuatkan untuk becak juga. Jadi, botol dan gelas plastiknya ditukar saldo yang bisa digunakan untuk transportasi online, belanja online, dan berbagai transaksi lainnya.",3,2020-07-09 16:54:28,mungkin suroboyo bus adakan suroboyo ojek taxi angkot bus kota gandeng ojek online taxi online udah buat aplikasi sopir angkot bus kota jadi winwin solution kondisi ojek online taxi online angkot bus kota relatif sepi mungkin bisa buat becak jadi botol gelas plastik tukar saldo bisa guna transportasi online belanja online dan bagai transaksi lain
Soroboyo bus Soroboyo bus Soroboyo bus,5,2020-07-03 09:10:22,soroboyo bus soroboyo bus soroboyo bus
"Bagus, dan yg penting bisa memonitor pergerakan bus nya. Utk armadanya masih kurang. Sehingga waktu tunggu masih kelamaan.",3,2020-06-26 07:22:08,bagus yg penting monitor gera bus nya utk armada kurang waktu tunggu lama
"Selama pandemi covid 19, saya masih sering naik suroboyo bus dan tidak pernah ditanya ada tujuan apa, lenapa sekarang di tanya dan di turunkan tdak sesuai tujuan saya, dan beri peringatan "" lain kali jangan jalan2"" kenapa kalo saya jalan2, emang salah kalo saya jalan2 di tempat tujuan saya",1,2020-06-25 10:10:32,lama pandemi covid masih sering naik suroboyo bus tidak pernah tanya tuju apa lenapa sekarang tanya turun tdak sesuai tuju dan beri ingat kali jangan jalan kalo jalan emang salah kalo jalan di tempat tuju
"Gatau bus nya posisi ada di pemberhentian mana, scan barcode juga tidak bisa. Mohon di perbaiki lagi",2,2020-06-20 16:36:59,gatau bus nya posisi henti mana scan barcode tidak mohon di baik
Suatu percobaan yang mantap,5,2020-06-13 17:31:46,suatu coba mantap
Sangat membantu,5,2020-06-13 15:34:59,sangat bantu
"Akurat, dan busnya nyaman sekali.",5,2020-06-12 20:28:49,akurat bus nyaman sekali
Sering lihat posisi Gobis,5,2020-05-28 04:28:00,sering lihat posisi gob
Enak banget rasanya naik bus suroboyo nyaman aman salut utk go bus👍👍👍❤❤❤❤,5,2020-05-25 08:14:21,enak banget rasa naik bus suroboyo nyaman aman salut utk go bus
sangat membantu untuk gobis mohon lebih d'perhatikan karena buat masyarakat surabaya gobis yg terbaik selalu jaya dan lancar trima kasih bu risma yang sangat syang kpada masyarakatnya selalu mendapat berkah untuk semua kru gobis,5,2020-05-20 08:25:35,sangat bantu gob mohon lebih dperhatikan buat masyarakat surabaya gob yg baik selalu jaya lancar trima kasih bu risma sangat syang kpada masyarakat selalu dapat berkah semua kru gob
Bersih nyaman,5,2020-05-19 12:44:10,bersih nyaman
Bersih...nyaman....aman...tepat waktu...sangat membantu masyarakat kecil..betul2 berpihak pada masyarakat kecil kl bisa dipikirkan lagi terobosan2 yang memang berpihak pd masyarakat kecil terimakasih bu Risma...Suabaya maju karenamu dan kerjasama kami masyarakat semua,5,2020-05-10 15:27:07,bersihnyamanamantepat waktusangat bantu masyarakat kecilbetul pihak masyarakat kecil kl pikir terobos memang pihak pd masyarakat kecil terimakasih bu rismasuabaya maju karena kerjasama masyarakat semua
Keren banget💓🇮🇩semoga kota surabaya makin modern rapih bersih dan indah 🚮🇮🇩❤😊!,5,2020-05-06 02:51:28,keren banget moga kota surabaya makin modern rapih bersih indah
Mantab,5,2020-04-06 06:58:43,mantab
"Aman,bersih",5,2020-03-25 18:11:04,amanbersih
Oke aplikasinya,5,2020-03-18 08:13:20,oke aplikasi
Dulu sering kelihatan di tracking map posisi busnya sekarang kok malah sering tidak bisa di lihat sampek mana posisinya. Mungkin bisa di perbaiki lagi untuk aplikasinya 🙏,1,2020-03-13 16:37:38,dulu sering lihat tracking map posisi bus sekarang kok malah sering lihat sampek mana posisi mungkin bisa di baik untuk aplikasi
"Gobis transportasi yg bersih, aman dan nyaman. tkq Gobis 👍🏻",5,2020-03-09 15:38:34,gob transportasi yg bersih aman nyaman tkq gob
tingkatkn lgi pelayann,5,2020-03-05 11:35:30,tingkatkn lgi pelayann
"Seru kaliya kalo dari benowo sudah ada, dan semoga penambahan rutenya segera bisa tervapai agar se surabaya di putari bus ini, layaknya trans jakarta dan trans semarang",4,2020-02-25 23:09:15,seru kaliya kalo benowo ada moga tambah rute segera tervapai se surabaya putar bus layak trans jakarta trans semarang
"Aplikasinya bagus, cukup membantu ketika kami butuh rute angkutan umum di Sby. Mohon lebih diperbaiki lg dan ditambahkan Maps dan angkutan umum pada Tempat Wisata dan Taman untuk mempermudah kami mencari rute perjalanan",5,2020-02-23 09:43:46,aplikasi bagus cukup bantu butuh rute angkut umum sby mohon lebih baik lg tambah maps angkut umum tempat wisata taman mudah kami cari rute jalan
"Bus-nya terlalu lama, sehingga menunggu di halte hampir 30 menit, tolonglah Dishub Surabaya unit-m bus-nya di tambah, thanks",5,2020-02-22 10:59:46,bus terlalu lama tunggu halte hampir menit tolong dishub surabaya unitm bus tambah thanks
Sangat bermanfaat....,5,2020-02-21 11:50:04,sangat manfaat
"Min,, bisa pake gelas dr kfc,mcd,tehracek,tongtji dll gaakk",5,2020-02-20 10:25:17,min pake gelas dr kfcmcdtehracektongtji gaakk
"Aplikasi ini cukup bagus cuma untuk mall nya ketinggalan 5 yaitu jmp, pasar atum mall, itc, bg junction, sama grand city.",5,2020-02-18 22:46:58,aplikasi cukup bagus cuma mall nya tinggal jmp pasar atum mall itc bg junction sama grand city
Baru download aplikasi ini dan langsung pakai . Alhamdulillah puasss . Lokasi Titik bus akurat 👍,5,2020-02-16 10:33:34,baru download aplikasi dan langsung pakai alhamdulillah puasss lokasi titik bus akurat
Mantap,5,2020-02-15 23:45:30,mantap
"Aplikasi ini bagus tp msh krng sip, TDK ada keterangan untuk tmpt wisata yg mendetail mengenai lokasi dan biaya msknya...tlng diperbaiki kembali di update versi terbarunya...terima ksh...",4,2020-02-09 12:46:10,aplikasi bagus tp msh krng sip tdk terang tmpt wisata yg detail kena lokasi biaya msknyatlng baik di update versi terbarunyaterima ksh
Cukup membantu untuk mengetahui posisi bus di halte terdekat,5,2020-02-07 16:02:31,cukup bantu tahu posisi bus halte dekat
"Sebenarnya bagus pelayanannya, bisnya nyaman banget, kru nya ramah, tapi sayangnya jumlah masih sedikit untuk melayani kota sebesar surabaya. Tolong tambahin unitnya dong, lumayan saya bisa simpan motor saya dan beralih pakai Suroboyo bus wkwkwwk",5,2020-02-04 13:03:21,benar bagus layan bis nyaman banget kru nya ramah sayang jumlah sedikit layan kota besar surabaya tambahin unit dong lumayan bisa simpan motor dan alih pakai suroboyo bus wkwkwwk
"Pemakaian pertama bener2 keren banget.....merasa jadul baru tau app ini, padahal bener2 berguna banget....app yg sangat berguna buat penyuka transportasi umum macam kita",5,2020-01-29 18:59:25,pakai pertama bener keren bangetmerasa jadul baru tau app padahal bener guna bangetapp yg sangat guna buat suka transportasi umum macam
Ganti HP,5,2020-01-29 07:32:10,ganti hp
L7613AP Jumat 24januari2020 jam20.00 jln Basuki Rahmat Sya jln jalur kiri pelan pelan. Tiba2 bus klakson tepat di belakang. Bikin kaget aja smpai mau jatuh. Kalau mau nyalip knp gk dari jauh aja klaksonnya. Atau ambil kanan dikit (lajur kanan sepi dan tidak ada rambu garis lurus panjang) Tolong kasih tau bapak sopirnya. Maaf dan terima kasih,1,2020-01-24 20:08:11,lap jumat januari jam jln basuki rahmat sya jln jalur kiri pelan pelan tiba bus klakson tepat belakang bikin kaget aja smpai mau jatuh kalau mau nyalip knp gk jauh aja klakson ambil kanan dikit lajur kanan sepi tidak rambu garis lurus panjang kasih tau bapak sopir maaf terima kasih
Mayan puas,4,2020-01-24 08:22:57,mayan puas
Suka bgt bisnya gk bikin pusing nyaman di prjlnan,5,2020-01-21 13:49:37,suka bgt bis gk bikin pusing nyaman prjlnan
Ok banget.,5,2020-01-13 19:35:06,banget
Mantabz 👍,5,2020-01-06 14:32:15,mantabz
👍👍👍👍👍👍 Tp kadang aplikasinya sering error,4,2020-01-05 18:44:26,tp kadang aplikasi sering error
Sangat membantu kita para karyawan,5,2020-01-05 06:41:53,sangat bantu para karyawan
Sangat membantu dan bermanfaat,5,2020-01-04 22:23:00,sangat bantu manfaat
Bagus untuk pengguna baru. Kasih prosedur dan cara naik suroboyo bus min.,3,2019-12-31 06:21:11,bagus guna baru kasih prosedur cara naik suroboyo bus min
"Pelayanan yg kurang memuaskam di terminal purabaya krn setelah kita mengantri di sana dan sudah terpanggil di daftar sebelemunya namun bus penuh maka kita tidak di panggil lagi apabila ada bus selanjutnya,mengecewakan . . . .",1,2019-12-30 13:31:17,layan yg kurang memuaskam terminal purabaya krn kita antri sana sudah panggil daftar sebelemunya bus penuh kita di panggil apabila bus selanjutnyamengecewakan
Saya bisa tahu keberadaan bis suroboyonya,5,2019-12-29 10:20:25,bisa tahu ada bis suroboyonya
Saya coba dulu kalau sipp nanti saya tambah bintangnya,3,2019-12-25 23:38:33,coba dulu kalau sipp saya tambah bintang
Susah diakses?,1,2019-12-22 15:22:40,susah akses
Sangat membantu masyarakat surabaya,5,2019-12-17 13:50:01,sangat bantu masyarakat surabaya
Gak berfaedah,1,2019-12-12 15:53:53,gak faedah
Sangat nyaman,5,2019-12-10 12:12:56,sangat nyaman
Siiiippppp,5,2019-12-05 20:44:16,siiiippppp
Mantaaap,5,2019-11-28 12:23:27,mantaaap
bagus,5,2019-11-27 22:20:17,bagus
Kita dari go bis bisa mengetahui lokasi suroboyo bus yang kita mau naiki,5,2019-11-27 20:16:47,dari go bis tahu lokasi suroboyo bus kita mau naik
Bagus,5,2019-11-17 11:19:14,bagus
"Beberapa kali ga muncul keberadaan bis nya. Padahal di hp lain muncul. Saya kebingungan utk pulang, padahal rumah saya jauh.",3,2019-11-16 15:38:15,beberapa kali ga muncul ada bis nya padahal hp muncul bingung utk pulang padahal rumah jauh
Bagus,4,2019-11-14 11:08:49,bagus
21:30 posisi terakhir bus Purabaya-rajawali sudah tidak ada,4,2019-11-09 21:47:07,posisi akhir bus purabayarajawali tidak
"Bis nya bersih, pegawai nya juga ramah&santun.",5,2019-11-09 10:16:31,bis nya bersih pegawai nya ramahsantun
cintaaaah sekaliii,5,2019-11-08 15:33:16,cintaaaah sekaliii
Setiap coba scan untuk melihat bus terdekat tidak pernah bisa.. ayo dung aplikasi di update sehingga lebih maksimal dan membantu masyarakat Surabaya,3,2019-11-06 20:51:11,coba scan lihat bus dekat pernah ayo dung aplikasi update lebih maksimal bantu masyarakat surabaya
makin sip..,5,2019-11-06 19:13:43,makin sip
"Sudah tiga hari ini gambarnya cuma warna biru, bisnya ga bisa dilacak. Kalau mmg ga bisa dipakai lagi mending saya uninstal aja drpd hp saya penuh",1,2019-11-06 17:16:09,tiga hari gambar cuma warna biru bis ga lacak kalau mmg ga pakai mending uninstal aja drpd hp penuh
"Dulu bagus sekali . Sekarang 0 . Posisi bus tidak muncul, map juga hanya keluar rute, halte2 nya juga tidak muncul.. kecewa sekali, saya sudah telat kerja 3 kali gara2 nunggu bis yg gk tau posisinya dimana ... tolonglah di perbaiki, aplikasi untuk rakyat kok kyak gini ..",1,2019-11-06 05:25:40,dulu bagus sekali sekarang posisi bus muncul map hanya keluar rute halte nya tidak muncul kecewa sekali sudah telat kerja kali gara nunggu bis yg gk tau posisi tolong baik aplikasi rakyat kok kyak gin
"Pengelolaannya kok kyak gini yaa,, Kurang maksimal, biasanya bisa mantau bis, tpi kok sering nggak bisa,,, Ini gimana sih?,, Tolong ya untuk diperbakkk lagi biar kita mantau dan mempermhdah perjalanan",2,2019-11-06 05:18:32,kelola kok kyak gin yaa kurang maksimal biasa mantau bis tpi kok sering bisa gimana sih ya diperbakkk biar mantau mempermhdah jalan
Maaf tapi aplikasi yg sekarang kenapa tidak muncul posisi busnya seperti yg dulu,2,2019-11-05 16:48:55,maaf aplikasi yg sekarang tidak muncul posisi bus yg dulu
Kok skrg tidak muncul keberadaan bus nya,4,2019-11-04 13:48:54,kok skrg muncul ada bus nya
"Tidak muncul akhir2 ini ,, tidak nyaman",4,2019-11-04 12:51:39,muncul akhir tidak nyaman
Posisi bus. Sudah tidak seperti dulu lagi. Tidak bisa dipantau posisi busnya.,1,2019-11-04 11:01:04,posisi bus tidak dulu tidak pantau posisi bus
Kenapa kok sekarang halte dan bisnya gak keluar ya.. apa ada masalah,3,2019-11-04 10:35:05,kok sekarang halte bis gak keluar apa masalah
Habis update malah icon bis nya hilang 😂😂😂ini peningkatan apa pembasmian bug sebenerrnya?,2,2019-11-03 17:30:59,habis update malah icon bis nya hilang ini tingkat apa basmi bug sebenerrnya
Halte sama bisnya ga muncul!!!!! Gimana si,1,2019-11-03 15:09:10,halte sama bis ga muncul gimana si
Lokasi bis dan halte tidak keluar seperti dulu,1,2019-11-03 13:49:24,lokasi bis halte keluar dulu
"eror, halte dan bis tidak keluar",1,2019-11-03 13:48:06,eror halte bis keluar
Gk bisa liat posisi bis lagi n halte,1,2019-11-03 09:50:18,gk liat posisi bis n halte
Kok sekarang g bs ngecek lokasi bus e sih padahal saya selalu naik bus ini buat transportasi kata sopire ada gangguan aplikasi tolong aplikasi d perbaiki klo pelayanan bus oke lah,1,2019-11-03 08:28:59,kok sekarang g bs ngecek lokasi bus e sih padahal selalu naik bus buat transportasi kata sopire ganggu aplikasi aplikasi d baik klo layan bus oke lah
Baik sekali sekali,5,2019-11-02 12:15:37,baik sekali sekali
"Tambah halte donk min.... Di daerah pertigaan waru, di depan SD Kedungrejo atau dmana gituuu, biar gak jauh jaraknya antara bungur sm menanggal..",4,2019-10-22 10:39:10,tambah halte donk min daerah tiga waru depan sd kedungrejo dmana gituuu biar gak jauh jarak bungur sm tanggal
Aplikasinya bagussan dlu. Dlu bisa melihat lokasi user dan bus nya. Sekarang g bisa lagi.,1,2019-10-21 00:22:31,aplikasi bagussan dlu dlu lihat lokasi user bus nya sekarang g lagi
"Saya dari daerah luar surabaya, pakai app ini memang membantu untuk yg belum tahu terminal2 busnya, cuman baiknya di app ini ditambah fitur gps untuk menentukan posisi kita di mana. Ntaaap",3,2019-10-18 18:32:42,dari daerah luar surabaya pakai app memang bantu yg tahu terminal bus cuman baik app tambah fitur gps tentu posisi di mana ntaaap
kurang jadwal jam operasional bus surabaya..,4,2019-10-16 16:25:40,kurang jadwal jam operasional bus surabaya
Alhamdulillah....,5,2019-10-15 13:50:10,alhamdulillah
Bus malam jakarta solo dgn speed tercepat,5,2019-10-14 19:26:41,bus malam jakarta solo dgn speed cepat
"Aplikasi ini membantu,tetapi blm max dipergunakan.semisal peta bus atau keberadaan bus tidak muncul sama sekali,hanya berwarna biru polos yg tampil. Tlg disempurnakan lgi aplikasinya,biar bisa lbh banyak yg mengunakan.jgn ambil keuntungan pribadi habis downlod krg max...capek deehh...moga"" cpt disempurnakan apl GOBIS sby...",2,2019-10-13 07:30:02,aplikasi membantutetapi blm max dipergunakansemisal peta bus ada bus muncul sama sekalihanya warna biru polos yg tampil tlg sempurna lgi aplikasinyabiar lbh banyak yg mengunakanjgn ambil untung pribadi habis downlod krg maxcapek deehhmoga cpt sempurna apl gob sby
Kok beberapa hari ink gambar yg nunjukin bisnya sampai mana hilang yaa? Tolong di cari tau kenapa. Karena saya mau naik tapi gk tau bisnya ada dimana,4,2019-10-12 09:37:58,kok beberapa hari ink gambar yg nunjukin bis mana hilang yaa di cari tau karena mau naik gk tau bis mana
"Dulu ditunjukkan posisi bus yg sedang berjalan. Dan sekarang sama sekali gk ada, lalu buat apa ada aplikasi ini cobak?!",1,2019-10-11 19:32:03,dulu tunjuk posisi bus yg sedang jalan sekarang sama sekali gk lalu buat apa aplikasi cobak
Terimakasih banyaksangat terbantu,5,2019-10-11 16:38:34,terimakasih banyaksangat bantu
"tolong dong yg armada unesa-its di perbanyak supaya ngga nunggu lama lamaa bangeeet:"") saya nunggu di halte urip sumoharjo, yg bis purabaya-rajawali udah lewat 4x tapi yg unesa-its gadateng2:"") makasih",4,2019-10-11 12:28:40,dong yg armada unesaits banyak ngga nunggu lama lamaa bangeeet nunggu halte urip sumoharjo yg bis purabayarajawali udah lewat x yg unesaits gadateng makasih
sangat membantu,5,2019-10-11 09:48:53,sangat bantu
"Saya naik dari Unesa ke ITS pukul 9 malam, tapi diminta turun di mayjen Sungkono. Dan saya mencoba naik pukul setengah 8, diminta turun di mayjen Sungkono juga, seharusnya go bis lebih konsisten untuk memberikan pelayananya. Agar kita penumpang tidak sia2 menunggu lama. Terimakasih.",4,2019-10-09 19:42:03,naik unesa its pukul malam minta turun mayjen sungkono saya coba naik pukul tengah minta turun mayjen sungkono harus go bis lebih konsisten beri pelayananya kita tumpang sia tunggu lama terimakasih
Bagus,5,2019-10-09 08:37:02,bagus
"kasih jadwal keberangkatan dan tiba dong... biar kita² bisa tau, dan tidak menunggu lama dihalte",2,2019-10-08 19:05:31,kasih jadwal berangkat tiba dong biar kita tau tidak tunggu lama halte
Saya mau naik surabaya bus tanggal 20,5,2019-10-08 10:57:45,mau naik surabaya bus tanggal
bagus membantu,5,2019-10-08 05:55:53,bagus bantu
Good,5,2019-10-05 21:35:36,good
Mantap,5,2019-10-05 13:16:46,mantap
Puas,1,2019-10-04 13:11:04,puas
Bermanfaat 👍,5,2019-10-03 19:16:17,manfaat
Mantap👍,5,2019-10-03 19:10:46,mantap
Bagus,5,2019-10-02 19:02:23,bagus
Aplikasi mapny diperbarui kalk bisa dibuat nampak satelit seperti di google map,2,2019-10-01 19:00:13,aplikasi mapny baru kalk buat nampak satelit di google map
Sangat membantu,5,2019-10-01 17:04:05,sangat bantu
Saya sangat terbantukan dgn adanya bis suroboyo tidak usah jauh2 nunggu angkot terima kasih bus suroboyo,5,2019-09-29 15:56:28,sangat bantu dgn ada bis suroboyo usah jauh nunggu angkot terima kasih bus suroboyo
Mau coba,4,2019-09-25 08:45:47,mau coba
Top,5,2019-09-24 16:58:04,top
Memepermudah mengidentifikasi keberadaan penumpang,5,2019-09-21 08:54:38,mudah identifikasi ada tumpang
Enak bisa mantau lokasi bus terdekat Good banget deh,5,2019-09-19 21:57:52,enak mantau lokasi bus dekat good banget deh
Coba pake sampah kertas juga. Kertas bekas print2an skripsi banyak ini,5,2019-09-18 12:20:18,coba pake sampah kertas kertas bekas printan skripsi banyak
Bus tumpuk udah gak beroperasi lagi ya?,5,2019-09-14 19:31:15,bus tumpuk udah gak operasi ya
"Bingung tidak disertai lokasi tepat nya untuk bis wisata cm peta aja, bingung naiknya dr mana",1,2019-09-13 15:31:08,bingung serta lokasi tepat nya bis wisata cm peta aja bingung naik dr mana
Keren nih app. Memudahkan pengguna angkutan umum di sub.. Terus berinovasi min.,5,2019-09-12 18:57:36,keren nih app mudah guna angkut umum sub terus inovasi min
Baru mulai msu berlangganan,4,2019-09-11 16:47:54,baru mulai msu langgan
Belum tau,3,2019-09-09 17:01:41,tau
sayang aplikasi tidak di lengkapi dengan jadwal kedatangan dan keberangkatan bus.....,2,2019-09-08 21:51:17,sayang aplikasi di lengkap jadwal datang berangkat bus
Belom mencoba moga aja aplikasi nya brmanfaat buat warga kota surabaya,5,2019-09-08 13:32:41,bom coba moga aja aplikasi nya brmanfaat buat warga kota surabaya
Hebat,4,2019-09-07 19:26:49,hebat
Very Good👍,5,2019-09-07 09:13:21,very good
"Kao bisa tolong akungkutan umum lewat margorejo ya, banyak anak sekolah juga",3,2019-09-05 21:23:38,kao tolong akungkutan umum lewat margorejo banyak anak sekolah
Semenjak ada app ini jadi tau keberadaan bus yg deket. Mantap,5,2019-09-02 18:18:06,semenjak app jadi tau ada bus yg deket mantap
Aplikasi ini memudahkan saya beraktivitas sehari-hari di kota surabaya tercinta. Terima kasih Surabaya...,5,2019-09-02 07:00:39,aplikasi mudah aktivitas seharihari kota surabaya cinta terima kasih surabaya
Sangat membantu!,5,2019-08-31 18:24:34,sangat bantu
Bgs dan membantu aplikasi sdh tepat dan tepat waktu,5,2019-08-29 11:16:09,bgs bantu aplikasi sdh tepat tepat waktu
mantap sudah... Saran saja.. Supaya angkot juga di bikin sistem online.. Meski berbayar.. Insyaallah banyak peminat,5,2019-08-27 20:10:48,mantap saran supaya angkot di bikin sistem online meski bayar insyaallah banyak minat
Ok skli,5,2019-08-26 08:35:58,skli
sangat membantu bus dan petugasnya sangat gaaaalllllaaaaaakkkkkkk,5,2019-08-25 07:19:48,sangat bantu bus tugas sangat gaaaalllllaaaaaakkkkkkk
Sangat bermanfaat sekali,5,2019-08-24 17:53:20,sangat manfaat sekali
Peta bus tdk dibisa di liat,1,2019-08-24 14:16:57,peta bus tdk bisa liat
Bersih bersahabat,5,2019-08-21 17:21:03,bersih sahabat
Lumayan membantu serelah lulqng dr luar kota. Bisa mengajak anak2 jalan2 klo lagi pengen naik bis n memberi pelajaran bahwa sampah itu juga berharga,5,2019-08-20 22:22:37,lumayan bantu serelah lulqng dr luar kota ajak anak jalan klo ken naik bis n beri ajar sampah juga harga
"mantap, bu risma wajib gubernur jakarta",5,2019-08-18 13:38:57,mantap bu risma wajib gubernur jakarta
Ini bus...dari rakyat untuk rakyat...Ini baru mantap......salut buat Ibu Risma..yg selalu memperjuangkan warganya dgn fasilitas moderen buat kotanya...mantap,5,2019-08-18 09:58:12,busdari rakyat rakyatini baru mantapsalut buat ibu rismayg selalu juang warga dgn fasilitas moderen buat kotanyamantap
"fitur baru menunggu di halte masih harus direvisi krn saya pernah beberapa kali scan barcode, tetapi tidak nampak di helper",5,2019-08-16 15:58:52,fitur baru tunggu halte harus revisi krn pernah beberapa kali scan barcode tidak nampak helper
bagus dan membuat nyaman,5,2019-08-16 10:58:08,bagus buat nyaman
sangat meringankan anak kos,5,2019-08-15 04:56:41,sangat ringan anak kos
"Bus tolong stand by di kawasan bisnis dan kampus ketika sore...karena saya udah 2 kali mengalami nunggu bus habis ashar, naik busnya pas azan isya",3,2019-08-14 20:01:16,bus stand by kawasan bisnis kampus sorekarena udah kali alami nunggu bus habis ashar naik bus pas azan isya
perjalan menjadi mudah,5,2019-08-12 14:03:12,jalan jadi mudah
"APLIKASI CACAT, SEMUA MENU PADA ERROR!!!!",1,2019-08-12 11:11:00,aplikasi cacat semua menu error
mantaapp,5,2019-08-12 02:38:03,mantaapp
mantul,5,2019-08-11 16:32:06,mantul
mohon ditambah sampai area surabaya barat daerah made sambikerep,3,2019-08-10 13:33:59,mohon tambah area surabaya barat daerah made sambikerep
membantu sekali,4,2019-08-07 13:04:07,bantu sekali
bagus n enak,5,2019-08-05 12:17:38,bagus n enak
BaguS dan Bar6,5,2019-08-04 04:07:00,bagus bar
mantap,5,2019-08-03 19:12:37,mantap
aplikasi nya membantu sekali. sdh beberapa kali naik. 👍👍👍,5,2019-08-03 17:25:57,aplikasi nya bantu sekali sdh beberapa kali naik
pling pagi dri unesa jam brpa ya,5,2019-08-03 16:54:35,pling pagi dri unesa jam brpa
"masih pertama pake, ok sih..",4,2019-08-03 09:32:50,pertama pake sih
"kalo dari kota lain ke surabaya, antar kota gitu. bayar pake sampah apa bisa? apa cuma khusus buat di surabaya aja gitu?",5,2019-08-01 10:42:11,kalo kota ke surabaya antar kota gitu bayar pake sampah apa apa cuma khusus buat surabaya aja gitu
luamayan,4,2019-07-31 18:52:19,luamayan
good,5,2019-07-31 18:04:35,good
bagusssss banget karena saya pp kekantor naik bus ini semoga jadwal semakin konsisten dan bisa lebih tepat waktu trus..sukses selalu untuk Suroboyo bus,5,2019-07-31 16:02:46,bagusssss banget saya pp kantor naik bus moga jadwal makin konsisten bisa lebih tepat waktu trussukses selalu suroboyo bus
"bus keren, canggih, bersih ...suroboyo bus dong ❤",5,2019-07-31 14:36:25,bus keren canggih bersih suroboyo bus dong
good idea,5,2019-07-31 14:00:11,good idea
sangat membantu untuk melihat posisi bus,5,2019-07-29 20:31:24,sangat bantu lihat posisi bus
keren..sangat membantu untuk memantau keberadaan bus jadi tdk perlu lama2 nuggu di halte.. 👍👍,5,2019-07-28 16:16:01,kerensangat bantu pantau ada bus jadi tdk perlu lama nuggu halte
"aplikasi gak guna, br instal sdh macet,, rugi instal ini, buang2 paketan",1,2019-07-25 08:14:21,aplikasi gak br instal sdh macet rugi instal buang paket
sangat berguna bagi pelajar dan mahasiswa,4,2019-07-22 07:33:04,sangat guna ajar mahasiswa
hebat,5,2019-07-20 23:59:56,hebat
"Aslinya enak, bagus.. Tapi bagi posisi sy wisatawan dimana mau turun di kota trus mau pulang, dimana mesti cepat g bisa. Ngumpulin sampah lagi,, tambahi opsi beli tiket reguler juga dong.. Biar yg mau buru buru bisa pake moda transportasi ini juga. Niat mau pake buat keliling kelilling batal, krn ga punya sampah 😶😶",3,2019-07-20 17:49:23,asli enak bagus bagi posisi sy wisatawan mau turun kota trus mau pulang mesti cepat g ngumpulin sampah tambah opsi beli tiket reguler dong biar yg mau buru buru pake moda transportasi juga niat mau pake buat keliling kelilling batal krn ga punya sampah
dengan adanya bis suroboyo transportasi sekolah anak saya bisa digunakan untuk tabungan disekolah guna bayar kesekolah lanjutannya nanti terimakasih suroboyo Gbu always,5,2019-07-18 05:51:25,ada bis suroboyo transportasi sekolah anak bisa guna tabung seko bayar seko lanjut terimakasih suroboyo gbu always
"Seneeeng bs merasakan bis yg bersih, harum, bebas rokok, dingin, nyaman & tertib. Smoga kondisi spt itu bs seterusnya sekalipun bu risma ytc sdh tdk menjabat lagi, amin. Armada bus tumpuknya kpn di tmbh ?",5,2019-07-13 14:53:27,seneeeng bs rasa bis yg bersih harum bebas rokok dingin nyaman tertib smoga kondisi spt bs sekalipun bu risma ytc sdh tdk jabat amin armada bus tumpuk kpn tmbh
good..,5,2019-07-11 22:25:27,good
sangat membantu bagus,5,2019-07-08 09:10:17,sangat bantu bagus
cara mengetahui jalur gobis surabaya,5,2019-07-07 04:57:13,cara tahu jalur gob surabaya
penukaran botol diperbanyak di setiap halte,3,2019-07-06 11:31:14,tukar botol banyak tiap halte
ok deh,4,2019-07-06 09:37:41,deh
Gak bisa menampilkan data apa apa. Ini aplikasi dulu lumayan bisa menunjukan bis yang ada secara real time. Sekarang gak muncul apa apa. Cuman menu saja,1,2019-07-05 13:16:39,gak tampil data apa apa aplikasi dulu lumayan tunjuk bis ada real time sekarang gak muncul apa apa cuman menu
saya pernah donload seru. banget deh asyiiiik,1,2019-07-02 10:32:16,pernah donload seru banget deh asyiiiik
"bagus, sangat membantu saya ketika di Surabaya",5,2019-06-29 12:25:49,bagus sangat bantu ketika surabaya
"Klo deskripsinya lengkap gak setengah2 apl jauhh lebih bagus,yg kepingin jln2 kota Surabaya bisa terbantu.",3,2019-06-29 07:28:11,klo deskripsi lengkap gak tengah apl jauhh lebih bagusyg kepingin jln kota surabaya bantu
Kenapa cuma garis merah doang sama gambar bus? ga ada keterangan lokasinya 🤔🤣🤣🤣,1,2019-06-25 21:16:25,cuma garis merah doang sama gambar bus ga terang lokasi
"sudah bagus siih... mungkin lebih diperbanyak untuk tempat2 penukaran botol dg kartu stamp nya. klo bisa ada di tiap2 halte jadi kita gak perlu ribet lagi harus bawa botol masuk kedalam bus, kondisi dlm bus jg bisa lebih bersih dan gak banyak sampah botol yg menumpuk jd bisa lebih leluasa jg didalamnya. Maju Terus SUROBOYOKU",5,2019-06-25 20:56:21,bagus siih mungkin lebih banyak tempat tukar botol dg kartu stamp nya klo ada tiap halte jadi gak perlu ribet harus bawa botol masuk dalam bus kondisi dlm bus jg lebih bersih gak banyak sampah botol yg tumpuk jd lebih leluasa jg dalam maju terus suroboyoku
sangat.memuaskan.halte.dekat.denqan.rumah.bila.kerja.tidak.kehilanqan.onqkos.kalau.libur.bisa.jalan.jalan.dg.cucuk.bila.nunqqu.bus.td.lama terima kasih,5,2019-06-25 05:47:09,sangatmemuaskanhaltedekatdenqanrumahbilakerjatidakkehilanqanonqkoskalauliburbisajalanjalandgcucukbilanunqqubustdlama terima kasih
"Berangkat kerja selalu pakai suroboyo bus. Tolong kalau bisa mikrolet / lyn di surabaya juga diintegrasikan dengan moda transportasi berbasis aplikasi seperti ini, supaya surabaya benar benar menjadi smart city",5,2019-06-24 22:12:13,berangkat kerja selalu pakai suroboyo bus kalau mikrolet lyn surabaya integrasi moda transportasi bas aplikasi ini surabaya benar benar jadi smart city
mantapp,5,2019-06-18 11:57:30,mantapp
maju terus dan selalu tepat waktu,4,2019-06-18 09:01:09,maju terus selalu tepat waktu
sangat membantuu,5,2019-06-15 09:49:32,sangat membantuu
kenapa kok ga keluar rute busnya??cuma layar biru aja??gmna mau liat rute klo ga da,2,2019-06-09 13:59:18,kok ga keluar rute busnyacuma layar biru ajagmna mau liat rute klo ga da
uda download tapi gak bisa keliatan bus nya ada dimana akhirnya saya hapus ini mau download lagi,5,2019-06-09 11:47:26,uda download gak liat bus nya mana akhir hapus mau download
"aplikasi bagus. hanya saja, sudah beberapa hari tidak muncul posisi bis & haltenya. apakah libur lebaran atau aplikasi rusak. tolong pemberitahuanya ya. terima kasih.",4,2019-06-07 17:51:50,aplikasi bagus saja beberapa hari muncul posisi bis halte libur lebaran aplikasi rusak pemberitahuanya terima kasih
pelayanan familiar....bagus bersih dan nyaman,5,2019-06-07 10:36:47,layan familiarbagus bersih nyaman
"tidak keluar bus nya, hanya peta saja",1,2019-06-07 08:39:05,keluar bus nya peta
kok aplikasinya yang baru gak bergerak cm kayak map ajaa,1,2019-06-06 16:56:31,kok aplikasi baru gak gerak cm kayak map ajaa
"sangat membantu tahu posisi bus ada dimana, jd tdk lama2 menunggu di halte",5,2019-06-06 13:48:30,sangat bantu tahu posisi bus mana jd tdk lama tunggu halte
Kok aplikasi nya gk bisa di gunakan ya,1,2019-06-06 06:40:01,kok aplikasi nya gk di guna
sip,5,2019-06-02 14:46:16,sip
gobissurabaya,5,2019-05-30 10:08:28,gobissurabaya
AMAZING,5,2019-05-27 15:38:10,amazing
Aplikasi GO-BIS mantap,5,2019-05-16 16:12:38,aplikasi gob mantap
sip,5,2019-05-14 19:01:01,sip
"Tolong diperbaiki lagi aplikasinya. Sudah bagus sih, tapi akan lrbih bagus lagi kalau dikasih tau cara naiknya, mekanisme penukaran botol dan tempat penukaran botolnya dimana. Supaya lebih mudah untuk akses naik bus SuroBoyo.",3,2019-05-12 11:02:41,baik aplikasi bagus sih akan lrbih bagus kalau kasih tau cara naik mekanisme tukar botol tempat tukar botol supaya lebih mudah akses naik bus suroboyo
terima ksh bgt pd DAMRI SURABAYA,5,2019-05-08 15:09:27,terima ksh bgt pd damri surabaya
"stlh di update peta rute dan posisi bis ngga keluar, hanya berwarna biru saja, sampai uninstall dan install ulang tetap seperti itu, why ??? haruskah memanfaatkan ilmu terawang....T_T",1,2019-05-03 20:37:27,stlh update peta rute posisi bis ngga keluar warna biru sampai uninstall install ulang tetap itu why harus manfaat ilmu terawangtt
saya suka naik bis suroboyo bersih dan ramah lingkungan,5,2019-05-02 11:35:47,suka naik bis suroboyo bersih ramah lingkung
terimakasih kepada bu Risma bus ini sangat membantu sekali biar hemat ongkos kemana2,5,2019-04-26 18:27:39,terimakasih bu risma bus sangat bantu sekali biar hemat ongkos
bagus pakainya gampang,4,2019-04-26 16:07:55,bagus pakai gampang
"w2w.R1s, wwwecec",2,2019-04-26 09:28:59,wwrs wwwecec
"bagus banget gak perlu tunggu lama-lama sudah tau posisi bus yg akan lewat ,tapi busnya kok sepi apa kurang sosialisasi lagi pengenalan bus Suroboyo + cara penukaran botol (agen penukaran botol yg mudah) tinggal pake stiker jadi tanpa bawa botol biar gak bikin ribet",5,2019-04-20 18:41:49,bagus banget gak perlu tunggu lamalama tau posisi bus yg lewat bus kok sepi apa kurang sosialisasi kenal bus suroboyo cara tukar botol agen tukar botol yg mudah tinggal pake stiker jadi bawa botol biar gak bikin ribet
"gak bisa di akses lokolasi busnya,,,",3,2019-04-19 06:06:11,gak di akses lokolasi bus
"tidak ada tombol update lokasi user, mhn ditambah tombol order utk notifikasi ke bus terdekat dalam satu rute",4,2019-04-16 19:15:07,ada tombol update lokasi user mhn tambah tombol order utk notifikasi bus dekat satu rute
jalur bisnya jelas,5,2019-04-14 20:50:39,jalur bis jelas
bagaimana kita mendapatkan informasi utk wkt keberangkatan sehingga kita tau jadwalnya bis. apakah rute utk dr Unesa ke ITS saja?? sedangkan didlm perumahan pakuwon city ada kampus unika Widya Mandala juga?? tolong spy bs rute kampus yg sejln bs dipertimbangkan utk ditambahkan. terima kasih sebelumnya .,5,2019-04-12 11:42:17,bagaimana dapat informasi utk wkt berangkat kita tau jadwal bis rute utk dr unesa its sedang didlm rumah pakuwon city kampus unika widya mandala tolong spy bs rute kampus yg sejln bs timbang utk tambah terima kasih belum
nggak lengkap.jadwal nya,2,2019-04-08 10:38:52,lengkapjadwal nya
kok kadang eror se,5,2019-04-07 10:36:54,kok kadang eror se
top markotop,5,2019-04-05 19:32:25,top markotop
"driver yg baru2 kurang ramah, mhn info jam terakhir dr bungurasih katanya jam 9 malam nyatanya jam 20.30 terakhir keberangkatan",1,2019-04-02 21:12:32,driver yg baru kurang ramah mhn info jam akhir dr bungurasih kata jam malam nyata jam akhir berangkat
sangat bagus dan menyenangkan,5,2019-03-30 07:57:13,sangat bagus senang
menyenangkan,5,2019-03-28 15:35:58,senang
Bagus..,5,2019-03-23 15:37:07,bagus
kenapa gak keluar rutenya cuma warna biru saja.sudah saya unistal trs saya instal lagi masih gk keluar hanya layar biru.mohon di perbaiki karna GOBIS sangat membantu masyarakat,1,2019-03-22 21:33:27,gak keluar rute cuma warna biru sajasudah unistal trs instal masih gk keluar layar birumohon baik karna gob sangat bantu masyarakat
bagus,5,2019-03-20 07:39:20,bagus
update di ios dong,5,2019-03-18 20:12:53,update ios dong
Aplikasi sangat bagus. Saran saya di aplikasi dapat ditambahkan: 1) syarat/ tata cara penggunaan suroboyo bus. 2) schedule perkiraan bus akan sampai di setiap halte. 3) point2 lokasi tempat wisata dicantumkan di setiap koridor perjalanan bus. untuk memudahkan warga yang ingin wisata sekalian ingin merasakan naik suroboyo bus . mudah2an sukses suroboyo busnya.,4,2019-03-16 22:02:42,aplikasi sangat bagus saran aplikasi tambah syarat tata cara guna suroboyo bus schedule kira bus sampai tiap halte point lokasi tempat wisata cantum di tiap koridor jalan bus mudah warga wisata sekali ingin rasa naik suroboyo bus mudah sukses suroboyo bus
Akurasi waktu kedatangan tiap halte nggak ada.,3,2019-03-15 11:09:59,akurasi waktu datang tiap halte ada
sangat Membantu,5,2019-03-14 06:01:10,sangat bantu
sangat beguna skli bagi msyarakat sby. klu bsa ditmbah lagi rutenya biar masyarakat sby dan skitarnya tau dan mngenal SB sby trima kasih,5,2019-03-10 17:58:21,sangat beguna skli msyarakat sby klu bsa ditmbah rute biar masyarakat sby skitarnya tau mngenal sb sby trima kasih
"Harusnya ada info/tanda jika bis tidak jalan atau jam nya sudah habis, jadi ga nunggu sia sia. Sering terlihat di maps bis nya ada tapi ga jalan jalan.",4,2019-03-07 20:15:04,harus infotanda bis jalan jam nya habis jadi ga nunggu sia sia sering lihat maps bis nya tapi ga jalan jalan
"semenjak auto-update tgl 26 feb 2019.. map dan posisi bus tdk muncul blas.. so, ndk bisa dipake lagi",1,2019-03-04 20:29:51,semenjak autoupdate tgl feb map posisi bus tdk muncul blas so ndk dipake
"semoga di jalankan terus dan di pertambah jalurnya ama bisnya, the best dah semoga orang mulai menikmati angkutan umum yang ada",5,2019-03-01 16:48:03,moga jalan terus di tambah jalur ama bis the best dah moga orang mulai nikmat angkut umum ada
posisi bus hilang setelah update sedihhh,1,2019-02-27 12:29:28,posisi bus hilang update sedihhh
ayo naik bis,5,2019-02-27 09:54:16,ayo naik bis
sangat membantu,5,2019-02-24 12:04:45,sangat bantu
saya dan keluarga merasa senang dengan bus suboyo ..ini ...petugasnya ramah ...dan sopan ..jiadi favorid anak anak saya trimakasih,5,2019-02-23 21:44:30,keluarga rasa senang bus suboyo tugas ramah dan sopan jiadi favorid anak anak trimakasih
tolong info bis kota sama mikroletnya juga ditambahin dong,5,2019-02-22 14:05:03,info bis kota sama mikrolet ditambahin dong
"mungkin lebih baik di update waktu kedatangan supaya orang tidak menunggu terlalu lama di halte, karena hanya melihat gambar bus yg bergerak di peta.",4,2019-02-21 23:40:00,mungkin lebih baik update waktu datang orang tunggu terlalu lama halte hanya lihat gambar bus yg gerak peta
Aplikasinya tak seperti TRANSJAKARTA yang akurat sekali...,1,2019-02-19 15:43:47,aplikasi tak transjakarta akurat sekali
siip banget,5,2019-02-13 14:33:06,siip banget
bus tidak muncul di rute go bus,1,2019-02-11 15:42:33,bus muncul rute go bus
Jelek,1,2019-02-11 14:24:08,jelek
bagus,5,2019-02-10 19:09:25,bagus
"sy diturunkan di pinggir jln. dengan alasan bis akan balek ke garasi, kesalahan sopir tdk bilang trayeknya kemana. sy diturunkan pinggir jln. sy bawa banyak ank kecil mohon unk pengawas dan sopir lebih mengerti sedikit keadaan penumpangnya !!!",1,2019-02-09 21:27:30,sy turun pinggir jln alas bis balek garasi salah sopir tdk bilang trayek sy turun pinggir jln sy bawa banyak ank kecil mohon unk awas sopir lebih erti sedikit ada tumpang
sangat membantu,5,2019-02-07 13:07:25,sangat bantu
hmmm..cb kalu jg di tampilkan jadwal keberangkatan bus Gobis.penumpng jadi bisa kalkulasi keberngktan bus.maju terus bu Risma dan kota Surabaya,4,2019-02-05 09:37:41,hmmmcb kalu jg tampil jadwal berangkat bus gobispenumpng jadi kalkulasi keberngktan busmaju terus bu risma kota surabaya
"map nya tiba"" ga bisa sinkron. tolong dong dishub mapnya diupdate bisar bisa liat posisi bus nya di mana...(padahal dah pembaruan map ma aplikasi trnyata tetep gak ngaruh) 😑",2,2019-02-04 14:31:25,map nya tiba ga sinkron dong dishub map diupdate bisar liat posisi bus nya manapadahal dah baru map ma aplikasi trnyata tetep gak ngaruh
"app ga bisa update dgan gmap, Disbub mohon update ya app sd bgus lbih bgus lg kl sprti grab dan gojek, jd kita tw posisi bus brada d titik mn trima kasih",4,2019-02-03 08:55:18,app ga update dgan gmap disbub mohon update app sd bgus lbih bgus lg kl sprti grab gojek jd tw posisi bus brada d titik mn trima kasih
lokasi bus tidak muncul di map.,1,2019-02-01 16:54:08,lokasi bus muncul map
kurang simple.stiap tempat pemberhentian baiknya dicantumkan,3,2019-01-31 17:27:50,kurang simplestiap tempat henti baik cantum
bagus,5,2019-01-30 20:26:43,bagus
"mantab, semoga tetap terjaga keadaan seperti sekarang ini., dan untuk kedepannya di tambah lg aplikasi untuk memberi tau penumpang, apa bus penuh apa sedikit penumpangnya. terkadang kendala kemacetan mmng, apa lagi kalau habis hujan. lain ok deeeh.👍🏽",5,2019-01-30 18:32:32,mantab moga tetap jaga ada sekarang dan depan tambah lg aplikasi beri tau tumpang apa bus penuh apa sedikit tumpang terkadang kendala macet mmng apa kalau habis hujan ok deeeh
tidak banyak membantu utk cari busnya,4,2019-01-30 12:36:19,banyak bantu utk cari bus
sipp deh,5,2019-01-28 13:50:06,sipp deh
Petugas bis nya lumayan tegas. Tp kurang senyum & ngga ramah.,3,2019-01-28 11:48:56,tugas bis nya lumayan tegas tp kurang senyum ngga ramah
Hanya ada di Surabaya bayar ongkos bus pakai sampah. Terimakasih Ibu Risma. Hanya petugas busnya saya lihat kurang ramah. Terlalu banyak pertanyaan. Kalau sudah ada kupon ya harusnya naik sj dan tinggal diinfo Bus nya jurusan kemana.,5,2019-01-27 16:46:29,ada surabaya bayar ongkos bus pakai sampah terimakasih ibu risma tugas bus lihat kurang ramah terlalu banyak tanya kalau ada kupon harus naik sj tinggal info bus nya jurus
sangat membantu,5,2019-01-26 18:15:14,sangat bantu
tidak suport dengan google map tampilan peta nya jadi modus malam,4,2019-01-25 04:42:24,suport google map tampil peta nya jadi modus malam
sangat membantu,5,2019-01-24 17:31:58,sangat bantu
klo kemaleman jam 19.30 tdk mau berhenti,3,2019-01-24 06:54:16,klo maleman jam tdk mau henti
banyak error nya,2,2019-01-22 14:33:13,banyak error nya
"tolong di cantumkan sampai hari apa dan jam berapa saja,, terima kasih",1,2019-01-19 07:23:18,di cantum hari apa jam berapa terima kasih
Good Service,5,2019-01-17 18:14:31,good service
kok di aplikasinya tidak bisa memuat layanan google maps dengan benar. gimana ya?? saya gabisa tau dimana letak bus nya,1,2019-01-17 12:06:51,kok aplikasi bisa muat layan google maps benar gimana saya gabisa tau letak bus nya
"beberapa hr tidak menampakkan posisi bus merah, dan ini jarak tgu sangat lama pada malam hari saya tgu selasa 15 jan 19. padahal secara info dpt tambahan 10 dab mmg tdk beroperasi semua. Nah saat saya ketik bus merah bus kuning tdk ada. saya ketik ini pukul 20.02 .30 menit sdh kemana tuh tdk terdetek. mohon dapat diperhatikan. trma kasih",1,2019-01-15 20:02:58,beberapa hr tampak posisi bus merah jarak tgu sangat lama malam hari tgu selasa jan padahal info dpt tambah dab mmg tdk operasi semua nah saya ketik bus merah bus kuning tdk saya ketik ini pukul menit sdh tuh tdk terdetek mohon perhati trma kasih
kok beberapa hari ini tidak terdeteksi ya bis nya ... tapi tetep okelah ...,3,2019-01-15 14:50:00,kok beberapa hari tidak deteksi bis nya tetep oke
"Tolong ditambahkan informasi mengenai estimasi waktu keberangkatan dari ITS, UNESA, JEMBATAN MERAH, dan BUNGURASIH",3,2019-01-14 18:34:43,tambah informasi kena estimasi waktu berangkat its unesa jembatan merah bungurasih
Mas ini sy nunggu hampir 1 jam kok gaada yg lewat ya :(,2,2019-01-12 14:07:05,mas sy nunggu hampir jam kok gaada yg lewat
"tolong diberikan jam datangnya, bus yg diapps tidak sesuai dengan yg di jalan, saya pernah melihat bus di unesa tp di appsnya tidak ada bus yg diunesa. Terima kasih :)",2,2019-01-12 11:44:28,beri jam datang bus yg diapps sesuai yg jalan pernah lihat bus unesa tp appsnya ada bus yg diunesa terima kasih
untuk tambahan armada yg baru... kayaknya belum terlihat dari aplikasi yaaaa????,5,2019-01-10 12:08:03,tambah armada yg baru kayak lihat aplikasi yaaaa
"Saran, aplikasinya ditambahkan kuota orang yang sudah masuk bisa dilihat... Jadi orang yang menunggu di halte bisa melihat busnya masih bisa dinaiki atau sudah penuh",5,2019-01-02 05:26:31,saran aplikasi tambah kuota orang sudah masuk lihat jadi orang tunggu halte lihat bus bisa naik sudah penuh
Baca ..langsung install ...OK BANGET,5,2018-12-30 16:05:01,baca langsung install banget
saran saja..mungkin bisa ditambahkan informasi tarif untuk masing2 transportasi..terima kasih,5,2018-12-29 06:36:10,saran sajamungkin tambah informasi tarif masing transportasiterima kasih
belum ada jam jadwal keberangkatannya...,3,2018-12-26 10:24:00,ada jam jadwal berangkat
kalau mau naik itu harus bawa botol atau bagaimana buat alat pembayaranya,4,2018-12-24 21:19:45,kalau mau naik harus bawa botol bagaimana buat alat pembayaranya
"nunggunya lama banget pernah sejam an, gak jelas jadwal jam berapa aja",2,2018-12-24 14:04:15,nunggunya lama banget pernah jam an gak jelas jadwal jam berapa aja
"armadanya di tambahin, masa nunggu harus 2 jam",3,2018-12-20 16:37:24,armada tambahin masa nunggu jam
aplikasi mantap....semoga semakin maju dan nyaman moda transportasi disurabaya,5,2018-12-18 20:16:54,aplikasi mantapsemoga makin maju nyaman moda transportasi disurabaya
wkwk app,1,2018-12-18 14:54:59,wkwk app
"Masih banyak Bug nya, over all it's okay",5,2018-12-09 18:57:08,banyak bug nya over all its okay
"Aplikasi tidak sesuai espektasi. Jika aplikasi ini bisa digunakan dengan baik akan sangat menguntungkan. Mohon untuk diperbaiki, kami akan menunggu",2,2018-12-09 05:24:12,aplikasi sesuai espektasi aplikasi bisa guna baik sangat untung mohon baik akan tunggu
"Ternyata posisi bisnya kurang akurat. Benar2 diharapkan kedepannya bisa lebih akurat posisi bisnya. Dan kalau bisa, dilampirkan jadwal pasti dari keberangkatan bisnya. Matur suwun atas inovasi bergunanya 👍",5,2018-12-05 06:42:05,nyata posisi bis kurang akurat benar harap depan lebih akurat posisi bis kalau lampir jadwal dari berangkat bis matur suwun atas inovasi guna
Aplikasinya baguss bangettt...😊😊😊😊😊,5,2018-12-02 07:08:21,aplikasi baguss bangettt
Nunggunya lama pake bangettttt 1 jam ga jalan jalan bikin org males,3,2018-11-24 13:49:30,nunggunya lama pake bangettttt jam ga jalan jalan bikin org males
Kalo.pakai aplikasih ini saya bisa pesan bus merah surabaya dengan gampang dan online terimakasih DISHUB KOTA SURABAYA,5,2018-11-22 20:45:21,kalopakai aplikasih saya pesan bus merah surabaya gampang online terimakasih dishub kota surabaya
Mantappppppp,5,2018-11-19 06:46:02,mantappppppp
"Lokasi bis hanya bisa dilihat kalau sudah berada di jalur. Kalau diluar jalur tdk bisa, padahal butuh buat perkiraan waktu dr rumah ke halte terdekat. Jadi tidak usah menunggu lama. Pernah sudah nunggu lama di halte ternyata bus penuh dan tdk boleh naik. 🤔",3,2018-11-18 14:32:43,lokasi bis lihat kalau ada jalur kalau luar jalur tdk bisa padahal butuh buat kira waktu dr rumah halte dekat jadi usah tunggu lama pernah nunggu lama halte nyata bus penuh tdk naik
Maps kurang akurat.. Mohon dibenerin terlebih dahulu,3,2018-11-14 16:37:12,maps kurang akurat mohon dibenerin lebih
Ini gobis naiknya pakai botol atau uang,3,2018-11-12 17:25:18,gob naik pakai botol uang
"Untuk jalur unesa its nunggu hingga 1jam lbh, gak ada jadwal pasti. Jadi kadang terlambat kuliah. Jadi se enak bisnya kpn mau brangkat",3,2018-11-09 13:57:39,jalur unesa its nunggu hingga jam lbh gak jadwal jadi kadang lambat kuliah jadi se enak bis kpn mau brangkat
Kenapa Aplikasinya sering tidak jalan sesuai.,1,2018-10-28 15:18:43,aplikasi sering jalan sesuai
Tingkatkan gps,5,2018-10-28 06:06:43,tingkat gps
"lah selalu ada tulisan ""halaman ini tidak dapat memuat googpe maps dengan benar"" padahal selalu update hmm",4,2018-10-24 09:59:26,lah selalu tulis halaman tidak muat googpe maps benar padahal selalu update hmm
"Wess apik,tapi bis e kyk e kurang ngenteni 20 menit, yolek kene gowo pacar enak onok seng dijak ngoomong,sakno seng jomblo min 😭😭",4,2018-10-24 06:15:13,wess apiktapi bis e kyk e kurang ngenteni menit yolek kene gowo pacar enak onok seng dijak ngoomongsakno seng jomblo min
Kalo hari minggu gag berfungsi,5,2018-10-21 18:09:10,kalo hari minggu gag fungsi
"Sudah dicoba dibebepara smartphone dengan card yg berbeda"" tetap error.. mohon perbaiki lg",2,2018-10-21 10:29:58,coba dibebepara smartphone card yg beda tetap error mohon baik lg
"Tolong diperbarui maneh, rodok eror aplikasi, gak menyatu karo google maps",3,2018-10-19 17:52:55,baru maneh rodok eror aplikasi gak satu karo google maps
Kenapa tidak kerjasama dengan Trafi saja seperti TransJakarta. Interface aplikasi Trafi lebih bagus dan mudah dilihat.,3,2018-10-19 15:24:47,tidak kerjasama trafi seperti transjakarta interface aplikasi trafi lebih bagus mudah lihat
Sangat bagus. Cuman kalau dilacak di aplikasi bus terdekat yg nampil selalu bis SB03,5,2018-10-19 12:55:23,sangat bagus cuman kalau lacak aplikasi bus dekat yg nampil selalu bis sb
Aplikasi ini sangat bermanfaat,5,2018-10-18 06:04:26,aplikasi sangat manfaat
sering ga jalan aplikasinya,2,2018-10-17 18:05:44,sering ga jalan aplikasi
"Bagus sih...tp sayang cari bus terdekat gak muncul""...gak ada jwdl juga...tlog diperbaiki lg apk nya",2,2018-10-17 05:19:03,bagus sihtp sayang cari bus dekat gak munculgak jwdl jugatlog baik lg apk nya
Tolong tambahkah jadwal ditiap halte..,4,2018-10-16 20:34:27,tambah jadwal tiap halte
"Sekarang malah gak sinkron sama jalur busnya, di pencet jurusan mana, yang muncul jurusan yang mana",2,2018-10-15 18:12:42,sekarang malah gak sinkron sama jalur bus pencet jurus mana muncul jurus mana
Kok gak bisa singkron sama geogel nao,5,2018-10-14 16:25:43,kok gak singkron sama geogel nao
Manajemennya saat banyak calon penumpang kurang baik,1,2018-10-14 11:59:31,manajemen banyak calon tumpang kurang baik
Di update teros tak kei jempol full budhe,3,2018-10-06 21:37:43,update ros tak kei jempol full budhe
jos,5,2018-10-05 12:22:42,jos
"sangat membantu untuk mengurangi kemacetan, sayamg armadanya kurang,",5,2018-10-04 22:19:15,sangat bantu kurang macet sayamg armada kurang
Di tunggu pengembangan yang lebih baik lagi,5,2018-10-04 22:14:16,tunggu kembang lebih baik
Jika anda bingung menyusuri kota Surabaya tapi tidak tahu menggunakan kendaraan apa maka cobalah menaiki BusSuroboyo ini.,5,2018-10-04 22:01:58,anda bingung susur kota surabaya tidak tahu guna kendara apa coba naik bussuroboyo
Kalau untuk warga ktp non sby gmn min? Apakah bsa,4,2018-10-04 13:31:31,kalau warga ktp non sby gmn min bsa
Suka,5,2018-10-04 09:43:35,suka
Aplikasi keren. Bisa tracking Suroboyo Bus. Dilengkapi dengan rute-rute transportasi umum di Surabaya serta tempat-tempat wisata di Surabaya,5,2018-10-01 23:33:09,aplikasi keren tracking suroboyo bus lengkap ruterute transportasi umum surabaya tempattempat wisata surabaya
Bis e kesuweeeeeennnnn,5,2018-09-28 20:13:14,bis e kesuweeeeeennnnn
Jelek,1,2018-09-24 11:05:02,jelek
"Mau ngasih masukan : Bilamana bus surabaya sudah penuh , tolong dikasih info di aplikasi agak penumpang bisa tahu. Kejadian kepada saya udah menunggu lama terus bus nya penuh dan saya tidak diperbolehkan naik... Sukses Buat soroboyobus",3,2018-09-22 16:14:56,mau ngasih masuk bilamana bus surabaya penuh kasih info aplikasi tumpang tahu jadi saya udah tunggu lama terus bus nya penuh saya boleh naik sukses buat soroboyobus
"Ini buat apa aplikasi nya? Lihat jalur aja? Gak informatif, jadwal juga dimana? Harga juga gak ada. Gak ada bantu2 nya nih apps. Kalo jalur mah liat di IG aslisurabaya juga ada LoL",1,2018-09-19 07:12:41,buat apa aplikasi nya lihat jalur aja gak informatif jadwal mana harga gak gak bantu nya nih apps kalo jalur mah liat ig aslisurabaya ada lol
Good,5,2018-09-17 13:48:52,good
Sangat membantu terima kasih..,5,2018-09-16 10:22:59,sangat bantu terima kasih
"Siapa pun tlg ksh tau aku gmn caranya pake aplikasi ini.. hub id line = ernymay1151 makasih🙏, sumpah aku g tau caranya 😭",5,2018-09-15 16:56:05,siapa tlg ksh tau aku gmn cara pake aplikasi hub id line ernymay makasih sumpah aku g tau cara
Sangat ideal,5,2018-09-15 16:49:06,sangat ideal
Update jalur nya beda ya buat Unesa dan ITS. Malah itu jalurnya Purabaya gt. Nunggu nya jadi lama gak jelas. Update lagi dong,5,2018-09-11 10:37:24,update jalur nya beda buat unesa its malah jalur purabaya gt nunggu nya jadi lama gak jelas update dong
Mantab,4,2018-09-10 17:01:16,mantab
Ditunggu tracking rute barat timur,5,2018-09-10 16:43:52,tunggu tracking rute barat timur
"Aplikasinya uda bagus, hampir sama sprti Flightradar24. Utk AKURASI POSISI BIS dan JENIS BIS mohon ditingkatkan lagi biar setara Flightradar24. Jadi kalo nunggu bis enak bisa tau posisi bisnya secara presisi dan jenis bisnya ap? bis tingkat atau bukan? Biar setara flightradar24 gitu lah..",4,2018-09-10 05:33:23,aplikasi uda bagus hampir sama sprti flightradar utk akurasi posisi bis jenis bis mohon tingkat biar tara flightradar jadi kalo nunggu bis enak tau posisi bis presisi jenis bis ap bis tingkat bukan biar tara flightradar gitu lah
Tidak responsif aplikasinya ... Lama connect ke GPS-nya ...,2,2018-09-08 14:07:27,responsif aplikasi lama connect gpsnya
Yes,5,2018-09-08 13:39:00,yes
Sejak saya perbarui app nya ... Jadi g akurat map nya ... Bus arah unesa masuk ke rute bus arah purabaya ... Yang arah purabaya malah g kelihatan,2,2018-09-08 10:08:34,sejak baru app nya jadi g akurat map nya bus arah unesa masuk rute bus arah purabaya arah purabaya malah g lihat
Busnya yang rute UNESA ITS gak kelihatan,1,2018-09-07 16:09:38,bus rute unesa its gak lihat
Bagaimana cara membedakan bus non hd mercy (bis merah) dg bus SDD oc500rf min.??? Bila melihat dri gps bus terdekat..,4,2018-09-05 22:23:26,bagaimana cara beda bus non hd mercy bis merah dg bus sdd ocrf min bila lihat dri gps bus dekat
Smakin maju surabayaq,5,2018-09-02 04:06:18,smakin maju surabayaq
"Jadwal yang katanya sampai malam, namun waktu saya ke halte Purabaya pukul 8. Bus sudah tidak ada. Di aplikasi ada bus padahal. Aplikasi gak ada alat bantunya",1,2018-09-01 15:41:53,jadwal kata malam waktu ke halte purabaya pukul bus tidak di aplikasi bus padahal aplikasi gak alat bantu
"Sangat informatif bagi warga surabaya khususnya pendatang dan wisatawan 
jadi tau moda transportasi umum. Namun lebih baik lagi disertakan info soal 
tarif masing2 amgkutan umum agar kita lebih tau soal biaya dan estimasi 
pengeluaran. Maju terus suroboyoku",4,2018-08-19 06:43:08,sangat informatif warga surabaya khusus datang wisatawan jadi tau moda transportasi umum lebih baik serta info soal tarif masing amgkutan umum kita lebih tau soal biaya estimasi keluar maju terus suroboyoku
Nice,4,2018-08-15 13:12:07,nice
Mantap,5,2018-08-15 08:46:11,mantap
Sayang terlalu lama nunggu armadanya..,5,2018-08-14 09:20:27,sayang terlalu lama nunggu armada
terimakasih untuk wali kota Surabaya yaitu bu tri risma harini ❤,5,2018-07-23 23:29:26,terimakasih wali kota surabaya bu tri risma harini
Titik bus masih belup update. Jadi Penumpang harus menunggu,3,2018-07-08 22:06:46,titik bus belup update jadi tumpang tunggu
Memuaskan Sekali. Terima kasih,5,2018-07-07 05:27:08,muas sekali terima kasih
Terus perkembangkan Surabaya untuk lebih maju lagi dari negara lain,5,2018-07-06 20:58:11,terus kembang surabaya lebih maju dari negara
Senan,5,2018-07-05 16:57:37,sen
"sipp banget.udah berkali kali naik bus ini.mungkin bus nya harus d tambah 
lg😘",5,2018-07-01 11:35:05,sipp bangetudah kali kali naik bus inimungkin bus nya d tambah lg
Pls untuk ditambahkan posisi bus Biar kita gk banyak buang waktu nunggu bus,4,2018-06-26 14:50:18,pls tambah posisi bus biar gk banyak buang waktu nunggu bus
"Hari Sabtu 23 Juni 2018, pukul 18.10 , saya tiba di pemberangkatan bus kota 
di terminal Purabaya. Lalu saya tanya ke pegawai dishub yang ada di pos, 
nunggu di sebelah mana kalau mau naik Suroboyo bus? Jawabnya : kalau jam 
segini, Suroboyo bus udah habis. Akhirnya saya naik bus kota. Yang saya mau 
tanyakan, Suroboyo bus beroperasi sampai jam berapa? Trus di terminal 
Purabaya, nunggu Suroboyo bus di sebelah mana? Makasih.",3,2018-06-25 13:12:05,hari sabtu juni pukul tiba berangkat bus kota terminal purabaya lalu tanya pegawai dishub ada pos nunggu belah mana kalau mau naik suroboyo bus jawab kalau jam gin suroboyo bus udah habis akhir naik bus kota saya mau tanya suroboyo bus operasi jam berapa trus terminal purabaya nunggu suroboyo bus belah mana makasih
Cucok deh hmm 😂😂,5,2018-06-17 20:44:56,cucok deh hmm
sesuai dengan harapan 💛 maju terus suroboyo,5,2018-06-13 12:35:42,sesuai harap maju terus suroboyo
Semoga ada juga yg antar kota,3,2018-06-02 20:03:00,moga juga yg antar kota
"Ketika ingin naik bus surabaya tidak terlihat titik busnya berada dimana. 
Jadi jika customer naik harus menunggu lagi, karena busnya tidak tau datang 
jam berapa",3,2018-06-02 12:00:37,ingin naik bus surabaya lihat titik bus ada jadi customer naik tunggu karena bus tau datang jam berapa
"Desain layout Tulisan dan icon kurang menarik,.. Mohon perbaiki lagi 
desainnya agar nampak berkelas, dan mewah.",3,2018-06-02 11:36:47,desain layout tulis icon kurang tarik mohon baik desain nampak kelas mewah
"Apik Ikhi.Ben Pendatang Ngerti Dalan Lan Angkotan Umum Opo Seng 
DiTumpaiSampai Tujuan.Dukung Terus AplikasiSurabaya",5,2018-06-02 11:31:51,apik ikhiben datang ngerti dal lan angkotan umum opo seng ditumpaisampai tujuandukung terus aplikasisurabaya
👳 mantaaap,5,2018-05-28 17:26:29,mantaaap
Semakin maju Dishub Surabaya,5,2018-05-09 10:50:45,makin maju dishub surabaya
"Untuk semua pengguna aplikasi ini perlu GPS lokasi pada Handphone android 
anda",5,2018-05-08 08:15:46,semua guna aplikasi perlu gps lokasi handphone android
