Nama_User,Rating,Tanggal,Ulasan,Ulasan_Bersih
Sena Wahyu,1,2026-03-01 16:55:14,"sering kali error, koneksi terputus, bener bener gak nyaman..",sering kali error koneksi terputus bener bener gak nyaman
aldi waluyo,1,2026-03-01 13:40:44,"ayolah para it yaitu programer dan lainnya ini aplikasimu banyak bugnya , koneksi sering error putus , tracking armada tidak muncul masa gini terus perbaiki lah masa ngak ada tim IT nya untuk mengatasi troubleshoot seperti ini seperti di biarkan begini",ayolah para it yaitu programer dan lainnya ini aplikasimu banyak bugnya koneksi sering error putus tracking armada tidak muncul masa gini terus perbaiki lah masa ngak ada tim it nya untuk mengatasi troubleshoot seperti ini seperti di biarkan begini
Baraa Ziyad Ramadhan,1,2026-02-28 11:28:36,tolong di setiap bus stop di berikan tempat duduk dan tempat berteduh,tolong di setiap bus stop di berikan tempat duduk dan tempat berteduh
mufida aly,3,2026-02-27 19:44:58,banyak bug. lupa password susah dilakuin,banyak bug lupa password susah dilakuin
Hamid Amid,5,2026-02-26 15:07:22,"perbaiki lah aplikasinya lihat map, menjauh lagi, bis nya atau Wira-wiri juga gak ada di maps",perbaiki lah aplikasinya lihat map menjauh lagi bis nya atau wira wiri juga gak ada di maps
DHAFIN MATTHEW,1,2026-02-26 12:16:12,aplikasi ga jelas login setengah jam ga bisa2,aplikasi ga jelas login setengah jam ga bisa
Agus Riyanto,1,2026-02-26 12:13:50,"Sering error sangat mengecewakan, tiba2 koneksi terputus sehingga tidak bisa dipakai padahal udah top up banyak",sering error sangat mengecewakan tiba koneksi terputus sehingga tidak bisa dipakai padahal udah top up banyak
Kin Indriani,1,2026-02-26 10:26:32,SAYA HERAN SAMA ORANG ORANG YANG PUNYA MOBIL ATAU TRUCK . CUMA BISA PARKIR SEMBARANGAN YANG NUTUTUPI HALTE BUS APA LAGI SUDAH SATU TAHUN INI SAYA PAKAI TRANSPOTASI UMUM BUS SBY . TAPI TIDAK ADA PERUBAHAN .PEMERINTAH HARUSNYA MENDISPLINKAN ORANG ORANG ITU AGAR TIDAK PARKIR YANG EMANG HARUSNYA BUKAN TEMPAT PARKIR UMUM . UNTUK DRIVER BUS JANGAN MAKAN GAJI BUTA YANG SETIAP HALTE DILEWATKAN HARUSNYA TAU JALUR RUTE HALTE YANG HARUS HENTIKAN AGAR PENUMPANG TIDAK MENUNGGU DI HALTE TRUS DI LEWATKAN SAJA,saya heran sama orang orang yang punya mobil atau truck cuma bisa parkir sembarangan yang nututupi halte bus apa lagi sudah satu tahun ini saya pakai transpotasi umum bus sby tapi tidak ada perubahan pemerintah harusnya mendisplinkan orang orang itu agar tidak parkir yang emang harusnya bukan tempat parkir umum untuk driver bus jangan makan gaji buta yang setiap halte dilewatkan harusnya tau jalur rute halte yang harus hentikan agar penumpang tidak menunggu di halte trus di lewatkan saja
QC Transfer,1,2026-02-26 09:46:22,"Tolong lah perbaiki bug nya, masak mau daftar aja udah nungguin lama tiba tiba gagal,",tolong lah perbaiki bug nya masak mau daftar aja udah nungguin lama tiba tiba gagal
Maulana Aditya,4,2026-02-23 16:25:35,tolong tambahin fitur bus penuh jadi tau,tolong tambahin fitur bus penuh jadi tau
Sydney Evelyna,1,2026-02-23 12:46:53,"kenapa kadang tidak ada gambar mobil yg jalan itu, jadi saya bingung mobilnya sampai mana.. padahal jaringan juga lancar. tolong dibenarkan ya, kenapa waktu mau lihat rute tidak muncul padahal koneksi lancar jaya",kenapa kadang tidak ada gambar mobil yg jalan itu jadi saya bingung mobilnya sampai mana padahal jaringan juga lancar tolong dibenarkan ya kenapa waktu mau lihat rute tidak muncul padahal koneksi lancar jaya
Septiani Putri,1,2026-02-21 10:49:40,aplikasi nya tolong lah diperbaiki sebagai mungkin. erorr trs,aplikasi nya tolong lah diperbaiki sebagai mungkin erorr trs
Muhammad Chusni,1,2026-02-21 07:06:18,lemot dan eror terus,lemot dan eror terus
Paulina S,1,2026-02-21 06:21:39,"Banyak sekali bug nya, sering banget tertulis koneksi putus, padahal koneksinya lagi baik baik saja, bahkan untuk login akun saja susah sekali.. mohon segera diperbaiki",banyak sekali bug nya sering banget tertulis koneksi putus padahal koneksinya lagi baik baik saja bahkan untuk login akun saja susah sekali mohon segera diperbaiki
Wahyu Nur,1,2026-02-21 06:15:33,"aplikasi sering bug koneksi terputus, padqhal sudah top up 40 tiket",aplikasi sering bug koneksi terputus padqhal sudah top up tiket
Sella Auliya Rahmah,1,2026-02-21 06:13:00,Halo Developer. Kenapa aplikasi Gobis akhir-akhir ini eror ya? pembelian tiket tidak dapat dilakukan.,halo developer kenapa aplikasi gobis akhir akhir ini eror ya pembelian tiket tidak dapat dilakukan
Rusmono Fairuz,1,2026-02-20 08:07:56,untuk tracking bus nya sering tidak muncul...koneksi putus....!!! Untuk jam kerja ato jam sibuk...brgkat dr purabaya nya klo bisa di percepat,untuk tracking bus nya sering tidak muncul koneksi putus untuk jam kerja ato jam sibuk brgkat dr purabaya nya klo bisa di percepat
Amara Nebula,1,2026-02-19 16:46:51,error mulu applikasinya,error mulu applikasinya
Bimas Permana,1,2026-02-19 12:45:32,driver SB WW gak niat cari penumpang. harusnya mendekati halte cek dulu ada orang mau naik gak. bukannya patas aja. yaa gini nih kalau kerjanya ngasal dan gak ikhlas,driver sb ww gak niat cari penumpang harusnya mendekati halte cek dulu ada orang mau naik gak bukannya patas aja yaa gini nih kalau kerjanya ngasal dan gak ikhlas
Fangny Farida,2,2026-02-18 07:51:22,Lama banget nunggu bis berangkat. Masuk dalam bis jam 06.58..sampe jam 07.50 blom jalan?!!! Yang atur jadwal makin lama makin ga jelass. Bukan lama diperjalanan. Lama nunggu bis ini. Angkutan publik kok lemot amat. Perbaiki layanannya!!! Padahal ini rabu bukan hari senin,lama banget nunggu bis berangkat masuk dalam bis jam sampe jam blom jalan yang atur jadwal makin lama makin ga jelass bukan lama diperjalanan lama nunggu bis ini angkutan publik kok lemot amat perbaiki layanannya padahal ini rabu bukan hari senin
Vario 125,2,2026-02-16 08:16:42,gak bisa lihat posisi armada... mohon lekas diupdate/diperbaiki..,gak bisa lihat posisi armada mohon lekas diupdate diperbaiki
Sheira Ekaputri Wijayanto,1,2026-02-15 14:40:21,gobis ni emang gabisa dibuka lewat paket data apa gimana sih? aplikasi gobisku gapernah bisa dipake buat ngecek bus kalo aku buka pake paket data🙁,gobis ni emang gabisa dibuka lewat paket data apa gimana sih aplikasi gobisku gapernah bisa dipake buat ngecek bus kalo aku buka pake paket data
Sur_ Guns,1,2026-02-15 11:49:01,kok tampilannya ilang? Gabisa Login,kok tampilannya ilang gabisa login
Romi Romi,1,2026-02-14 14:58:27,aplikasi gak guna masak mau lihat titik bus yaa mesti koneksi putus 😆,aplikasi gak guna masak mau lihat titik bus yaa mesti koneksi putus
Khansa Veda Janitra (Khansa_D4 Desain Grafis),1,2026-02-12 18:33:12,mobil wira wiri sekecil itu buat surabaya yg sepadet ini? mana armadanya dikit bgt lg gtau apa penumpangnya kek babon babon semua tolong dong simpatinya pemerintah,mobil wira wiri sekecil itu buat surabaya yg sepadet ini mana armadanya dikit bgt lg gtau apa penumpangnya kek babon babon semua tolong dong simpatinya pemerintah
sunita widiani,1,2026-02-12 10:19:50,"saldo tb tb ilang pdhl blm ada transaksi, mending balik qris aja transaksinya. ribet",saldo tb tb ilang pdhl blm ada transaksi mending balik qris aja transaksinya ribet
Tuny Ekowati1,3,2026-02-11 17:20:26,"Suka banget bisa jalan jalan keliling Surabaya. Sayangnya, sering banget sisa kapasitas ga update, barusan aja di aplikasi sisa kapasitasnya 60, giliran bus nya dateng udh full :( padahal lagi buru buru",suka banget bisa jalan jalan keliling surabaya sayangnya sering banget sisa kapasitas ga update barusan aja di aplikasi sisa kapasitasnya giliran bus nya dateng udh full padahal lagi buru buru
the opportunity,1,2026-02-10 15:06:49,titik bus tdk sesuai map,titik bus tdk sesuai map
Ronggo Warsito,5,2026-02-10 08:08:20,oke,oke
Zainal Pekeng,1,2026-02-09 17:39:03,saya top up kok malah ngga masuk aneh........,saya top up kok malah ngga masuk aneh
Nanda,1,2026-02-09 17:23:47,lemot,lemot
Mona,2,2026-02-09 06:26:30,"Aplikasi eroran , trackingnya sering ga muncul",aplikasi eroran trackingnya sering ga muncul
Moch.Syahdu Edo,5,2026-02-09 06:00:14,bagus sangat membantu,bagus sangat membantu
Fajar Himawan,2,2026-02-05 17:06:46,map sering eror GPS tidak akurat mohon diperbaiki.,map sering eror gps tidak akurat mohon diperbaiki
kenmasanly,3,2026-02-05 12:56:19,"harap benerin tracking nya boss, trackingnya gabisa diliat posisi kendaraan nya",harap benerin tracking nya boss trackingnya gabisa diliat posisi kendaraan nya
aura putri,1,2026-02-05 08:41:07,"tolong lah keberangkatan sesuai jam jadwal yang tertera, masa wira wiri arah lakarsantri kode A di jam 8 keatas gaada sama sekali lewat? malah ngumpul di pusat nya. orang juga ada yang mau kerja, sekolah, ngejar waktu loh. smoga aja bisa ngerasain gmn apes nya kalo telat ya. perbaiki lah sistem nya, merugikan sekali, kami juga bayar.",tolong lah keberangkatan sesuai jam jadwal yang tertera masa wira wiri arah lakarsantri kode a di jam keatas gaada sama sekali lewat malah ngumpul di pusat nya orang juga ada yang mau kerja sekolah ngejar waktu loh smoga aja bisa ngerasain gmn apes nya kalo telat ya perbaiki lah sistem nya merugikan sekali kami juga bayar
Chenan Tixki,2,2026-02-03 15:17:04,"Gak bisa beli tiket maupun login pakai data seluler gak peduli mau sebagus apapun jaringannya karena pasti selalu gagal dengan tulisan ""koneksi terputus"" begitu, jadi untuk segala halnya harus tetring wifi. Mohon diperbaiki, menyusahkan.",gak bisa beli tiket maupun login pakai data seluler gak peduli mau sebagus apapun jaringannya karena pasti selalu gagal dengan tulisan koneksi terputus begitu jadi untuk segala halnya harus tetring wifi mohon diperbaiki menyusahkan
Chiboy Cristian Sibarani,1,2026-02-03 09:25:54,Strategi pemeliharaan aplikasinya sangat buruk. Aplikasi sering bug dan error. Saya tidak bisa track feeder karena GPS-nya sama sekali tidak muncul. Padahal sinyal sudah bagus. tolong segera diperbaiki,strategi pemeliharaan aplikasinya sangat buruk aplikasi sering bug dan error saya tidak bisa track feeder karena gps nya sama sekali tidak muncul padahal sinyal sudah bagus tolong segera diperbaiki
gilang tomi,1,2026-02-02 19:13:07,"bug mulu rutenya, ngeselin",bug mulu rutenya ngeselin
Eka maria Christin,1,2026-02-02 12:19:26,"tiket hemat sering berkali kali tiba tiba hilang jadi 0.. pas mau pakai akhirnya jadi pakai qris mau liat bis atau feeder nya jg jadi gak bisa krn gak muncul tlong dong sistem nya diperbaiki jngan error trs... klo gak gitu tiket hemat kliatan ada tapi pas mau bayar gak bisa"" trs.. pdahal sinyal full",tiket hemat sering berkali kali tiba tiba hilang jadi pas mau pakai akhirnya jadi pakai qris mau liat bis atau feeder nya jg jadi gak bisa krn gak muncul tlong dong sistem nya diperbaiki jngan error trs klo gak gitu tiket hemat kliatan ada tapi pas mau bayar gak bisa trs pdahal sinyal full
fanfan,2,2026-01-31 16:33:31,tolong diperbaiki bug dan erornya... saya kadung top up 100rb dan saya ga bisa gunain saldo gobis karena applikasinya terus bilang koneksi internet terputus padahal internet saya baik2 saja.. tolong banget kakak2 🥹🙏🏼,tolong diperbaiki bug dan erornya saya kadung top up rb dan saya ga bisa gunain saldo gobis karena applikasinya terus bilang koneksi internet terputus padahal internet saya baik saja tolong banget kakak
Indah muliawati Poerwoko,1,2026-01-30 22:35:29,gak nyambung nyambung. koneksi terputus,gak nyambung nyambung koneksi terputus
Anorizta AW 06,4,2026-01-30 17:46:06,"Mau saran aja, untuk busnya bisa tolong di kasih keterangan berapa jumlah penumpang yang ada di bus nya kayak apk bus sebelah? Jadi kita(penumpang) bisa tau apakah bus yang mau kita naiki penuh atau tidak",mau saran aja untuk busnya bisa tolong di kasih keterangan berapa jumlah penumpang yang ada di bus nya kayak apk bus sebelah jadi kita penumpang bisa tau apakah bus yang mau kita naiki penuh atau tidak
ishak rianto1,1,2026-01-30 16:57:04,"Lokasi mobil ga muncul², alasannya koneksi terputus, padahal wifi bener² aman, app ga niatt, saya akhirnya suka telat karena lokasi mobilnya ga muncul², tolong di perbaiki, app pemerintah suka ga jelas",lokasi mobil ga muncul alasannya koneksi terputus padahal wifi bener aman app ga niatt saya akhirnya suka telat karena lokasi mobilnya ga muncul tolong di perbaiki app pemerintah suka ga jelas
iqbal rizky,1,2026-01-30 11:47:38,"hapus aja lah, gak bisa di pakai Aplikasi ya. gak guna",hapus aja lah gak bisa di pakai aplikasi ya gak guna
Tio Dianto,1,2026-01-30 06:18:09,Rute dari smkn 4 kranggan ke balongsari tandes tidak ada. pdhal daerahnya posisinya didaerah tengah.,rute dari smkn kranggan ke balongsari tandes tidak ada pdhal daerahnya posisinya didaerah tengah
Soghi Tankoiko,1,2026-01-29 01:22:17,"Eror, tidak bisa registrasi dan login, banyak bug",eror tidak bisa registrasi dan login banyak bug
Alkahfi sembako,1,2026-01-28 19:22:26,plis help tadi udah di dalam bus gbs login dan beli tiket akhirnya turun di halte terdekat. apakah lagi eror? mau komplain ke siapa iniiiiii 😭😭😭,plis help tadi udah di dalam bus gbs login dan beli tiket akhirnya turun di halte terdekat apakah lagi eror mau komplain ke siapa iniiiiii
Jasmine Nur Inayah Ardiansyah,2,2026-01-28 18:53:30,"saldo ilang tiba""",saldo ilang tiba
Nabil NJMDN,1,2026-01-28 18:43:09,"ampas bgt. udh transum jelek, aplikasi ikutan jelek",ampas bgt udh transum jelek aplikasi ikutan jelek
Fasya Bachtiar,1,2026-01-28 17:55:18,gak bisa dibuka. gak bisa daftar sama sekali,gak bisa dibuka gak bisa daftar sama sekali
Rosa,1,2026-01-28 14:25:21,"kenapa setiap buka aplikasi, kok gak muncul kendaraannya?",kenapa setiap buka aplikasi kok gak muncul kendaraannya
FebriValenten VEVO,1,2026-01-28 13:20:25,"ini gimana pengembang aplikasi nya ? kenapa saldo tiket hemat saya hilang jadi nol, pdhal sebelumnya sisa 6, pdhal baru top up kemaren, tapi riwayat pembelian tiket hemat nya kenapa yg terakhir tgl 10 januari, terus koneksi terputus. untuk sekelas kota gede surabaya, aplikasi ada bug kaya gini kecewa sih .",ini gimana pengembang aplikasi nya kenapa saldo tiket hemat saya hilang jadi nol pdhal sebelumnya sisa pdhal baru top up kemaren tapi riwayat pembelian tiket hemat nya kenapa yg terakhir tgl januari terus koneksi terputus untuk sekelas kota gede surabaya aplikasi ada bug kaya gini kecewa sih
Annisa Salsabila,1,2026-01-28 11:29:48,habis update kok malah eror koneksi terputus terus,habis update kok malah eror koneksi terputus terus
Dian surya Taurina,1,2026-01-27 08:42:09,"tracking armada nya sering gak terlacak.. sering ada tulisan koneksi terputus juga padahal sinyal hp lagi kenceng bgt.. kalo tanya helper atau supir bilangnya selalu ""sering error aplikasi nya""",tracking armada nya sering gak terlacak sering ada tulisan koneksi terputus juga padahal sinyal hp lagi kenceng bgt kalo tanya helper atau supir bilangnya selalu sering error aplikasi nya
Ichika Devi Septiananda,1,2026-01-27 06:12:23,aplikasinya sering error seperti bis dan wira wirinya gak muncul di maps,aplikasinya sering error seperti bis dan wira wirinya gak muncul di maps
Kambose Pusu,1,2026-01-25 19:37:20,banyak halte cuma di lewatin tidak mau ambil penumpang kayak kejadian hari ini tgl 25 Januari 2026. bus SB07 pukul 19:27 wib cuma lewat ngebut nyalib truk di depan halte tanjung perak padahal ada penumpang 3 orang tunggu di halte,banyak halte cuma di lewatin tidak mau ambil penumpang kayak kejadian hari ini tgl januari bus sb pukul wib cuma lewat ngebut nyalib truk di depan halte tanjung perak padahal ada penumpang orang tunggu di halte
Febriani Tri Ayu Pujisari,1,2026-01-25 14:23:36,"Jujur kemarin2 ga ada masalah, tp ini kenapa kemarin banget pas buka aplikasi ga kebaca bus nya, jd blank aja ga ada perjalanan busnya. kirain cuman di hp aku krn memori uda hampir penuh, pas dicoba di hp lain jg sama seperti itu tolong dong bug ini segera diperbaiki, aplikasi ini membantu orang utk bisa memantau perjalanan busnya",jujur kemarin ga ada masalah tp ini kenapa kemarin banget pas buka aplikasi ga kebaca bus nya jd blank aja ga ada perjalanan busnya kirain cuman di hp aku krn memori uda hampir penuh pas dicoba di hp lain jg sama seperti itu tolong dong bug ini segera diperbaiki aplikasi ini membantu orang utk bisa memantau perjalanan busnya
THECRAFT D,4,2026-01-25 12:46:16,"halte fd6 tij lakar , halte Lakarsantri gak dibuat tempat iyupan atau apa gtu??? kok cuma pohon pohonan,kasihan orang nunggu disitu siapa tahu disana hujan deras lagi nunggu wirawiri tapi tidak ada iyupan nya.Saran mending buatin halte yang bagus ,lagian itu pemberhentian terakhir 🤭",halte fd tij lakar halte lakarsantri gak dibuat tempat iyupan atau apa gtu kok cuma pohon pohonan kasihan orang nunggu disitu siapa tahu disana hujan deras lagi nunggu wirawiri tapi tidak ada iyupan nya saran mending buatin halte yang bagus lagian itu pemberhentian terakhir
Totok Suwarno,5,2026-01-25 10:05:12,sangat membantu,sangat membantu
Albert (Al),2,2026-01-24 19:52:37,kenapa fitur maps trans semanggi / teman bus tidak ada?,kenapa fitur maps trans semanggi teman bus tidak ada
Fadli Rasulianto,1,2026-01-23 15:02:48,aplikasi gajelas mau daftar member ga bisa2 loading ga selesai2,aplikasi gajelas mau daftar member ga bisa loading ga selesai
Tommy CW,1,2026-01-22 14:27:49,"GPS sama sekali tidak akurat, dimap terlihat jauh tapi saat saya mau siap2 trnyt unit sudah lewat. tolong yg benar klo buat gps diupgrade dong",gps sama sekali tidak akurat dimap terlihat jauh tapi saat saya mau siap trnyt unit sudah lewat tolong yg benar klo buat gps diupgrade dong
Riski Aprilia,1,2026-01-22 12:33:55,kenapa sering tiba2 ga bisa di pake ya aneh banget.,kenapa sering tiba ga bisa di pake ya aneh banget
Grace,1,2026-01-22 11:39:46,sekarang aplikasi sering error sampai melewatkan wira wiri 2x krn gak bisa beli tiket gobis,sekarang aplikasi sering error sampai melewatkan wira wiri x krn gak bisa beli tiket gobis
arief phiehanto,4,2026-01-20 17:54:19,"sebenarnya bagus cm menurut sy ada yg kurang. 1 tdk fkexibel dengan operator lain telkomsel sering koneksi putus. 2 sy tunggu sampai 4x sesi wira wiri br dapat. lbh baik di apk trdapat info juga full. kasihan anak sy pulang sekolah sampai tunggu 2 jam, gerimis sampai hujan.",sebenarnya bagus cm menurut sy ada yg kurang tdk fkexibel dengan operator lain telkomsel sering koneksi putus sy tunggu sampai x sesi wira wiri br dapat lbh baik di apk trdapat info juga full kasihan anak sy pulang sekolah sampai tunggu jam gerimis sampai hujan
EYF,4,2026-01-20 16:41:30,"Bagus sekali, menjangkau banyak daerah. Namun, sangat di sayangkan, terkadang saya mendapati supir/helper yang menurut saya kurang menjaga kesopan an, dari cara berbicara nya atau pelayanan nya",bagus sekali menjangkau banyak daerah namun sangat di sayangkan terkadang saya mendapati supir helper yang menurut saya kurang menjaga kesopan an dari cara berbicara nya atau pelayanan nya
Alifan Adi,1,2026-01-19 06:36:55,"benerin lagi dongo,koneksi terputus mulu",benerin lagi dongo koneksi terputus mulu
Nopy Daryanti,1,2026-01-17 13:15:14,"aplikasi tolong di perbaiki banyak trobel, mau login aja susah banget ... email & pasword sudah bener malah internet terjadi masalah kuota masih banyak di pakek di aplikasi lain lancar"" aja",aplikasi tolong di perbaiki banyak trobel mau login aja susah banget email pasword sudah bener malah internet terjadi masalah kuota masih banyak di pakek di aplikasi lain lancar aja
firmansyah lutvi,2,2026-01-15 20:32:34,"aplikasimu koneksi terputus teros min, tolong ndang di service. suwon",aplikasimu koneksi terputus teros min tolong ndang di service suwon
Hari Anto,2,2026-01-14 12:09:14,aplikasi gak jelas... sinyal enak eh malah koneksi terputus mulu,aplikasi gak jelas sinyal enak eh malah koneksi terputus mulu
Fauzan Farhad,1,2026-01-13 22:09:15,tidam membantu sama sekali,tidam membantu sama sekali
Mingini_e lovers,1,2026-01-13 09:05:27,bobrok,bobrok
Afira Whaffle,1,2026-01-13 08:29:31,Udah beli Tiket Hemat 40K terus lupa passwordnya eh taunya gabisa ganti ulang/riset password jadi Hangus lah tiketnya 😭 aplikasinya Gajelas banget deh bikin bingung mana sering tbtb koneksi Gobis terputus padahal jaringan nya udah bagus lho😭 mohon diperhatikan lagi deh kedepannya❗️,udah beli tiket hemat k terus lupa passwordnya eh taunya gabisa ganti ulang riset password jadi hangus lah tiketnya aplikasinya gajelas banget deh bikin bingung mana sering tbtb koneksi gobis terputus padahal jaringan nya udah bagus lho mohon diperhatikan lagi deh kedepannya
Jefri Agung wibowo,1,2026-01-12 17:08:05,"jaringan bagus padahal,bus Masi jauh pas nyampek halte malah sudah lewat",jaringan bagus padahal bus masi jauh pas nyampek halte malah sudah lewat
sofianti putri,3,2026-01-12 08:04:59,tolong ww osowilangon-unesa ditambah. kemarinn sudah ada 5 feeder skrg jd 4 lagi.,tolong ww osowilangon unesa ditambah kemarinn sudah ada feeder skrg jd lagi
chamvredx “To” Suto,3,2026-01-12 05:53:25,"GPS untuk posisi pengguna tidak akurat, ruteny pun ruwet, jam 6 pagi lokasi bus belum muncul",gps untuk posisi pengguna tidak akurat ruteny pun ruwet jam pagi lokasi bus belum muncul
Auryn,1,2026-01-11 15:11:11,"banyak bug, kebanyakan Race condition sampai koneksi terputus, menggunakan tracking GPS tidak Deterministik sampai miss perhitungan Posisi. tolong Perbaiki lagi supaya tidak terjadi hal-hal seperti itu ya.",banyak bug kebanyakan race condition sampai koneksi terputus menggunakan tracking gps tidak deterministik sampai miss perhitungan posisi tolong perbaiki lagi supaya tidak terjadi hal hal seperti itu ya
Yeni Juliyana,1,2026-01-10 09:59:38,"pertama kali donlod dan disuruh daftar member, selesai mengisi data diri pas di enter ga bisa, ada pemberitahuan koneksi terputus padahal mah wifi full",pertama kali donlod dan disuruh daftar member selesai mengisi data diri pas di enter ga bisa ada pemberitahuan koneksi terputus padahal mah wifi full
Cccc Cccc,2,2026-01-09 17:45:30,hanya bisa diakses pakai wifi 😏😏😏,hanya bisa diakses pakai wifi
Bluray Hero,1,2026-01-09 09:45:11,"trans semanggi jarak nggak ada 10 meter saya lari di k3mart dekat halte tunjungan, eh ditinggal juga dan perpanjangan jalur tapi Urip Sumoharjo yang arah basra tetep nggak di lewati",trans semanggi jarak nggak ada meter saya lari di k mart dekat halte tunjungan eh ditinggal juga dan perpanjangan jalur tapi urip sumoharjo yang arah basra tetep nggak di lewati
Atou Iruddin,1,2026-01-08 13:37:29,"Pantas bintangnya 2 mau menggunakan harus daftar, sedangkan daftar loading g selesai².. Y g bisa dibuka",pantas bintangnya mau menggunakan harus daftar sedangkan daftar loading g selesai y g bisa dibuka
Ali Wahyudi Arifin,1,2026-01-07 07:02:17,"aplikasi terlalu sering logout sendiri, sering ada pemberitahuan kehilangan sinyal padahal sinyal HP full dan aplikasi lainnya aman. MOHON LEBIH DIPERHATIKAN",aplikasi terlalu sering logout sendiri sering ada pemberitahuan kehilangan sinyal padahal sinyal hp full dan aplikasi lainnya aman mohon lebih diperhatikan
Rikima sunarko,1,2026-01-05 10:15:10,"bintang nol ada gak sih ini aplikasi, gak respon sama sekali, gak bisa diapa apain, padahal hp baru,",bintang nol ada gak sih ini aplikasi gak respon sama sekali gak bisa diapa apain padahal hp baru
Rizal Kisol,1,2026-01-02 18:29:22,"aplikasi sering eror, sering gak muncul bus atau wira wiri nya..tolong di benerin lagi..",aplikasi sering eror sering gak muncul bus atau wira wiri nya tolong di benerin lagi
miftakhul mahmudi,1,2026-01-01 15:52:17,aplikasi gak bisa eror tolong di benahi. mengecewakan,aplikasi gak bisa eror tolong di benahi mengecewakan
Betmen Kuat,1,2025-12-30 19:42:51,"aplikasi lemot parah, ga bisa di harapkan",aplikasi lemot parah ga bisa di harapkan
Rahman,1,2025-12-29 14:49:32,ga bisa di pake,ga bisa di pake
Faizzah Marufah,3,2025-12-29 08:37:00,"Sebenarnya lumayan suka bikin pergi kemana-mana jadi mudah. Tapi sekarang kacau. Dulu padahal ga pernah error, skrg sering banget aplikasi gak jalan. Mana map-nya juga sering salah titiknya. Padahal jaringan aman, penyimpanan masih banyak, sumpah enak gobis yang dulu. Ini ada email cs nya ga sih? Gara2 aplikasi error saya jadi gak bisa transaksi dan harus bayar cash sama orang lain, saldo di akun sendiri masih ada huhu :(",sebenarnya lumayan suka bikin pergi kemana mana jadi mudah tapi sekarang kacau dulu padahal ga pernah error skrg sering banget aplikasi gak jalan mana map nya juga sering salah titiknya padahal jaringan aman penyimpanan masih banyak sumpah enak gobis yang dulu ini ada email cs nya ga sih gara aplikasi error saya jadi gak bisa transaksi dan harus bayar cash sama orang lain saldo di akun sendiri masih ada huhu
Haryadi Poedji Sudrajat,1,2025-12-28 21:57:43,"transitnya bayar dobel. jam operasional ga jelas ada yang hingga 21.00 ada yang 22.00. membingungkan., ruwet",transitnya bayar dobel jam operasional ga jelas ada yang hingga ada yang membingungkan ruwet
eka rahmaan,1,2025-12-28 12:34:31,no recommended,no recommended
anet gerdenia,2,2025-12-26 17:25:14,aplikasi aneh tiba tiba susah buat lihat rute. tolong di perbaikin !!!,aplikasi aneh tiba tiba susah buat lihat rute tolong di perbaikin
Bambang Suparyanto,5,2025-12-25 18:38:38,"Aplikasi yang sangat bermanfaat bagi semua warga Surabaya... terimakasih GoBis,👍😁",aplikasi yang sangat bermanfaat bagi semua warga surabaya terimakasih gobis
Alvida Syantik,1,2025-12-25 11:20:55,"lemot bgt , ga akurat",lemot bgt ga akurat
Mella Ratna Dewi,1,2025-12-24 21:54:10,lemot banget,lemot banget
Motivasi Film,1,2025-12-24 17:20:15,"ini aplikasi gak pernah berbenah ya.... mau buka aplikasi aja buat bayar Trans Semanggi aja gak bisa, saya yang keliling dari UNAIR ke UNESA aja kagak bisa. Tolonglah berbenah dikitlah... kesel aku. pulian Transit banyak aku ini",ini aplikasi gak pernah berbenah ya mau buka aplikasi aja buat bayar trans semanggi aja gak bisa saya yang keliling dari unair ke unesa aja kagak bisa tolonglah berbenah dikitlah kesel aku pulian transit banyak aku ini
Dini Puspita,2,2025-12-23 17:56:53,ini hp saya atau apk nya yaaa setiap mau login gak pernah bisaa gatau kenapaa aneh banget gituloh saya ini butuh saya ngandelin ini tetapi malah gaisa masuk di akun itu maksudnya gimana yaa,ini hp saya atau apk nya yaaa setiap mau login gak pernah bisaa gatau kenapaa aneh banget gituloh saya ini butuh saya ngandelin ini tetapi malah gaisa masuk di akun itu maksudnya gimana yaa
Liana Hwie許仙莲,1,2025-12-23 12:15:28,"Aplikasi pemerintah sama sekali gak bisa diharapkan. Tiba2 logout sendiri, mau login lagi, email dan pasword uda dimasukkan dgn benar tp begitu diklik tombol ""login"" (warna biru) tetep gak terjadi apa2. Tanpa login gak bisa liat rute. Serius deh, pegawai pemerintah gak ada yg jago IT kah? Bikin aplikasi selalu gak guna.",aplikasi pemerintah sama sekali gak bisa diharapkan tiba logout sendiri mau login lagi email dan pasword uda dimasukkan dgn benar tp begitu diklik tombol login warna biru tetep gak terjadi apa tanpa login gak bisa liat rute serius deh pegawai pemerintah gak ada yg jago it kah bikin aplikasi selalu gak guna
Arri Woii,1,2025-12-22 11:22:36,"ini gimana nih developer aplikasi nya gak jalan, eror, bintang 1 aja",ini gimana nih developer aplikasi nya gak jalan eror bintang aja
Ronaldo Aolya Putra Zaesti,1,2025-12-21 10:10:24,aplikasi sering kacau,aplikasi sering kacau
Ny Riya,1,2025-12-20 16:33:10,aplikasi taekkk,aplikasi taekkk
Indriani Safitri,1,2025-12-20 10:14:08,"daftar akun loading lama tanpa keterangan apapun, waste time bgt",daftar akun loading lama tanpa keterangan apapun waste time bgt
Shofyan Kurniawan,1,2025-12-20 09:50:26,"niat gak seh nggawe aplikasi, kok error teross ae",niat gak seh nggawe aplikasi kok error teross ae
Mazroatul Khoiriyah,1,2025-12-19 18:36:10,kenapa di menu tidak ada opsi top up saldo?,kenapa di menu tidak ada opsi top up saldo
Kol Ldk,1,2025-12-19 10:29:17,gabisa dipake bayar trans semanggi,gabisa dipake bayar trans semanggi
Lalida Maslahah,3,2025-12-18 14:47:46,"akun suka log out sendiri, pas mau login susah padahal sinyal lancar",akun suka log out sendiri pas mau login susah padahal sinyal lancar
Rizal Java 13,3,2025-12-17 20:46:55,"gak bisa cek lokasi busnya cuma peta jalur aja, masih bagusan apknya Trans jatim bisa lihat lokasi bus dan jumlah penumpang.",gak bisa cek lokasi busnya cuma peta jalur aja masih bagusan apknya trans jatim bisa lihat lokasi bus dan jumlah penumpang
Tinara Aisyah Nikita,1,2025-12-17 06:22:49,sering banget error di android 9,sering banget error di android
tifani belle,1,2025-12-16 17:43:49,aplikasi ini selalu error. error nya lama. jadi tidak bisa lihat tracking.,aplikasi ini selalu error error nya lama jadi tidak bisa lihat tracking
Bayuu,5,2025-12-16 16:33:00,Suroboyo 🤑 oiya ini kan bahasa Jawa kan🙂 kan bahasa Indonesia nya adalah Surabaya sih😆,suroboyo oiya ini kan bahasa jawa kan kan bahasa indonesia nya adalah surabaya sih
Chikky Derico,5,2025-12-16 10:38:33,kpa eror gk bsa dibukak,kpa eror gk bsa dibukak
Affan Ardiansyah,5,2025-12-16 10:19:30,ada sulap nihh coba tekan foto profile kaliannnn!!!!!><,ada sulap nihh coba tekan foto profile kaliannnn
Virdiwardani Sulistyo,1,2025-12-16 09:07:04,"belum pernah daftar tapi ada keterangan No NIK sudah terdaftar, dan mau cek lupa paswd email tdk ditemukan, terooosss karep e yo opo?? padahal email yow cuma 1",belum pernah daftar tapi ada keterangan no nik sudah terdaftar dan mau cek lupa paswd email tdk ditemukan terooosss karep e yo opo padahal email yow cuma
Biy O,1,2025-12-15 17:41:14,eror kocaaak,eror kocaaak
Louise Velia,1,2025-12-15 07:04:02,aplikasi masih butuh perbaikan .. sering error,aplikasi masih butuh perbaikan sering error
Dodik Cahyo,1,2025-12-13 11:52:26,dafta gak bisa / masuk gak bisa,dafta gak bisa masuk gak bisa
Ashleen Eleanor,1,2025-12-12 21:23:34,"jelek banget sering gabisa dipake padahal sinyal lancr, tolong segera di update",jelek banget sering gabisa dipake padahal sinyal lancr tolong segera di update
Mery Putri,3,2025-12-12 15:32:17,"fasilitas ini sebenernya sangat sangat membantu sekali buat mobilisasi area surabaya tp yng bikin kurang puas ada di SDM nya saya 2 kali kejadian di tinggal bis pdhl udh di halte kata kernetnya gak keliatan lah gelap lah ya hrsnya yg diperbaiki fasilitas bkn penumpang yg di arahkan geser ke yg terang, siapa suruh disitu ada kendala krng terang kok di biarin",fasilitas ini sebenernya sangat sangat membantu sekali buat mobilisasi area surabaya tp yng bikin kurang puas ada di sdm nya saya kali kejadian di tinggal bis pdhl udh di halte kata kernetnya gak keliatan lah gelap lah ya hrsnya yg diperbaiki fasilitas bkn penumpang yg di arahkan geser ke yg terang siapa suruh disitu ada kendala krng terang kok di biarin
Keysya,1,2025-12-11 13:43:11,"benerin gak,ini saya mau liat bis gabisa mulu. padahal jaringan bagus",benerin gak ini saya mau liat bis gabisa mulu padahal jaringan bagus
Izzatun Ni'mah,1,2025-12-11 07:37:49,"tolong dong diperbaiki!jangan sampai eror,masa kadang gaada track bus jalan siii, mau bayar pake saldo gabisa bisa karna eror mulu apknya",tolong dong diperbaiki jangan sampai eror masa kadang gaada track bus jalan siii mau bayar pake saldo gabisa bisa karna eror mulu apknya
Sonny Dwiasmoro Putra,2,2025-12-09 19:37:43,Aplikasi sering error. Menyebalkan sekali,aplikasi sering error menyebalkan sekali
Mira Melati,1,2025-12-09 07:46:35,"GPS sering error di jam-jam sibuk, tidak memberikan kepastian kepada penumpang mengenai lokasi feeder yg akurat.",gps sering error di jam jam sibuk tidak memberikan kepastian kepada penumpang mengenai lokasi feeder yg akurat
Lestari Putri,3,2025-12-08 10:58:22,bisa membantu,bisa membantu
Farah diba,3,2025-12-08 06:15:44,sudah 2 Minggu ini aplikasi kadang bisa dibuka kadang tidak bisa dibuka. jadi tidak bisa pakai tiket yang udah dibeli paketan,sudah minggu ini aplikasi kadang bisa dibuka kadang tidak bisa dibuka jadi tidak bisa pakai tiket yang udah dibeli paketan
Evelyna Alexandra Gunawan,2,2025-12-06 09:53:07,"aplikasi terkadang suka error, seperti semua bus hilang tidak muncul di map, dan pemilihan rute bus tidak muncul sehingga sulit melacak keberadaan bus. tolong diperbaiki, ini merugikan pelanggan",aplikasi terkadang suka error seperti semua bus hilang tidak muncul di map dan pemilihan rute bus tidak muncul sehingga sulit melacak keberadaan bus tolong diperbaiki ini merugikan pelanggan
ANGEN,1,2025-12-06 06:58:51,kenapa gak bisa dibuka sih padahal dulu lancar,kenapa gak bisa dibuka sih padahal dulu lancar
Ferdyan Trisna putra,4,2025-12-06 06:47:34,sering ngebug. tidak dapat digunakan apknya. kalau sudah diperbaiki tak ganti ⭐5 dah,sering ngebug tidak dapat digunakan apknya kalau sudah diperbaiki tak ganti dah
Yudhi Q Hambali,1,2025-12-04 09:54:56,"pembayaran tolong dipermudah, menggunakan QRIS lagi. Kalau memang harus menggunakan apk ini, aktifkan kembali pembayaran dg menggunakan botol disemua rute bus dan wira wiri",pembayaran tolong dipermudah menggunakan qris lagi kalau memang harus menggunakan apk ini aktifkan kembali pembayaran dg menggunakan botol disemua rute bus dan wira wiri
Gambas free,4,2025-12-02 13:54:15,lagi error kah app ? buat login g bisa,lagi error kah app buat login g bisa
Muiz Zoelqornain,3,2025-12-02 10:01:51,"dulu tanpa login,mudah. skrg harus login dulu, aplikasi sering stucked,error,pilihan rute GK muncul,SDH di install ulang tetap saja. mohon diperbaiki lagi",dulu tanpa login mudah skrg harus login dulu aplikasi sering stucked error pilihan rute gk muncul sdh di install ulang tetap saja mohon diperbaiki lagi
Bintang Surya,1,2025-12-01 10:06:33,"ga berguna, tadinya bisa kok sekarang malah error",ga berguna tadinya bisa kok sekarang malah error
sribagus tirtowibowo,1,2025-11-30 08:35:49,aplikasi nya error td pagi msh bs skrg log out sendiri gak bs masuk lg mski sdh coba log in syg bgt saldo msh ada,aplikasi nya error td pagi msh bs skrg log out sendiri gak bs masuk lg mski sdh coba log in syg bgt saldo msh ada
Cintania Aulia Salwa,1,2025-11-28 19:51:08,"ribet, kebanyakan update beberapa minggu sekali tiap mau liat tracking trans semanggi jg makin ribet karna HARUS DI UPDATE dulu apk nya update; bulan April menjelang pergantian sistem semanggi, harus pakai gobis/tap cash/etoll aplikasi error parahhh, mau beli tiket aja loading setengah jam sangat tdk efisien skrg sering bgt tiba2 error, mana trans semanggi tiketnya KUDU PAKE GOBIS, trs klo apk error gmn? login jg nggk bisa2, mana udah trlanjur beli tiket banyak ngerugiin banget ini",ribet kebanyakan update beberapa minggu sekali tiap mau liat tracking trans semanggi jg makin ribet karna harus di update dulu apk nya update bulan april menjelang pergantian sistem semanggi harus pakai gobis tap cash etoll aplikasi error parahhh mau beli tiket aja loading setengah jam sangat tdk efisien skrg sering bgt tiba error mana trans semanggi tiketnya kudu pake gobis trs klo apk error gmn login jg nggk bisa mana udah trlanjur beli tiket banyak ngerugiin banget ini
Eka Maria Christin Riski,1,2025-11-28 13:33:55,aplikasi bodong... saldo mbanking dan shopee udah kepotong tapi gak keluar tiketnya... sering bnget error dan gak bisa buat tracking ww nya.. saldo tiket hemat juga gak bisa di buka,aplikasi bodong saldo mbanking dan shopee udah kepotong tapi gak keluar tiketnya sering bnget error dan gak bisa buat tracking ww nya saldo tiket hemat juga gak bisa di buka
Putri claras Ratna sari,1,2025-11-28 11:26:53,"aplikasi jelek radarnya g kebaca terus, kita jd susah liat jarak armada selanjutnya msh sejauh apa",aplikasi jelek radarnya g kebaca terus kita jd susah liat jarak armada selanjutnya msh sejauh apa
Benedicta Gavrila,5,2025-11-26 23:48:05,"kok gabisa top up pake qris lagi? gimana caranya, harusnya klo update aplikasi bisa dikasih keterangan",kok gabisa top up pake qris lagi gimana caranya harusnya klo update aplikasi bisa dikasih keterangan
Dony Hardyanshah,1,2025-11-24 15:54:34,"Tolong yah kepada driver gobis maupun bisa apapun kalo ada halte itu STOP, berhenti dulu lah jangan ngobrol doang, ini posisi hujan jadi berteduh disekitar halte mana udah nunggu lama malah nyelonong aja, dikejar drivernya juga gak liat. Ini halte udah lah gak ada kursi tunggu kalo hujan kehujanan kalo neduh gak keliatan driver. Apasih yang dikejar ampe gas trus gitu? ini juga aplikasi gak ada tempat atau layanan kritik dan saran.",tolong yah kepada driver gobis maupun bisa apapun kalo ada halte itu stop berhenti dulu lah jangan ngobrol doang ini posisi hujan jadi berteduh disekitar halte mana udah nunggu lama malah nyelonong aja dikejar drivernya juga gak liat ini halte udah lah gak ada kursi tunggu kalo hujan kehujanan kalo neduh gak keliatan driver apasih yang dikejar ampe gas trus gitu ini juga aplikasi gak ada tempat atau layanan kritik dan saran
yantihoukpt herdini,5,2025-11-23 16:09:36,"Sangat terbantu sekali dengan Invoasi Pemerintah Kota Surabaya yang menyediakan Fasilitas Layanan Transportasi Feeder WiraWiri dan Suroboyo Bus Listrik dan Semanggi yang menjadikan perjalanan ke kantor lebih cepat, nyaman dan aman",sangat terbantu sekali dengan invoasi pemerintah kota surabaya yang menyediakan fasilitas layanan transportasi feeder wirawiri dan suroboyo bus listrik dan semanggi yang menjadikan perjalanan ke kantor lebih cepat nyaman dan aman
ida fah,5,2025-11-20 05:12:40,"setelah di update kq jadi ga bisa lihat jadwal, harus login tapi ngelag",setelah di update kq jadi ga bisa lihat jadwal harus login tapi ngelag
yahya hamim,1,2025-11-16 21:36:43,gabisa dipake scan teman bus sia sia top up,gabisa dipake scan teman bus sia sia top up
Manusia,1,2025-11-12 19:23:24,"Tolong dong buat driver Wira wiri kalau misalkan ada halte berhenti dong, saya sudah nunggu lama + hujan keras bukannya berhenti di halte malah lanjut jalan hadeh hadeh",tolong dong buat driver wira wiri kalau misalkan ada halte berhenti dong saya sudah nunggu lama hujan keras bukannya berhenti di halte malah lanjut jalan hadeh hadeh
Alfi Aliyyu,5,2025-11-10 06:56:33,"sebenarnya saya hanya ingin bilang kepada teman-teman yang buat aplikasi GOBIS ini, tolong setiap bulan dan setiap tahun update terus aplikasi GOBIS ini biar terhindar dari error dan bug.",sebenarnya saya hanya ingin bilang kepada teman teman yang buat aplikasi gobis ini tolong setiap bulan dan setiap tahun update terus aplikasi gobis ini biar terhindar dari error dan bug
Moses ozora.,1,2025-11-07 18:54:21,"Apk tambah ga jelas ae iki,bisnya ga ada,bikin apk yg jelas dong,pelayanan publik ini",apk tambah ga jelas ae iki bisnya ga ada bikin apk yg jelas dong pelayanan publik ini
Irfan Ardiansyah,1,2025-11-06 18:21:06,gak bisa daftar alesan koneksi putus Mulu,gak bisa daftar alesan koneksi putus mulu
FARUQ ACHMAD UMAR,5,2025-11-03 17:56:31,lebih ditingkatkan,lebih ditingkatkan
Nailas S,3,2025-11-03 01:29:23,"untuk saya yg gak hafal surabaya, petanya tidak membantu sama sekali. Kalo ada fitur pencarian tujuan kemana, terus nanti diarahkan harus naik apa aja turun dimana. pasti akan sangat membantu. semoga segera ada fitur itu yaa",untuk saya yg gak hafal surabaya petanya tidak membantu sama sekali kalo ada fitur pencarian tujuan kemana terus nanti diarahkan harus naik apa aja turun dimana pasti akan sangat membantu semoga segera ada fitur itu yaa
Saiful Rochman,1,2025-11-02 18:02:02,"hari ini minggu tgl 02 November 2025 WW01 dan WW02 tidak mau berhenti di halte tandes, padahal saya dan istri saya sudah berdiri menunggu di halte tandes pas depan indomaret tetapi semua armada melaju di sebelah kanan dengan kencang seolah tidak melihat orang yg nunggu di halte tersebut, tolong kedepennya supaya tiap halte tetep di berhentiin klo tidak ada yg naik bisa langsung berangkat, tolong untuk management pengelola wira wiri bisa di FU disemua armada yg jalan, Terima kasih",hari ini minggu tgl november ww dan ww tidak mau berhenti di halte tandes padahal saya dan istri saya sudah berdiri menunggu di halte tandes pas depan indomaret tetapi semua armada melaju di sebelah kanan dengan kencang seolah tidak melihat orang yg nunggu di halte tersebut tolong kedepennya supaya tiap halte tetep di berhentiin klo tidak ada yg naik bisa langsung berangkat tolong untuk management pengelola wira wiri bisa di fu disemua armada yg jalan terima kasih
Surya Dwi Satria,1,2025-10-31 17:36:47,lokasi ga akurat sama sekali,lokasi ga akurat sama sekali
Jihan Hanny,1,2025-10-29 15:45:32,"tolonglah kalau belum siap luncurin aplikasi pembayaran ONLINE seperti TOP UP, QRIS jangan di luncurin dulu .. merugikan orang saja. benahi aplikasinya",tolonglah kalau belum siap luncurin aplikasi pembayaran online seperti top up qris jangan di luncurin dulu merugikan orang saja benahi aplikasinya
rasio garam,1,2025-10-27 15:14:50,"setiap update bukannya makin memudahkan, malah bikin tambah ribet dan susah. Niatan mau top up buat disimpan untuk pakai di perjalanan selanjutnya, malah hanya bisa pesan tiketnya saja gak bisa menyimpan saldo lagi, tiket yg sudah dipesan juga tidak bisa di refund. Setelah code barcode dari tiketnya di scan, maka tiketnya hanya berlaku di waktu itu dan tak dapat disimpan untuk perjalanan selanjutnya, kalau tidak sengaja kepesan 4 dan hanya pakai 1, tiket ttp tdk bisa di refund.",setiap update bukannya makin memudahkan malah bikin tambah ribet dan susah niatan mau top up buat disimpan untuk pakai di perjalanan selanjutnya malah hanya bisa pesan tiketnya saja gak bisa menyimpan saldo lagi tiket yg sudah dipesan juga tidak bisa di refund setelah code barcode dari tiketnya di scan maka tiketnya hanya berlaku di waktu itu dan tak dapat disimpan untuk perjalanan selanjutnya kalau tidak sengaja kepesan dan hanya pakai tiket ttp tdk bisa di refund
ABD JALIL,2,2025-10-27 14:39:44,"saya lupa kata sandi gobis, sayangnya gak ada menu layanan lupa sandi di telpon ke call center jaringan sibuk",saya lupa kata sandi gobis sayangnya gak ada menu layanan lupa sandi di telpon ke call center jaringan sibuk
Mifta Annisa,1,2025-10-25 05:25:39,susah sekali untuk masuk. tidak bisa masuk dengan NIK dan lupa password. email-nya lupa. aktivitasi susah.,susah sekali untuk masuk tidak bisa masuk dengan nik dan lupa password email nya lupa aktivitasi susah
Bayu Santoso,1,2025-10-23 11:20:31,"masih belum juga ada perubahan kualitas pelayanan, masih banyak Sopir nakal tidak menjalankan SOP dan kernet yang gak tegas menegur sopirnya apalagi banyak yang ketahuan dengan santai main game dan main judi slot untuk feeder WARA WIRI",masih belum juga ada perubahan kualitas pelayanan masih banyak sopir nakal tidak menjalankan sop dan kernet yang gak tegas menegur sopirnya apalagi banyak yang ketahuan dengan santai main game dan main judi slot untuk feeder wara wiri
Fatimah Alvinnuha,5,2025-10-23 08:08:31,"sangat membantu sekali karena saya pkai pket hemat lebih murah krena saya perjlnan setiap hari, tp syng aplikasinya kadang suka eror ya. tolong di perbaiki lagi.",sangat membantu sekali karena saya pkai pket hemat lebih murah krena saya perjlnan setiap hari tp syng aplikasinya kadang suka eror ya tolong di perbaiki lagi
Reza Ray Gordone,1,2025-10-21 07:00:24,"pelayanan buruk Driver orang Lamongan nama Punardi sama Helper nya Achmad Arya Nurdians tolong kalau sama penumpang ngomong yg sopan, pelayanan buruk banget saya kasih bintang 1",pelayanan buruk driver orang lamongan nama punardi sama helper nya achmad arya nurdians tolong kalau sama penumpang ngomong yg sopan pelayanan buruk banget saya kasih bintang
Adi Catur sulistyo,5,2025-10-20 19:11:51,sangat membantu saya beraktivitas,sangat membantu saya beraktivitas
Suport,2,2025-10-20 17:25:39,"Map posisi bis ilang2 an Tolong kalo bisa di apk di kasih bintang buat para driver, biar pihak suroboyo bis bisa evaluasi tiap driver bis, no 23 hari ini tidak berhenti di halte bubutan kenapa?",map posisi bis ilang an tolong kalo bisa di apk di kasih bintang buat para driver biar pihak suroboyo bis bisa evaluasi tiap driver bis no hari ini tidak berhenti di halte bubutan kenapa
Evi Nuraini,1,2025-10-17 11:26:56,"sering udaa top up tapi saldo ga masuk, tlg diperbaiki",sering udaa top up tapi saldo ga masuk tlg diperbaiki
Wage Umbaran,1,2025-10-11 12:26:35,gak ada fitur complain... tgl 11/10/2025 jam 12:20 sopir bus nya tidak mau berhenti di halte perak pelindo no bis SB 07,gak ada fitur complain tgl jam sopir bus nya tidak mau berhenti di halte perak pelindo no bis sb
Lalaland Cutie,1,2025-10-08 17:17:56,"BIS NGELEWATIN MULU LU KIRA ENAK APA CAPEK CAPEK BERHARAP BERDIRI DI DALEM LAMBAI LAMBAI BAE. PEN PULANG AE SUSAH, GUNANYA APK INI APA??? NUNGGUIN YA DI TOLAK BLOK",bis ngelewatin mulu lu kira enak apa capek capek berharap berdiri di dalem lambai lambai bae pen pulang ae susah gunanya apk ini apa nungguin ya di tolak blok
Hadi Wong,1,2025-10-08 16:15:14,"applikasi sering bermasalah, tidak bisa terkoneksi dengan baik. mohon lebih di tingkatkan lagi",applikasi sering bermasalah tidak bisa terkoneksi dengan baik mohon lebih di tingkatkan lagi
ahmad Rafasyah,1,2025-10-07 06:45:44,"di aplikasi keterangan masih ada sisa kursi, tapi selalu penuh",di aplikasi keterangan masih ada sisa kursi tapi selalu penuh
Pugoh Sugiri,5,2025-10-03 12:46:14,tolong tambahkan nama helper di setiap feeder nya😊,tolong tambahkan nama helper di setiap feeder nya
Wahyudi Wahyudi,3,2025-10-03 05:06:50,click vh,click vh
Ristiandy Godlieb,3,2025-09-28 15:07:06,"Tiba2 log out sendiri, padahal pagi masih dipakai transaksi beli tiket. setelah log out sendiri, tidak bisa login.... setelah input email dan password lalu di klik login, maka tombol login berubah warna tapi tidak ada respon apa2...",tiba log out sendiri padahal pagi masih dipakai transaksi beli tiket setelah log out sendiri tidak bisa login setelah input email dan password lalu di klik login maka tombol login berubah warna tapi tidak ada respon apa
Yukitoka Yuhira,3,2025-09-27 10:12:36,"Mohon Aplikasi diperbaiki, tiap masuk aplikasi selalu mengulang untuk login, dan memakan waktu lama",mohon aplikasi diperbaiki tiap masuk aplikasi selalu mengulang untuk login dan memakan waktu lama
Valery Ochenkov,1,2025-09-24 15:15:57,Perbaikin akurasi GPSnya masa jarak jauh dimap udh kelewatan aja ... saya jg pernah mengalami hal tidak mengenakkan saat saya keluar dan saya tunggu di halte hanya karena saya pegang helm saya dilewatin mobil persis didepan saya,perbaikin akurasi gpsnya masa jarak jauh dimap udh kelewatan aja saya jg pernah mengalami hal tidak mengenakkan saat saya keluar dan saya tunggu di halte hanya karena saya pegang helm saya dilewatin mobil persis didepan saya
ONNY FEBRIAN A,1,2025-09-24 09:53:05,Aplikasi sering gangguan,aplikasi sering gangguan
Musthafa Amrullah,1,2025-09-22 22:16:09,Bgstt malah gabisa top up,bgstt malah gabisa top up
Fadhlurrohman Zaki,1,2025-09-20 22:39:01,"aplikasi sampah ketika koneksi terputus, maka akun otomatis terputus.",aplikasi sampah ketika koneksi terputus maka akun otomatis terputus
Nofi Hijayanto,2,2025-09-20 17:19:27,kondektur ww005 benowo tunjungan mohon diganti kurang ramah sopirnya ugal2an bikin ga nyaman ini program pemerintah Surabaya jangan dirusak oknum,kondektur ww benowo tunjungan mohon diganti kurang ramah sopirnya ugal an bikin ga nyaman ini program pemerintah surabaya jangan dirusak oknum
Dwi Listianto,1,2025-09-19 15:04:01,"Barusan saya mau naik, di halte balungbendo depan masjid jurusan Mojokerto bus nya kok gak mau berhenti ya hari ini 19 sep 2025 pukul 14.50 tolong ditindak lanjuti drivernya.....halte Depan halte bypass barat 1, arah Mojokerto",barusan saya mau naik di halte balungbendo depan masjid jurusan mojokerto bus nya kok gak mau berhenti ya hari ini sep pukul tolong ditindak lanjuti drivernya halte depan halte bypass barat arah mojokerto
dea anjeli,1,2025-09-18 23:04:25,"sudah 2× topup saldo, saldo juga udah kepotong tapi gak masuk di aplikasi. apaan coba? mending balikin aja bayar pake qris. aplikasi buruk. bukannya mempermudah malah makin menyusahkan.",sudah topup saldo saldo juga udah kepotong tapi gak masuk di aplikasi apaan coba mending balikin aja bayar pake qris aplikasi buruk bukannya mempermudah malah makin menyusahkan
Chakra Onfire,1,2025-09-18 17:27:30,aneh udah login tapi keluar terus,aneh udah login tapi keluar terus
Wedus Wak,1,2025-09-18 10:51:41,"uang saya hilqng, tidak masuk gobis. hilang seharga 1 indomie",uang saya hilqng tidak masuk gobis hilang seharga indomie
Yuliayu Wulandari,1,2025-09-17 12:57:15,isi pulsa 2x nggak masuk ini gimana jadi rugi jadinya,isi pulsa x nggak masuk ini gimana jadi rugi jadinya
Rusydah Zakiyyah,1,2025-09-17 10:22:32,YOPO REK AKU SUDAH TOPUP 10RB TAPI KOK SALDONYA GK MASUK DI GOBISNYA????? PADAHAL DARI BANK KU UDAH KEPOTONG SALDONYA???? GIMANA INI,yopo rek aku sudah topup rb tapi kok saldonya gk masuk di gobisnya padahal dari bank ku udah kepotong saldonya gimana ini
Ali ahmadi,5,2025-09-16 20:40:59,baik,baik
Axel Zefanya,1,2025-09-16 17:39:29,"aplikasi buruk, kembalikan uang saya!!! sudah 3x top up, sado sudah terpotong tapi belum masuk di aplikasi ini, apa ada yang bermain-main di balik aplikasi ini? padahal ini aplikasi untuk rakyat, kenapa malah jadi ladang untuk kalian!!!",aplikasi buruk kembalikan uang saya sudah x top up sado sudah terpotong tapi belum masuk di aplikasi ini apa ada yang bermain main di balik aplikasi ini padahal ini aplikasi untuk rakyat kenapa malah jadi ladang untuk kalian
Mousi Anoulie,1,2025-09-16 09:29:54,"Tolong ya buat helper nya kalau ada yang nanya itu dijawab yang bener kalo gatau tinggal bilang gatau, ngomong yang sopan ramah tohh yang nanya juga kebingungan, ini selalu aja jutek orang nanya di omelin bahkan di permalukan. Bertanya itu karena gatau kalo udah tau ngapain juga nanya sumpahh pelayanan nya burukkk bangett ga sopan.",tolong ya buat helper nya kalau ada yang nanya itu dijawab yang bener kalo gatau tinggal bilang gatau ngomong yang sopan ramah tohh yang nanya juga kebingungan ini selalu aja jutek orang nanya di omelin bahkan di permalukan bertanya itu karena gatau kalo udah tau ngapain juga nanya sumpahh pelayanan nya burukkk bangett ga sopan
putri ayu,3,2025-09-12 14:43:46,"lebih oke ditmbah fitur ""cari tujuan"" untuk memudahkan pengguna melihat opsi bis dan halte nya. karna di apps hanya ada rute untuk bisnya, jadi kalau untuk pengguna luar surabaya gak paham..",lebih oke ditmbah fitur cari tujuan untuk memudahkan pengguna melihat opsi bis dan halte nya karna di apps hanya ada rute untuk bisnya jadi kalau untuk pengguna luar surabaya gak paham
C R,1,2025-09-10 06:38:52,"Saldo terpotong tapi di aplikasi tidak masuk. Ada proyek bagi bagi ini. Saldo sengaja sebagian gk masuk karena ada pemain. Saldo kalian yang ga masuk itu jadi keuntungan pemainnya. Saya developer apps, jadi paham betul bagaimana trik cari keuntungan celah yang bisa diakalin, bagaimana manipulasi database, payment gateway, API, dll. Saya punya banyak waktu untuk audit habis-habisan App ini. Gimana Pemkot? Dishubmu ini sudah berapa kali ngetrik. Bahkan timbangan aja diakalin. Om saya kerja di sana",saldo terpotong tapi di aplikasi tidak masuk ada proyek bagi bagi ini saldo sengaja sebagian gk masuk karena ada pemain saldo kalian yang ga masuk itu jadi keuntungan pemainnya saya developer apps jadi paham betul bagaimana trik cari keuntungan celah yang bisa diakalin bagaimana manipulasi database payment gateway api dll saya punya banyak waktu untuk audit habis habisan app ini gimana pemkot dishubmu ini sudah berapa kali ngetrik bahkan timbangan aja diakalin om saya kerja di sana
RUDI ALLTV,3,2025-09-09 15:27:15,"kejadian aneh waktu aq nyoba pertama kali malah aneh,, setelah aq daftar gobis trus aq pantau di map mobil wara wiri, stelah aq tunggu ko gk ada yg lewat pdhal di map sudah lewat, lah tiba tiba saya cek map lagi sudah jauh mobilnya,, itu kenapa ya,,",kejadian aneh waktu aq nyoba pertama kali malah aneh setelah aq daftar gobis trus aq pantau di map mobil wara wiri stelah aq tunggu ko gk ada yg lewat pdhal di map sudah lewat lah tiba tiba saya cek map lagi sudah jauh mobilnya itu kenapa ya
kata kopi,1,2025-09-08 14:59:20,"tidak ada menu reset password bila user lupa password, cmn ada menu ganti password saja, pdhl ada saldo sehingga tdk bisa digunakan user utk bayar tiket",tidak ada menu reset password bila user lupa password cmn ada menu ganti password saja pdhl ada saldo sehingga tdk bisa digunakan user utk bayar tiket
accarmy cora,2,2025-09-06 15:51:33,masih bagus aplikasi transjatim... penitikan map dsn halte lebih akurat,masih bagus aplikasi transjatim penitikan map dsn halte lebih akurat
Anda Ruuu,1,2025-09-05 07:13:25,ini gw kalo lupa password solusinya apa?,ini gw kalo lupa password solusinya apa
Eddy Juniman,4,2025-09-04 18:34:15,"sangat membantu,semoga kedepannya lebih maju",sangat membantu semoga kedepannya lebih maju
Sherly San,1,2025-09-03 07:21:28,"isi saldo dari mbangking , saldo.TIDAK MASUK",isi saldo dari mbangking saldo tidak masuk
DAVID WIJAYA,1,2025-09-02 12:50:52,Pada waktu daftar memasukan email yg salah. Kemudian untuk login lupa password... klik lupa password dikirim ke email yg salah... sudah terlanjur isi pulsa dan beli paket... solusinya bagaimana?,pada waktu daftar memasukan email yg salah kemudian untuk login lupa password klik lupa password dikirim ke email yg salah sudah terlanjur isi pulsa dan beli paket solusinya bagaimana
Ari Bonek,5,2025-09-02 12:28:36,ok,ok
Budi Santoso,5,2025-09-01 16:00:15,sy suka dgn aplikasi ini buat mudah sy klau mau brangkat kerrja,sy suka dgn aplikasi ini buat mudah sy klau mau brangkat kerrja
Nathan Rvn (Nathan),1,2025-09-01 09:40:19,ini gimana si udah top up tapi di apk nya saldo masih 0,ini gimana si udah top up tapi di apk nya saldo masih
Fajar Santoso,5,2025-08-31 19:46:51,"bagus, sangat membantu",bagus sangat membantu
Diky Alfian,5,2025-08-30 13:51:45,sangat bagus.. andai bisa sampai driyorejo pasti oke,sangat bagus andai bisa sampai driyorejo pasti oke
Dopi 1927,2,2025-08-30 08:41:04,"sopir nya ada yang jahat, tapi lumayan bagus buat transportasi umum",sopir nya ada yang jahat tapi lumayan bagus buat transportasi umum
Nizam Fatih Al Banna,1,2025-08-28 12:30:24,"Kalau berangkat dari terminal Bratang itu yang cepatt, saya nunggu di halte setengah jam tetap ngk jalan2. Padahal saya sdh lihat berkali kali di map. Harap di tangani🙏",kalau berangkat dari terminal bratang itu yang cepatt saya nunggu di halte setengah jam tetap ngk jalan padahal saya sdh lihat berkali kali di map harap di tangani
Gadit Neny,5,2025-08-26 12:03:49,aplikasi mantap,aplikasi mantap
MoTeX Zliriritz,1,2025-08-26 06:40:16,"Setelah di update malah sering error & nge-bug, overall ini aplikasi bobrok ga jelas",setelah di update malah sering error nge bug overall ini aplikasi bobrok ga jelas
Revo Lusiani,1,2025-08-25 00:15:23,sering error sinyal nya KL beli promo....tp KL beli hrg biasa lsng lancar,sering error sinyal nya kl beli promo tp kl beli hrg biasa lsng lancar
Nurhayati,3,2025-08-24 18:36:24,"semoga nanti ada jadwal kedatangan bisnya, sama tanda jalan bis di aplikasinya benar² akurat, karena sekarang masih seperti ngelag², jadi takut ketinggalan bisnya, karena tanda bisnya kurang akurat, dan juga semoga bisnya diperbanyak, dan jam operasionalnya bertambah hingga jam 22.00",semoga nanti ada jadwal kedatangan bisnya sama tanda jalan bis di aplikasinya benar akurat karena sekarang masih seperti ngelag jadi takut ketinggalan bisnya karena tanda bisnya kurang akurat dan juga semoga bisnya diperbanyak dan jam operasionalnya bertambah hingga jam
Reyhan Farisi,1,2025-08-24 12:05:32,"Tolong tambahkan fitur ""lupa password"". saldo saya tidak bisa dipakai karena saya lupa password akun saya",tolong tambahkan fitur lupa password saldo saya tidak bisa dipakai karena saya lupa password akun saya
Opo Anane,3,2025-08-22 21:59:11,reset password ora diproses,reset password ora diproses
nania binta,5,2025-08-22 19:57:56,Sangat membantu masyarakat,sangat membantu masyarakat
hermin andien,3,2025-08-21 21:49:09,"update mulu ahh, udh gtu kualitasnya sm aja, ga makin bagus",update mulu ahh udh gtu kualitasnya sm aja ga makin bagus
Naradila Tahao,1,2025-08-21 18:46:07,gk bisa top up back🤌,gk bisa top up back
Priyo utomo,5,2025-08-21 18:03:43,bagus,bagus
HKI4D 33 Vanessa Amalia,1,2025-08-21 16:29:24,"Aplikasi kurang akurat, kadang lemot, kadang gps nya ga jalan, keseringan minta perbarui. ngeselin, kurang worth it 😡",aplikasi kurang akurat kadang lemot kadang gps nya ga jalan keseringan minta perbarui ngeselin kurang worth it
Akbar Athallah Alfaridzy,5,2025-08-21 05:01:38,Good,good
frinda nisa,1,2025-08-18 13:57:24,"TOLONG LAH, SERING GAK SESUAI, JADINYA SAYA SERING KETINGGALAN BUS!! MANA SOPIRNYA BELAGU GAK MAU BERHENTI, BUKA PINTU LANGSUNG AJA TEROBOS, PADAHAL LAGI CEK BUSNYA LEWAT HP",tolong lah sering gak sesuai jadinya saya sering ketinggalan bus mana sopirnya belagu gak mau berhenti buka pintu langsung aja terobos padahal lagi cek busnya lewat hp
Ja'far Sidik,4,2025-08-18 08:01:22,"saran untuk rute madura bisa di perluas sampai timur, dan yang bangkalan sampai pelabuhan kamal",saran untuk rute madura bisa di perluas sampai timur dan yang bangkalan sampai pelabuhan kamal
Nuryanti,5,2025-08-17 14:28:34,sudah daftar oake 3 email lgsg tp gak muncul otp nya terus .mohon solusinya dong,sudah daftar oake email lgsg tp gak muncul otp nya terus mohon solusinya dong
Mulyono,1,2025-08-17 05:42:45,"kenapa di aplikasi monitor lokasi kendaraan tidak ada kode terintegrasi dgn rute lain seperti aplikasi mitra darat, sehingga tdk membingungkan penumpang kapan harus turun di halte terintegrasi utk pindah rute, jangan sampai penumpang dibingungkan dengan aplikasi kadang buka mitra darat tetapi juga harus buka gobis, dimana dana atau saldo yg sudah deposit tidak bisa ditarik kembali, penumpang skrg sdh mulai masukkan ke dompet gobis, tolong jangan nyusahin rakyat, ini sdh ketergantungan dgn gobis",kenapa di aplikasi monitor lokasi kendaraan tidak ada kode terintegrasi dgn rute lain seperti aplikasi mitra darat sehingga tdk membingungkan penumpang kapan harus turun di halte terintegrasi utk pindah rute jangan sampai penumpang dibingungkan dengan aplikasi kadang buka mitra darat tetapi juga harus buka gobis dimana dana atau saldo yg sudah deposit tidak bisa ditarik kembali penumpang skrg sdh mulai masukkan ke dompet gobis tolong jangan nyusahin rakyat ini sdh ketergantungan dgn gobis
Sahrul Nugraha,1,2025-08-13 09:57:14,apk tidak bisa diunduh dan di pakai,apk tidak bisa diunduh dan di pakai
Maria Monika,5,2025-08-11 08:38:58,mobilnya bersih,mobilnya bersih
Zanni Marjana,1,2025-08-09 17:13:06,Aplikasi ini minta update terus.,aplikasi ini minta update terus
Doni “Nangkan”,5,2025-08-09 16:58:29,top,top
trending naf,1,2025-08-07 17:45:49,"untuk ww arah Lakarsantri tolong ditambah kan unit lagi, agar di tij tidak kosong terus",untuk ww arah lakarsantri tolong ditambah kan unit lagi agar di tij tidak kosong terus
Achmad Irvan,1,2025-08-07 10:05:06,Lokasi posisi orang di GPS nya tidak akurat. dan tulisanya tidak terlalu besat serta. Lebih baik pakai aplikasi Mitra Darat tp sudah tidak menangani,lokasi posisi orang di gps nya tidak akurat dan tulisanya tidak terlalu besat serta lebih baik pakai aplikasi mitra darat tp sudah tidak menangani
annisa ansani,1,2025-08-02 18:59:18,KODE OTP GAMAU MASUK TUH KENAPAAAA 😭😭😭😭😭 AKU UDAH NUNGGUIN LAMA BANGET TAPI GAADA HASIL MAKSUTNYA APA SIH BIKIN APLIKASI GAJELAS GINI ??????,kode otp gamau masuk tuh kenapaaaa aku udah nungguin lama banget tapi gaada hasil maksutnya apa sih bikin aplikasi gajelas gini
Fahmi Nasrudin,1,2025-08-02 18:01:07,pas top up saldonya ga keisi tapi uang kesedot anjay bet,pas top up saldonya ga keisi tapi uang kesedot anjay bet
Aisyah Marlidah,2,2025-08-01 23:23:54,"sebelum di surabaya bisa login, giliran udah di surabaya mendadak gabisa login mana udah di atas bus",sebelum di surabaya bisa login giliran udah di surabaya mendadak gabisa login mana udah di atas bus
Frida Lusiana,1,2025-08-01 13:27:42,App habis diperbarui makin buruk! Saldo tiba2 ilang. di top up lagi trs cek di notif udah masuk. pas cek di saldo masih 0. tolonglah dimaksimalkan. jujur merasa dirugikan bgt,app habis diperbarui makin buruk saldo tiba ilang di top up lagi trs cek di notif udah masuk pas cek di saldo masih tolonglah dimaksimalkan jujur merasa dirugikan bgt
jovan Jr,1,2025-08-01 07:46:46,sudah top up saldo tapi saldo masih 0.aplikasi sampah,sudah top up saldo tapi saldo masih aplikasi sampah
Bagus DCN,1,2025-07-31 20:13:06,"Bukan perihal aplikasi, namun jarak bus terlalu jauh dan tidak sama rata. Waktu tunggu jadi lebih lama",bukan perihal aplikasi namun jarak bus terlalu jauh dan tidak sama rata waktu tunggu jadi lebih lama
Sunan Fanani,5,2025-07-31 14:30:34,mantab,mantab
Benny Boediman,5,2025-07-31 07:20:08,"angkutan rakyat yg btl2 sangat2 nyaman berkualitas dr segi keamanan, kenyamanan, keramahan petugas jg kebersihan, trs tingkat kan semua ini u mencapai predikat angkutan terbaik di seluruh NKRI. BRAVO WIRA WIRI SUROBOYO",angkutan rakyat yg btl sangat nyaman berkualitas dr segi keamanan kenyamanan keramahan petugas jg kebersihan trs tingkat kan semua ini u mencapai predikat angkutan terbaik di seluruh nkri bravo wira wiri suroboyo
Natanaiel Yuwono,5,2025-07-31 05:25:30,good,good
Tia Rafani,1,2025-07-30 11:28:06,armada feedernya diperbanyak lagi...,armada feedernya diperbanyak lagi
Adinda Naurah,1,2025-07-29 14:09:14,Aplikasinya kurang bagus dan minim informasi. Tolong UI-nya dibuat kayak aplikasi Gojek pasti menarik,aplikasinya kurang bagus dan minim informasi tolong ui nya dibuat kayak aplikasi gojek pasti menarik
Ilah Kusdilah,5,2025-07-29 13:07:45,baik memuaskan,baik memuaskan
tesalonika keishaa,1,2025-07-29 04:56:25,"gabisa daftar akun bejirlah, padahal internet udah kenceng tp tulisan yang muncul ""koneksi terputus"" terusss hm",gabisa daftar akun bejirlah padahal internet udah kenceng tp tulisan yang muncul koneksi terputus terusss hm
Fasrin Yulianto,1,2025-07-27 21:45:05,"Karena haus, saya pun minum air mineral botol kecil yang saya bawa, betapa kagetnya ditegur sama mbak admin wira-wiri ""pak ndak boleh minum, ada kameranya"", saya pun kaget dan spontan ""oh iya mbak maaf"". Sambil mikir....""Baru kali ini naik angkutan ndak boleh minum air mineral""",karena haus saya pun minum air mineral botol kecil yang saya bawa betapa kagetnya ditegur sama mbak admin wira wiri pak ndak boleh minum ada kameranya saya pun kaget dan spontan oh iya mbak maaf sambil mikir baru kali ini naik angkutan ndak boleh minum air mineral
jio ndeso chanel,5,2025-07-25 16:11:19,agak lama juga masuknya klau kita topup,agak lama juga masuknya klau kita topup
Ratih Nidia,5,2025-07-24 19:41:50,"sukaaaaa, bisa pantau mau kemana, cuman kesulitan kalo mau ke suatu destinasi harus di runtut dlu, dicari sambungannya, mgkn bisa ditambah fitur arah nya misal dari kanwa ke pasar atom naik apa aja naik turun dimana",sukaaaaa bisa pantau mau kemana cuman kesulitan kalo mau ke suatu destinasi harus di runtut dlu dicari sambungannya mgkn bisa ditambah fitur arah nya misal dari kanwa ke pasar atom naik apa aja naik turun dimana
Darmawan,1,2025-07-23 12:36:47,"aplikasi busuk, top up sering delay hingga 10-15 menit mana kondektur busnya juga ga sadar diri kalo aplikasinya bobrok ngomel gegara gabisa bayar. sering log out juga tiba tiba dan ngebug di waktu yang tak terduga.",aplikasi busuk top up sering delay hingga menit mana kondektur busnya juga ga sadar diri kalo aplikasinya bobrok ngomel gegara gabisa bayar sering log out juga tiba tiba dan ngebug di waktu yang tak terduga
Adi Lukito,5,2025-07-23 06:55:59,sarana transportasi murah meriah merakyat tp tdk murahan dengn model dan fasilitas kendaraan nya.....Trimakasih sdh mengantar kami dan keluarga.,sarana transportasi murah meriah merakyat tp tdk murahan dengn model dan fasilitas kendaraan nya trimakasih sdh mengantar kami dan keluarga
"Maximillian Kenas Tarmidi, S.H.",1,2025-07-21 17:53:15,Error often. One day forced to pay as a normal passenger eventhough a student which is twice the price because the money transfer was delayed.,error often one day forced to pay as a normal passenger eventhough a student which is twice the price because the money transfer was delayed
Hani Hariyani,1,2025-07-17 08:19:34,Sering tiba2 eror gak muncul rutenya. Tolong lebih update untuk lokasi haltenya kadang halte disebutkan tapi tidak dikasih petunjuk.,sering tiba eror gak muncul rutenya tolong lebih update untuk lokasi haltenya kadang halte disebutkan tapi tidak dikasih petunjuk
Dini Shafa,5,2025-07-16 14:22:19,"petugasnya ramah2, armadanya bersih dan nyaman",petugasnya ramah armadanya bersih dan nyaman
Twitter Alfin,1,2025-07-16 06:34:00,"aplikasi sampah, dikit dikit minta perbaharui",aplikasi sampah dikit dikit minta perbaharui
Wanda Vitasari,3,2025-07-13 11:45:26,mbaknya yg jaga bus judessssss,mbaknya yg jaga bus judessssss
Adi Atfan,1,2025-07-13 10:21:39,lama lama kok lambat dan lemot semua ya minta tolong DISUB,lama lama kok lambat dan lemot semua ya minta tolong disub
Adryansyah Aji,1,2025-07-11 19:34:32,"Juanc*****k, untuk Wira Wiri dengan kode ""WW 96"" udah di awe² jauh² dari pemberhentian gamau berhenti tolong dipecat sopirnya juancokkkkkk. Saya memberhentikan pukul 7 an malam. padahal operasionalnya sampe jam 9 malam.",juanc k untuk wira wiri dengan kode ww udah di awe jauh dari pemberhentian gamau berhenti tolong dipecat sopirnya juancokkkkkk saya memberhentikan pukul an malam padahal operasionalnya sampe jam malam
Muhammad dhifan Rizky Saputra,1,2025-07-11 16:42:40,bisnya makin hari makin dikit udh nunggu 50 menit gak datang,bisnya makin hari makin dikit udh nunggu menit gak datang
Kasman Kas,5,2025-07-09 14:55:11,👍👍👍,
Kasijan Kasijan,1,2025-07-08 19:58:49,"WW06 hari selasa tgl 7 Juli 2025,diberhentiin di halte wonorejo tetapi tidak berhenti padahal ada plakat gambar Bus dan itu adalah halte pemberhentian",ww hari selasa tgl juli diberhentiin di halte wonorejo tetapi tidak berhenti padahal ada plakat gambar bus dan itu adalah halte pemberhentian
Gufron Gufron,5,2025-07-08 04:53:26,sudah cepat untuk gobis,sudah cepat untuk gobis
Dita Fadillah,2,2025-07-07 19:16:10,lemot banget aplikasiny🤦🏻‍♀️,lemot banget aplikasiny
Ayun Dwi,2,2025-07-07 13:12:37,lemot,lemot
Ismail Husen,1,2025-07-06 01:58:04,"sangat tidak direkomendasikan entah kenapa rasanya gampang pusing naik surabaya bus, kayak karna cara nyetir supirnya yang ngawur, pelayanan supir dan petugasnya gak ramah banget, jawab jutek, malah banyak penumpang yang di marahin, kalo gak bisa ramah gak usah kerja di pelayanan umum👎👎👎👎",sangat tidak direkomendasikan entah kenapa rasanya gampang pusing naik surabaya bus kayak karna cara nyetir supirnya yang ngawur pelayanan supir dan petugasnya gak ramah banget jawab jutek malah banyak penumpang yang di marahin kalo gak bisa ramah gak usah kerja di pelayanan umum
Made Cina,5,2025-07-02 20:12:28,sangat bgs pelayannya,sangat bgs pelayannya
fatoyah opie,5,2025-07-02 14:45:24,Membantu saya dalam bekerja sebagai sebagai informasi transportasi publik,membantu saya dalam bekerja sebagai sebagai informasi transportasi publik
Eko Prasetyo Sony R,5,2025-07-02 14:01:32,tolong ditambahkan jam operasional bus Suroboyo terimakasih,tolong ditambahkan jam operasional bus suroboyo terimakasih
rasyahilmi,2,2025-07-02 11:33:07,susah untuk masuk jadi member padahal ada internet,susah untuk masuk jadi member padahal ada internet
Aulia Stevani,5,2025-07-01 23:10:44,bagus mempermudah perjalanan,bagus mempermudah perjalanan
Vincent Gunawan (Bluray Hero ID),1,2025-07-01 09:39:42,reward poin untuk apa kalau nggak bisa ditukar? tombol untuk tukarnya pun sekarang dihilangkan,reward poin untuk apa kalau nggak bisa ditukar tombol untuk tukarnya pun sekarang dihilangkan
Hariyanto Yanto,5,2025-07-01 08:15:53,q pertama kali naik bis surabaya rasa nya nyaman.,q pertama kali naik bis surabaya rasa nya nyaman
IBNU YUDISTIRA,2,2025-06-30 16:25:22,gak mau berhenti di halte padahal belum penuh yg berdiri baru beberapa,gak mau berhenti di halte padahal belum penuh yg berdiri baru beberapa
Margaret Cellia,3,2025-06-30 09:04:32,"lupa pasword utk bayar pakai gobis, mau diganti pun gak bisa, harus pakai pasword lama. lah gimana mau d ganti kl pasword lama aja lupa. tlg d perbaiki aplikasinya 🙏",lupa pasword utk bayar pakai gobis mau diganti pun gak bisa harus pakai pasword lama lah gimana mau d ganti kl pasword lama aja lupa tlg d perbaiki aplikasinya
Gear7 Pro (AnggurMerah),5,2025-06-28 20:22:26,"sudah Bagus dengan aplikasi dan kemarin sebelumnya juga bisa pembayaran melalui Qris, sekarang harus top up, sebenarnya lebih ribet lagi, walaupun sudah bagus untuk mengembangkan aplikasi, tp tolong pembayaran /Top up juga bisa melalui indo**rt, alp**rt, dll agara lebih mudah, karena tidak semua punya rekening / Qris, dan kembali lagi permasalahan nya tetap di pembayaran. terima kasih. saran saja",sudah bagus dengan aplikasi dan kemarin sebelumnya juga bisa pembayaran melalui qris sekarang harus top up sebenarnya lebih ribet lagi walaupun sudah bagus untuk mengembangkan aplikasi tp tolong pembayaran top up juga bisa melalui indo rt alp rt dll agara lebih mudah karena tidak semua punya rekening qris dan kembali lagi permasalahan nya tetap di pembayaran terima kasih saran saja
Sumardi Sutrisno,5,2025-06-28 18:36:08,lebih nyaman aman dan efisien,lebih nyaman aman dan efisien
Bsdjdnyifnr,3,2025-06-28 11:17:07,"Minta Tolong Banget Di Evaluasi Supir nya🙏🙏 klok mau tutup pintu perhatikan dulu baik baik orang yang mau turun atau naik itu.. jangan terburu-buru, keselamatan lebih penting!! saya sering lihat nenek yang kadang agak kesusahan mau naik atau turun dan nenek nya salah pegangan yang justru itu sangat berbahaya... mohon di perhatikan lagi, jangan tunggu ada korban dulu..",minta tolong banget di evaluasi supir nya klok mau tutup pintu perhatikan dulu baik baik orang yang mau turun atau naik itu jangan terburu buru keselamatan lebih penting saya sering lihat nenek yang kadang agak kesusahan mau naik atau turun dan nenek nya salah pegangan yang justru itu sangat berbahaya mohon di perhatikan lagi jangan tunggu ada korban dulu
Imam Safi'i,2,2025-06-26 23:43:17,"kebanyakan update trs applikasi ini,,gk smpe sebulan update terus",kebanyakan update trs applikasi ini gk smpe sebulan update terus
Sword Lingg,1,2025-06-22 18:32:07,lamban woi saya isi saldo ga masuk masuk,lamban woi saya isi saldo ga masuk masuk
Ndari,1,2025-06-22 16:52:26,Udah Top Up saldo.. eehh malah ga berguna. mau payment lewat apk ini malah gagal terus jadinya Saldonya masih tertahan di apk sini.. respon juga lambat mohon diperbaiki.. kalau misalkan gakbisa payment di bus semanggi usahakan uang bisa dipake buat apa aja jadinya ga nahan disini !!!! kecewa sama apknya malah gak guna sama sekali,udah top up saldo eehh malah ga berguna mau payment lewat apk ini malah gagal terus jadinya saldonya masih tertahan di apk sini respon juga lambat mohon diperbaiki kalau misalkan gakbisa payment di bus semanggi usahakan uang bisa dipake buat apa aja jadinya ga nahan disini kecewa sama apknya malah gak guna sama sekali
ANDREW Kurniawan,1,2025-06-21 18:01:29,aplikasi sering error,aplikasi sering error
Satrio Sugondo,5,2025-06-21 10:41:03,sangat memuaskan,sangat memuaskan
Januar Tri Kurniawan,2,2025-06-21 09:08:26,"lokasi saya saat ini dan lokasi halte di map tidak akurat, selisihnya bisa 1 km",lokasi saya saat ini dan lokasi halte di map tidak akurat selisihnya bisa km
Evan Edgar,1,2025-06-19 12:30:55,"kalo bisa, jangan keseringan update. setidaknya perbaiki lokasi dan arah bus... bahkan apa mksudnya buat keseringan update kalo semisal g ada perubahan, tolong sebisa mungkin admin lebih diperhatikan lagi buat apk ini... mohon dibaca ya min🙏",kalo bisa jangan keseringan update setidaknya perbaiki lokasi dan arah bus bahkan apa mksudnya buat keseringan update kalo semisal g ada perubahan tolong sebisa mungkin admin lebih diperhatikan lagi buat apk ini mohon dibaca ya min
Murdjito ST,4,2025-06-19 11:23:53,baik👍,baik
Jav Corp,3,2025-06-16 11:41:31,"ini rute arah pemberangkatan aja, rute balik kok engga ditampilkan juga halte2 pemberhentiannya?",ini rute arah pemberangkatan aja rute balik kok engga ditampilkan juga halte pemberhentiannya
Agus Anta Muzakki,2,2025-06-14 18:51:22,"dulu pernah daftar, tpi lupa password terus pilih ke fitur ""lupa password"" diminta email, padahal dulu belum di sambungkan email",dulu pernah daftar tpi lupa password terus pilih ke fitur lupa password diminta email padahal dulu belum di sambungkan email
Wag Yo,1,2025-06-10 15:19:19,udah top up tpi saldo blm jg muncul sih. ini aplikasi ga jelas bnget,udah top up tpi saldo blm jg muncul sih ini aplikasi ga jelas bnget
Sri Rahayui,1,2025-06-08 17:34:33,gimana nih katanya username nya terserah mau berapa karakter tapi 10 karakter bisa bikin akun tapi nggak bisa masuk login habis itu data juga nggak bisa di hapus gimana nih caranya tolong developer dijawab saya☺️,gimana nih katanya username nya terserah mau berapa karakter tapi karakter bisa bikin akun tapi nggak bisa masuk login habis itu data juga nggak bisa di hapus gimana nih caranya tolong developer dijawab saya
Ulil Abshor,1,2025-06-07 19:48:56,"SB 23, naik 7 Jun 25 jam 19.04 WIB. Saran aja, bisnya sering-sering dibersihkan. Banyak kecoa kecil-kecil di area tempat duduk ban belakang.",sb naik jun jam wib saran aja bisnya sering sering dibersihkan banyak kecoa kecil kecil di area tempat duduk ban belakang
Mohammad Nurrohman,2,2025-06-03 07:09:45,"aplikasi nya bagus dan sangat berguna untuk pelanggan gobis, namun masih sering sekali terkendala koneksi putus, dan juga sering tidak bisa login.",aplikasi nya bagus dan sangat berguna untuk pelanggan gobis namun masih sering sekali terkendala koneksi putus dan juga sering tidak bisa login
alif aulia fadilah,2,2025-05-28 19:43:34,"4 me yg rada buta maps dan ""ga bisa baca rute"" mungkin bingung bgt dimana aja pemberhentian nya & dsb, coba dong tolong di upgrade fitur kaya Ai biar aku sebagai penumpang juga bisa menanyakan secara langsung dimana aja pemberhentian nya, beroperasi selesai jam brpa dan masi banyak lgi. karna emang minim informasi bgt jadi tolong untuk di upgrade biar penumpang jga ga bingung",me yg rada buta maps dan ga bisa baca rute mungkin bingung bgt dimana aja pemberhentian nya dsb coba dong tolong di upgrade fitur kaya ai biar aku sebagai penumpang juga bisa menanyakan secara langsung dimana aja pemberhentian nya beroperasi selesai jam brpa dan masi banyak lgi karna emang minim informasi bgt jadi tolong untuk di upgrade biar penumpang jga ga bingung
Luthfi Sodiq,5,2025-05-28 08:19:33,Sangat membantu masyarakat,sangat membantu masyarakat
meryenugraini,1,2025-05-26 08:31:15,g sesuai jadwal semua. molor jam nya. saran aja klau bisa ganti personel busnya . biar bisa sinkron ama jadwal yg di sistem. seringgg telattttt jamnya molor,g sesuai jadwal semua molor jam nya saran aja klau bisa ganti personel busnya biar bisa sinkron ama jadwal yg di sistem seringgg telattttt jamnya molor
Celo Colo,1,2025-05-25 13:09:13,tolong adakan fitur ganti foto profil,tolong adakan fitur ganti foto profil
marwan nurdiriyanto,1,2025-05-24 17:57:37,"gak ada jadwal keberangkatan atau kedatangan,,,kami pakai tranportasi umum juga butuh ketepatan waktu, kami butuh tranportasi umum yang gak terhalang macet,",gak ada jadwal keberangkatan atau kedatangan kami pakai tranportasi umum juga butuh ketepatan waktu kami butuh tranportasi umum yang gak terhalang macet
Agung,1,2025-05-22 20:21:37,ini knapa ya kok tiba2 jadi gabisa login setelah diupdate,ini knapa ya kok tiba jadi gabisa login setelah diupdate
Naar Ariana,2,2025-05-21 07:49:56,"login susah, padahal kuota masih banyak",login susah padahal kuota masih banyak
Niko Fendi Lienata,1,2025-05-19 16:13:51,"Saran saya jika top up saldo dengan QR segera digunakan. Apabila ditunda, saldonya tidak akan masuk dengan qr tersebut. sudah hubungi CS nya katanya ada delay dari Bank Jatim, mohon menunggu 1x24 jam tetapi ditunggu-tunggu lebih dari itu tidak ada saldo masuk. menghubungi kembali cs nya tetapi tidak ada tanggapan. mohon hal ini diperbaiki. dan diberi informasi berapa lama qr bisa digunakan. jika sudah expired sebaiknya qr tidak bisa di scan(dibuat gagal).",saran saya jika top up saldo dengan qr segera digunakan apabila ditunda saldonya tidak akan masuk dengan qr tersebut sudah hubungi cs nya katanya ada delay dari bank jatim mohon menunggu x jam tetapi ditunggu tunggu lebih dari itu tidak ada saldo masuk menghubungi kembali cs nya tetapi tidak ada tanggapan mohon hal ini diperbaiki dan diberi informasi berapa lama qr bisa digunakan jika sudah expired sebaiknya qr tidak bisa di scan dibuat gagal
Muhammad Alif,1,2025-05-17 07:00:15,"aplikasinya lemot, tolong diperbaiki",aplikasinya lemot tolong diperbaiki
Suryanti Yanti,5,2025-05-15 19:01:13,okay,okay
Gredy Christian,1,2025-05-07 07:53:12,"Dulu udah install ini dan uninstall krn app ini sdh nggak berguna lagi semenjak ada mitra darat. saya kira itu sebuah kemajuan integrasi transportasi indonesia. eh gataunya per Mei Juni disuruh download lagi dan mewajibkan semua penumpang untuk melakukan transaksi tiket disini. Sungguh, sebuah kecanggihan gimmick yang memper ruwet keadaan saja...",dulu udah install ini dan uninstall krn app ini sdh nggak berguna lagi semenjak ada mitra darat saya kira itu sebuah kemajuan integrasi transportasi indonesia eh gataunya per mei juni disuruh download lagi dan mewajibkan semua penumpang untuk melakukan transaksi tiket disini sungguh sebuah kecanggihan gimmick yang memper ruwet keadaan saja
Edy Soelistiyo,3,2025-05-01 19:20:57,"Aplikasi sebetulnya bagus untuk penggunaan transportasi umum dlm mengurangi pemakaian kendaraan pribadi, Akan tetapi tampilannya perlu diperbaiki. Karena sangat memusingkan terutama di peta integrasi antar moda transportasi. Apalagi untuk pengguna dari luar kota seperti saya dari jakarta yang belum begitu paham jalanan di surabaya. Harus melihat peta yang tampilannya sangat memusingkan numpuk2. Tolong diperbaiki agar semakin lebih baik lagi tampilannya. Semoga kedepan halte juga jadi satu.",aplikasi sebetulnya bagus untuk penggunaan transportasi umum dlm mengurangi pemakaian kendaraan pribadi akan tetapi tampilannya perlu diperbaiki karena sangat memusingkan terutama di peta integrasi antar moda transportasi apalagi untuk pengguna dari luar kota seperti saya dari jakarta yang belum begitu paham jalanan di surabaya harus melihat peta yang tampilannya sangat memusingkan numpuk tolong diperbaiki agar semakin lebih baik lagi tampilannya semoga kedepan halte juga jadi satu
wiwin melathi041,5,2025-04-30 06:32:13,sangat membantu untuk mencari feeder sesuai tujuan,sangat membantu untuk mencari feeder sesuai tujuan
hengkywangge hengkywangge,5,2025-04-29 19:07:19,mantap dan bersama gobis dan wira wiri,mantap dan bersama gobis dan wira wiri
Wahida Nurul,5,2025-04-29 15:23:13,"naik city elektric ketempat kerja lebih irit biayanya, tentunya sabar menanti bisnya...",naik city elektric ketempat kerja lebih irit biayanya tentunya sabar menanti bisnya
Muhammad Nobel wiranata,1,2025-04-29 12:21:19,KOK MAKIN LEMOT SIH?? MAU CEK MAPS BUSNYA LAMA BANGET BARU BISA KEBUKA,kok makin lemot sih mau cek maps busnya lama banget baru bisa kebuka
ARY POERWO,5,2025-04-29 09:31:32,helper sopan-sopan mau jelasin pertanyaan penumpang...,helper sopan sopan mau jelasin pertanyaan penumpang
Akf Genteng-SM Ekstra-Safira Imaniah-SM3,1,2025-04-28 18:42:41,proses daftarnya lamaaa bgttt :(,proses daftarnya lamaaa bgttt
Nur Istiyah Spd,5,2025-04-28 14:23:35,"nyaman, aman , terjangkau",nyaman aman terjangkau
Muhammad Sabransyah,5,2025-04-28 13:45:06,"Dengan adanya aplikasi ini sangat menguntungkan bagi kita pengguna transfort dgn bus, bnyk arah tujuan yg kita inginkan mau kemana, keliling kota Sby mengasyikkan dan murah meriah.",dengan adanya aplikasi ini sangat menguntungkan bagi kita pengguna transfort dgn bus bnyk arah tujuan yg kita inginkan mau kemana keliling kota sby mengasyikkan dan murah meriah
Pyth Goras,1,2025-04-28 13:03:46,"Mohon untuk pengisian/top up saldo diperbaiki, karena terkadang saldo lama baru masuk, bisa sampai 1 hari bahkan ada saldo saya yang belum masuk hingga saat ini, padahal sudah top up 3-4 hari sebelumnya",mohon untuk pengisian top up saldo diperbaiki karena terkadang saldo lama baru masuk bisa sampai hari bahkan ada saldo saya yang belum masuk hingga saat ini padahal sudah top up hari sebelumnya
meutia syaharani,3,2025-04-28 11:45:16,"padahal sudah top up 2 kali tetap tidak terisi, malahan yg ke isi cuma top up yg kedua top up pertama tidak",padahal sudah top up kali tetap tidak terisi malahan yg ke isi cuma top up yg kedua top up pertama tidak
"Konstantinus Rizky Wibisono, S.Pd.",1,2025-04-28 10:49:30,tambah ruwet bayare.,tambah ruwet bayare
aurellio reyfander Novianto,5,2025-04-28 09:42:00,BAGUS TAPI KAPAN YA ADA PENAMBAHAN NAMA CREW KETIKA MENEKAN IKON BUS LALU MUNCUL NAMA CREW,bagus tapi kapan ya ada penambahan nama crew ketika menekan ikon bus lalu muncul nama crew
H. A.,2,2025-04-28 08:15:55,aplikasinya masih sering lag dan eror,aplikasinya masih sering lag dan eror
YmvBrahmana,1,2025-04-25 17:06:43,"perbaiki lagi sistemnya, buka aplikasi saja lambat, tidak langsung muncul, sering error",perbaiki lagi sistemnya buka aplikasi saja lambat tidak langsung muncul sering error
Kevin Taufan MKv,1,2025-04-24 07:58:27,"ini mau daftar gimana dipencet pun gk bisa, tolol banget sih",ini mau daftar gimana dipencet pun gk bisa tolol banget sih
Diva jihan,1,2025-04-23 14:48:21,"TOLONG YA untuk diberitahukan kpd SOPIR-SOPIR BUS SUROBOYO KALIAN ITU HARUS LEBIH HATI-HATI. Saya salah satu penumpang BUS SUROBOYO SB06 tgl 21/4/25. Naik dari Bungurasih ke SMPN 5 Surabaya, Saya jatuh dari bus suroboyo tepat di depan halte SMPN 5 saat hendak turun tapi si sopir malah lanjut menjalankan Busnya!!! NAMA BPK KERNET BPK BENY BUDIANA. Dan pinternya lagi, SI SOPIR GA TURUN DAN GA MINTA MAAF. DAN UDAH LAPOR KE IG SUROBOYO BUS TAPI TIDAK ADA RESPON. KALIAN GA ADA RASA TGGUNG JAWAB!!",tolong ya untuk diberitahukan kpd sopir sopir bus suroboyo kalian itu harus lebih hati hati saya salah satu penumpang bus suroboyo sb tgl naik dari bungurasih ke smpn surabaya saya jatuh dari bus suroboyo tepat di depan halte smpn saat hendak turun tapi si sopir malah lanjut menjalankan busnya nama bpk kernet bpk beny budiana dan pinternya lagi si sopir ga turun dan ga minta maaf dan udah lapor ke ig suroboyo bus tapi tidak ada respon kalian ga ada rasa tggung jawab
Silvester HP Itel,1,2025-04-21 17:10:25,tolong di edukasi supir Wira wiri untuk update jumlah penumpang.. saya sering tertipu aplikasi dibilang kosong waktu mobil datang ternyata penuh.. dan juga beberapa supir kurang nyaman bawa kendaraannya,tolong di edukasi supir wira wiri untuk update jumlah penumpang saya sering tertipu aplikasi dibilang kosong waktu mobil datang ternyata penuh dan juga beberapa supir kurang nyaman bawa kendaraannya
Pur Wati,5,2025-04-20 22:16:53,bagus semua.,bagus semua
Ali Akbar,1,2025-04-19 07:35:06,"gara,, aplikasi eror waktu saya setengah jam sia sia nuguin wira wiri pas dia lewat ee ternyata aplikasi eror",gara aplikasi eror waktu saya setengah jam sia sia nuguin wira wiri pas dia lewat ee ternyata aplikasi eror
mochammad syamsul arif,1,2025-04-18 14:53:00,𝙎𝙖𝙮𝙖 𝙨𝙪𝙙𝙖𝙝 𝙙𝙖𝙛𝙩𝙖𝙧 𝙩𝙥 𝙥𝙖𝙨 𝙢𝙖𝙪 𝙡𝙤𝙜 𝙞𝙣 𝙥𝙖𝙨𝙨𝙬𝙤𝙧𝙙 𝙨𝙖𝙡𝙖𝙝 𝙩𝙚𝙧𝙪𝙨. 𝙥𝙖𝙙𝙖𝙝𝙖𝙡 𝙥𝙖𝙨𝙨𝙬𝙤𝙧𝙙𝙣𝙮𝙖 𝙨𝙪𝙙𝙖𝙝 𝙗𝙚𝙣𝙖𝙧. 𝙢𝙤𝙝𝙤𝙣 𝙥𝙚𝙣𝙟𝙚𝙡𝙖𝙨𝙖𝙣 𝙣𝙮𝙖.,
Giosandro,2,2025-04-17 18:44:33,sering error,sering error
Jems Ewin,1,2025-04-17 14:41:40,Untuk wira wiri tak kasih Bintang 1 krn mapsnya yg di kendaraan (wirawiri) entah helpernya atau drivernya gak di update kalo sdh penuh terkadang masih belum penuh gak berhenti di halte yg kita tunggu bolak balik telat terus gara2 feeder...kalo gini terus mendingan hapus aja transportasi wira wiri sama yg lainnya percuma ada di surabaya bukannya menolong malah mempersulit,untuk wira wiri tak kasih bintang krn mapsnya yg di kendaraan wirawiri entah helpernya atau drivernya gak di update kalo sdh penuh terkadang masih belum penuh gak berhenti di halte yg kita tunggu bolak balik telat terus gara feeder kalo gini terus mendingan hapus aja transportasi wira wiri sama yg lainnya percuma ada di surabaya bukannya menolong malah mempersulit
Tonggo Samosir,1,2025-04-16 19:02:11,"saya top up lewat mbanking, di mbanking sudah terpotong tapi saldo di gobis belum terisi 1x24 jam",saya top up lewat mbanking di mbanking sudah terpotong tapi saldo di gobis belum terisi x jam
Warkop Bude Pen,1,2025-04-15 16:55:19,kenapa pembayaran qris dihilangkan? SANGAT MENYUSAHKAN. SUDAH SAMPAI DI HALTE HARUS PERGI DULU KE INDOMARET BUAT TOP UP. TOP UP LANGSUNG PAKAI TRANSFER MOBILE BANKING PUN GAK BISA. SANGAT MENYUSAHKAN....,kenapa pembayaran qris dihilangkan sangat menyusahkan sudah sampai di halte harus pergi dulu ke indomaret buat top up top up langsung pakai transfer mobile banking pun gak bisa sangat menyusahkan
Enang Prianto,1,2025-04-15 16:19:44,aplikasi gk jelas..daftar udah d.isi kok login gk bisa..biasa produk karya anak bangsa lemot,aplikasi gk jelas daftar udah d isi kok login gk bisa biasa produk karya anak bangsa lemot
22-Yusuf Qardhowi,1,2025-04-15 07:58:26,"Orang cuma mau liat posisi bus malah diwajibin login. Sudah diperbaiki. bintang 1 lagi, TOPUP GAGAL GA ADA FITUR REPORT, AYOLAH FITUR SESIMPEL ITU KOK GA ADA",orang cuma mau liat posisi bus malah diwajibin login sudah diperbaiki bintang lagi topup gagal ga ada fitur report ayolah fitur sesimpel itu kok ga ada
Kahfi Rizqi Wibowo,1,2025-04-13 22:10:35,"saya tidak tau sudah berhasil daftar apa belum karena proses yang lama, hari ini saya cek ternyata NIK saya sudah terdaftar... tapi saya bingung ini password yg saya masukkan salah semua. apakah bisa dibantu untuk pemulihan akun? karena email saya juga saya lihat tidak terdaftar",saya tidak tau sudah berhasil daftar apa belum karena proses yang lama hari ini saya cek ternyata nik saya sudah terdaftar tapi saya bingung ini password yg saya masukkan salah semua apakah bisa dibantu untuk pemulihan akun karena email saya juga saya lihat tidak terdaftar
Wahyudi Yidi,5,2025-04-12 20:41:30,lumayan,lumayan
Nurul Hidayah,5,2025-04-12 20:22:45,keren,keren
Muhammad Dandi,1,2025-04-12 19:30:40,aplikasi gabisa dibuka sama sekali loading putih gitu doang,aplikasi gabisa dibuka sama sekali loading putih gitu doang
Faishal Sudatama,1,2025-04-12 19:13:03,"haha aplikasi belum selesai, coba beli 1 tiket, pas beli aman serlah dicek riwayat pembelian aja ngga ada apalagi tiket , rugi 5.000 haha",haha aplikasi belum selesai coba beli tiket pas beli aman serlah dicek riwayat pembelian aja ngga ada apalagi tiket rugi haha
achmad yari,5,2025-04-12 08:35:24,terus berkembang Lur,terus berkembang lur
Jacob papibel,5,2025-04-11 19:59:09,"Mantap aplikasinya, mantap pelayanannya...",mantap aplikasinya mantap pelayanannya
Sius,1,2025-04-10 12:46:02,aplikasi gak bisa di buka tolonglah dishub kami ingin naik bus suroboyo jangan bikin susah masyarakat surabaya,aplikasi gak bisa di buka tolonglah dishub kami ingin naik bus suroboyo jangan bikin susah masyarakat surabaya
Kopake Shop,1,2025-04-10 08:59:13,ga bisa dibuka di Redmi Note 4,ga bisa dibuka di redmi note
Paundra Ardianto,1,2025-04-08 20:34:45,"ww25 8/4/2025 sekitar pukul 20.20 armada tidak awas akan penumpang yg ada dihalte , sudah saya lambai sampai kejar tetap tidak berhenti padahal kondektur sempat melihat kearah saya ,, terlihat juga armada belum penuh posisi saya menunggu di halte darmo permai timur",ww sekitar pukul armada tidak awas akan penumpang yg ada dihalte sudah saya lambai sampai kejar tetap tidak berhenti padahal kondektur sempat melihat kearah saya terlihat juga armada belum penuh posisi saya menunggu di halte darmo permai timur
Mumhammad Izza Narendra,1,2025-04-07 11:04:27,seperti aplikasi pemerintah biasanya lemot suka eror dananya kebanyakan buat korupsi sih gak becus,seperti aplikasi pemerintah biasanya lemot suka eror dananya kebanyakan buat korupsi sih gak becus
Adi Nimin,4,2025-04-06 10:27:33,"susah daftar nya lemot GK mau jln, kayaknya apk nya males kemn2 klo bisa di jgn di pake tuh apk maaf soalnya SMP skrg Lom ada niat untuk merubahnya apknya",susah daftar nya lemot gk mau jln kayaknya apk nya males kemn klo bisa di jgn di pake tuh apk maaf soalnya smp skrg lom ada niat untuk merubahnya apknya
Moch Okta S,5,2025-04-05 04:47:54,"bagus aplikasinya untuk memudahkan pengguna transportasi umum di SBY, namun harus ada beberapa update terkait fitur2 yang belum selesai meskipun ada menunya.",bagus aplikasinya untuk memudahkan pengguna transportasi umum di sby namun harus ada beberapa update terkait fitur yang belum selesai meskipun ada menunya
Dimas Wibowo,1,2025-04-05 04:42:50,ruwet dan lebih mudah pakai qris,ruwet dan lebih mudah pakai qris
Dean Pratama sutadi,1,2025-04-04 18:51:43,Aplikasi sering bug.. tolong para IT yang sangat berkompeten dapat memperbaiki masalah ini. karena sangat tidak membantu. Terima Kasih Salam sehat dan sukses selalu,aplikasi sering bug tolong para it yang sangat berkompeten dapat memperbaiki masalah ini karena sangat tidak membantu terima kasih salam sehat dan sukses selalu
Gusti Wira,5,2025-04-04 14:49:07,"Assalamu'alaikum, Bismillahirrahmanirrahim, Alhamdulillah, Wasysyukrillah,,, Admin menyampaikan aspirasi dan saran, memang aplikasi dari Go Bis Suroboyo tidak jarang eror, namun tetap bisa dibuat akses untuk perkiraan posisi personal maupun kendaraan. Harapan banyak bug fixed dari aplikasi ini. Untuk program Go Bis Surabaya menurut saya sudah sangat baik, karena relatif murah, pelayanan baik, dan mekanisme yang simple dan nyaman. Harapan kedepan supaya penumpang lebih dibatasi bila penuh",assalamu alaikum bismillahirrahmanirrahim alhamdulillah wasysyukrillah admin menyampaikan aspirasi dan saran memang aplikasi dari go bis suroboyo tidak jarang eror namun tetap bisa dibuat akses untuk perkiraan posisi personal maupun kendaraan harapan banyak bug fixed dari aplikasi ini untuk program go bis surabaya menurut saya sudah sangat baik karena relatif murah pelayanan baik dan mekanisme yang simple dan nyaman harapan kedepan supaya penumpang lebih dibatasi bila penuh
Hilwa Idah,1,2025-04-02 22:07:11,lemottt pollll,lemottt pollll
agus hariyanto Handjaja,5,2025-04-02 14:13:53,transpotasi yg cepat dan bersih,transpotasi yg cepat dan bersih
Mantek Surabaya,1,2025-03-31 16:27:10,"aplikasi seperti ini dikelola pemerintah? sangat memprihatinkan, kyk aplikasi buatan anak sekolah dasar",aplikasi seperti ini dikelola pemerintah sangat memprihatinkan kyk aplikasi buatan anak sekolah dasar
Aji dipta,1,2025-03-30 20:44:29,"aplikasi dibuka sangat lemot buat daftar member aja nunggunya lama loading terussss seharian. aplikasinya ga bner nunggu bis juga dari jam 7 , set 8 ga lewat lewat... kalau memang gtu diperjelas aja jam kerja mereka kayak apa... kalau krn besok hari lebaran dan mempercepat jam kerja itu aneh.. kendaraan umum untuk dalam kota mempercepat operasional. nunggu dua jam di halte . sangat merugikan",aplikasi dibuka sangat lemot buat daftar member aja nunggunya lama loading terussss seharian aplikasinya ga bner nunggu bis juga dari jam set ga lewat lewat kalau memang gtu diperjelas aja jam kerja mereka kayak apa kalau krn besok hari lebaran dan mempercepat jam kerja itu aneh kendaraan umum untuk dalam kota mempercepat operasional nunggu dua jam di halte sangat merugikan
Chairil Iril,3,2025-03-28 09:21:00,history perjalanan nya sering error sama arah bis yang sering ngebug,history perjalanan nya sering error sama arah bis yang sering ngebug
Sevril Siagian,1,2025-03-27 14:35:42,apknya bisa dibuka cuman pas mau lihat lokasi bisnya ngk bisa dibuka sama sekali udh coba download ulang ttp ngk bisa,apknya bisa dibuka cuman pas mau lihat lokasi bisnya ngk bisa dibuka sama sekali udh coba download ulang ttp ngk bisa
Pak Harto,5,2025-03-22 14:16:03,Muantep poll,muantep poll
Selvia Zahra Riskiyah,1,2025-03-22 12:53:04,gabisa tuker poin reward lagi,gabisa tuker poin reward lagi
Raf Der,1,2025-03-20 22:34:51,iki lapo sisan QRISS E DIHAPUS. NYAPO SEH PEMERINTAH,iki lapo sisan qriss e dihapus nyapo seh pemerintah
nurul husniyah,5,2025-03-19 14:59:56,sangat membantu transportasi sy,sangat membantu transportasi sy
Komo Joyo,2,2025-03-15 23:29:21,Itu kalok lihat rute nya emang gak bisa kah???,itu kalok lihat rute nya emang gak bisa kah
SAMpoernaMLD Channel,1,2025-03-15 17:23:50,update terbaru malah ngebug,update terbaru malah ngebug
Alif Ardiansyah,5,2025-03-12 10:18:34,Bagus,bagus
Zainah Munaaya,4,2025-03-07 17:31:27,"Next diperbarui aplikasinya. Kalo ada penumpang mau naik (dari jauh sudah menunggu) mungkin ada opsi untuk penumpangnya klik ""naik / lainnya"" biar ada notif juga ke driver / kondektur",next diperbarui aplikasinya kalo ada penumpang mau naik dari jauh sudah menunggu mungkin ada opsi untuk penumpangnya klik naik lainnya biar ada notif juga ke driver kondektur
arum wardani,4,2025-03-07 15:26:43,Saya coba top up 10rb.. tapi saldo tetap nol pdhl udh bbrp kali saya refresh.. saya top up di aplikasi gobis.. untung blm top up bnyk.. gmn min ?,saya coba top up rb tapi saldo tetap nol pdhl udh bbrp kali saya refresh saya top up di aplikasi gobis untung blm top up bnyk gmn min
Vania Putri Rinjani,1,2025-03-07 11:25:46,"Kenapa yahh ga bisa login ke akunku. Pdhl akun saya masi ada saldonya banyak. Mungkin user experience nya bisa dibenahi. Kayak kalau passwordnya salah, dikasi peringatan pass salah atau gimana gt. Soalnya ini saya pencet login, ga ngefek apa apa. Pdhl email dan pass jelas"" benar. Jadi yang salah saya atau aplikasinya yg gak connect mulu. Mohon dibenahi",kenapa yahh ga bisa login ke akunku pdhl akun saya masi ada saldonya banyak mungkin user experience nya bisa dibenahi kayak kalau passwordnya salah dikasi peringatan pass salah atau gimana gt soalnya ini saya pencet login ga ngefek apa apa pdhl email dan pass jelas benar jadi yang salah saya atau aplikasinya yg gak connect mulu mohon dibenahi
Lintangayu Rahma,5,2025-03-05 22:04:36,"tolong dong buat supir Bu sama kondektur nya kalo busnya sudah penuh jangan di paksa, soalnya saya pernah pulang sekolah mau ke kota sebelah capek capek nya eh sama ibuk ibuk yang baru naik tiba tiba di suruh berdiri, kata nya karna dia lebih tua, tolong dong kalo emang udah penuh kapasitasnya jangan angkut penumpang lagi, sangat membatu tapi kalo terlalu penuh kadang ada ibu ibu yang semaunya sendiri 😔😭🙏🏻🙏🏻🙏🏻🙏🏻",tolong dong buat supir bu sama kondektur nya kalo busnya sudah penuh jangan di paksa soalnya saya pernah pulang sekolah mau ke kota sebelah capek capek nya eh sama ibuk ibuk yang baru naik tiba tiba di suruh berdiri kata nya karna dia lebih tua tolong dong kalo emang udah penuh kapasitasnya jangan angkut penumpang lagi sangat membatu tapi kalo terlalu penuh kadang ada ibu ibu yang semaunya sendiri
mukhlis rizal,3,2025-03-03 05:43:07,Ok,ok
titik putri,3,2025-03-01 21:21:12,Saya nunggu di halte embong malang jam 21.15 & lewat wira wiri mobil sampai 3 katanya sudah tidak membawa penumpang. Sebenarnya jam operasional sampai jam berapa?,saya nunggu di halte embong malang jam lewat wira wiri mobil sampai katanya sudah tidak membawa penumpang sebenarnya jam operasional sampai jam berapa
Stevanus Sastro,5,2025-02-26 07:09:56,"fitur top up nya apakah sudah bisa digunakan? saya diberitahu petugas bus semanggi bahwa setelah ini bus akan mengganti metode pembayaran hanya bisa lewat aplikasi saja, namun ketika saya top up 25K dengan pembayaran gopay, saldo masih belum masuk sampai sekarang. apakah ada yang salah?",fitur top up nya apakah sudah bisa digunakan saya diberitahu petugas bus semanggi bahwa setelah ini bus akan mengganti metode pembayaran hanya bisa lewat aplikasi saja namun ketika saya top up k dengan pembayaran gopay saldo masih belum masuk sampai sekarang apakah ada yang salah
Syamsul Dargonamkacong,5,2025-02-21 21:20:39,Ok,ok
Alfiyah 21,1,2025-02-20 09:04:34,Apk resmi malah gak bisa buat pembayaran #Lawak,apk resmi malah gak bisa buat pembayaran lawak
BintangGA,1,2025-02-18 08:36:09,"Terms and conditions nya buruk, jangan dulu buat akun untuk aplikasi jni",terms and conditions nya buruk jangan dulu buat akun untuk aplikasi jni
Muh Mahfud,1,2025-02-15 13:32:52,Aplikasi error terus ga guna pengembangnya mana ini,aplikasi error terus ga guna pengembangnya mana ini
Irwanto Wanto,1,2025-02-14 05:44:36,SB 01 di kota lama saya berhentiin gk berhenti. Saya kecewa ...... Sampai telat saya kerja. Tambah parah,sb di kota lama saya berhentiin gk berhenti saya kecewa sampai telat saya kerja tambah parah
Dedy Arjuna,5,2025-02-13 20:39:49,Armada perlu ditambah agar tidak terlalu lama menunggu,armada perlu ditambah agar tidak terlalu lama menunggu
Bela Kartika,1,2025-02-10 15:04:48,Update teruss,update teruss
khen holong,1,2025-02-09 18:27:00,"update terus,ntah apa yg di update",update terus ntah apa yg di update
rangga warsita,2,2025-02-07 08:32:59,Sopirnya di training lagi biar ngerti SOP dan tidak boleh emosional.... karena bawa orang banyak,sopirnya di training lagi biar ngerti sop dan tidak boleh emosional karena bawa orang banyak
Abdul Majid,2,2025-02-06 18:35:40,Peta integrasinya kok malah ilang sih,peta integrasinya kok malah ilang sih
Arjuna Taufiqul Firman Yusuf,1,2025-02-06 17:43:55,Apk gk jelas apk terusak yg pernah aku pake gk jelass menyusah kan ngerti kalau punya uang dibenerin lagi apk nya buat apk aja gk bisa,apk gk jelas apk terusak yg pernah aku pake gk jelass menyusah kan ngerti kalau punya uang dibenerin lagi apk nya buat apk aja gk bisa
astrojiesung,2,2025-02-06 15:49:52,"Tolong tambahkan lapak aduan agar perasaan tidak nyaman yang didapat oleh penumpang karena sikap helper atau supir dapat disampaikan dengan baik, terima kasih.",tolong tambahkan lapak aduan agar perasaan tidak nyaman yang didapat oleh penumpang karena sikap helper atau supir dapat disampaikan dengan baik terima kasih
Nancy joegoan Mercy,1,2025-02-05 17:31:15,After di perbarui malah ngebug gk bisa di buka,after di perbarui malah ngebug gk bisa di buka
Nyct,1,2025-02-05 14:41:37,"Rute ke ITC kok gak ada , tolong lebih banyak di update untuk rutenya.",rute ke itc kok gak ada tolong lebih banyak di update untuk rutenya
Laudia Sera Latifah Maspeke,3,2025-02-04 09:28:33,Aslinya enak ada aplikasi ini bisa tau posisi bus yg diinginkan tapi kenapa setiap hari harus update sih!,aslinya enak ada aplikasi ini bisa tau posisi bus yg diinginkan tapi kenapa setiap hari harus update sih
Anies Santoso,1,2025-02-04 05:51:05,Tiap hari update,tiap hari update
Imanuel Dwisatriyar,1,2025-02-03 16:30:26,Trackingnya ga pas,trackingnya ga pas
Iwan Setiawan,5,2025-02-03 06:53:11,"Moda transportasi murah dan terhitung armada nya banyak, terbantu sekali, bisa di cek posisi bus secara online,Surabaya memang terbaik",moda transportasi murah dan terhitung armada nya banyak terbantu sekali bisa di cek posisi bus secara online surabaya memang terbaik
Teguh Susanto,1,2025-02-03 06:01:30,OTP nya tidak bisa keluar,otp nya tidak bisa keluar
Yu Me,2,2025-02-02 13:46:50,Bis surabaya bangkalan sudah lebih dari 50 mnt ga ada yg lewat. Antriannya udah banyak. Ada 3 armada istirahat ga jalan. Mau tanya jam operasional tapi gada CS yg bisa dihubungi. Sedih amat hari mingguku.,bis surabaya bangkalan sudah lebih dari mnt ga ada yg lewat antriannya udah banyak ada armada istirahat ga jalan mau tanya jam operasional tapi gada cs yg bisa dihubungi sedih amat hari mingguku
Jesana Patola,5,2025-02-02 11:03:19,"Pelayananya Cukup bagus, tlg halte yg sdh tdk terpakai segera dicabut agar penumpang tdk kecewa. Krn sdh tggu dihalte ternyata tdk dilewati, sdh dirubah jalurnya.",pelayananya cukup bagus tlg halte yg sdh tdk terpakai segera dicabut agar penumpang tdk kecewa krn sdh tggu dihalte ternyata tdk dilewati sdh dirubah jalurnya
Aliy Yusuf,3,2025-01-30 15:43:39,"saya sudah 2 kali naik bus ini, kenapa tidak bisa bayar pakai saldo di aplikasi ini ya, apa belum ada untuk electric city bus??",saya sudah kali naik bus ini kenapa tidak bisa bayar pakai saldo di aplikasi ini ya apa belum ada untuk electric city bus
M.Rizki Maulidi,1,2025-01-30 10:32:55,Topup tidak masuk ke saldo,topup tidak masuk ke saldo
rachmania farida,5,2025-01-28 18:52:26,Baik murah,baik murah
Azelia Zaafarani,4,2025-01-28 09:42:50,"Tolong dikasih fitur ganti info profil 🙏 Foto saya jelek banget, gabisa diganti (sedih) 💔",tolong dikasih fitur ganti info profil foto saya jelek banget gabisa diganti sedih
Ms. Nofia,1,2025-01-25 10:38:50,Gausah sok²an update app .. di update kok malah kualitas menurun koneksi terputus trs,gausah sok an update app di update kok malah kualitas menurun koneksi terputus trs
yustinah Widjayanti1967,5,2025-01-25 10:19:06,Bagus ada Wirawiri kami bisa naik dng baik dan cepat Untuk halte nya mohon di kasih bangku ya pak supaya kita menunggu nya gak berdiri sampai datang Wirawiri nya,bagus ada wirawiri kami bisa naik dng baik dan cepat untuk halte nya mohon di kasih bangku ya pak supaya kita menunggu nya gak berdiri sampai datang wirawiri nya
siti arlizah,3,2025-01-24 20:04:05,"Armada sdh banyak, sayangnya kurang bisa memenage jarak antar bus... terkadang kayak kereta sampai berderet2. Sedangkan armada selanjutnya sangat jauh....",armada sdh banyak sayangnya kurang bisa memenage jarak antar bus terkadang kayak kereta sampai berderet sedangkan armada selanjutnya sangat jauh
michael hendrico,5,2025-01-18 16:13:30,Berharap ada fitur live chat gitu sama kondektur nya hehe,berharap ada fitur live chat gitu sama kondektur nya hehe
sibad aja,5,2025-01-14 15:01:38,Manteb,manteb
depano 1255,1,2025-01-08 22:22:13,"APLIKASI TIDAK BERGUNA Semoga admin cepat respon ulasan saya.. Sy mau cerita.. Waktu aku jalan jalan ke surabaya ingin bgt naik bus atau feeder ini.. Tpi pas donlod aplikasinya bingung bgt tidak ada tujuan kemana dan titik lokasi Contoh: lokasi anda ^ Tujuan anda ^ Dan itu membuat saya kebingungan dan tidak tau cara memakai bus dan wira wiri ini GARA GARA APLIKASI INI SAYA SEMPAT KESASAR DI BENEWO, YANG AKHIRNYA SAYA PULANG NAIK OJOL. TIDAK RECOMMEND BUAT NAIK TRANSPORTASI!!",aplikasi tidak berguna semoga admin cepat respon ulasan saya sy mau cerita waktu aku jalan jalan ke surabaya ingin bgt naik bus atau feeder ini tpi pas donlod aplikasinya bingung bgt tidak ada tujuan kemana dan titik lokasi contoh lokasi anda tujuan anda dan itu membuat saya kebingungan dan tidak tau cara memakai bus dan wira wiri ini gara gara aplikasi ini saya sempat kesasar di benewo yang akhirnya saya pulang naik ojol tidak recommend buat naik transportasi
Farhan Wes,1,2025-01-08 15:27:42,"Adewe mek numpak tok yo mbayar, lapo kirim nik barang",adewe mek numpak tok yo mbayar lapo kirim nik barang
Dinda Wijaya,3,2025-01-05 13:15:29,"Harusnya ada keterangan nya kalo emang bis nya full, sudah nunggu bis yg berikutnya ternyata full jg jd buang2 waktu. Bis nya kalo di klik ada keterangannya kan jd bisa tau penumpang yg nunggu itu bis full atau engga nya",harusnya ada keterangan nya kalo emang bis nya full sudah nunggu bis yg berikutnya ternyata full jg jd buang waktu bis nya kalo di klik ada keterangannya kan jd bisa tau penumpang yg nunggu itu bis full atau engga nya
Didik Eko,1,2024-12-30 21:13:57,"Sudah daftar, menunggu kode otp tidak kunjung respon masuk sampe sehari, tdk ada notif sama sekali di email",sudah daftar menunggu kode otp tidak kunjung respon masuk sampe sehari tdk ada notif sama sekali di email
Indra Arias,1,2024-12-30 10:01:59,Aplikasi tidak bekerja dengan baik,aplikasi tidak bekerja dengan baik
eko moko,2,2024-12-23 17:34:27,"Untuk rute padat seperti arah terminal Purabaya selisih keberangkatan atau jumlah armadanya mohon diperhatikan,karena selisihjya jauh bisa berjam jam karena muter dulu sampai Perak, sehingga waktu tunggunya terlalu lama, atau kalau bisa arah perak di buatkan jalur tersendiri yg terintegrasi dengan jalur lainnya,dl muter sampai Rajawali sudah sangat bagus waktu tunggu maksllimal 15 menit an",untuk rute padat seperti arah terminal purabaya selisih keberangkatan atau jumlah armadanya mohon diperhatikan karena selisihjya jauh bisa berjam jam karena muter dulu sampai perak sehingga waktu tunggunya terlalu lama atau kalau bisa arah perak di buatkan jalur tersendiri yg terintegrasi dengan jalur lainnya dl muter sampai rajawali sudah sangat bagus waktu tunggu maksllimal menit an
Pah Bella,1,2024-12-23 10:08:56,"Nyesel udah daftar jadi member,,, apk nya makin ribet digunakan, nunggu verivikasi dari email brpa minggu gak muncul2 kode otp nya, akibatnya g bisa d pake sama sekali apk nya meski udah download ulang....",nyesel udah daftar jadi member apk nya makin ribet digunakan nunggu verivikasi dari email brpa minggu gak muncul kode otp nya akibatnya g bisa d pake sama sekali apk nya meski udah download ulang
Inone Neka,1,2024-12-20 15:39:03,Bus yg dari genpark arah ke purbaya klau jam 15:00 lama banget saya nunggu hampir 2jam gak ada yg lewat akhirnya pake gojek ke JMP buat naik bus yg dari jmp ke purbaya,bus yg dari genpark arah ke purbaya klau jam lama banget saya nunggu hampir jam gak ada yg lewat akhirnya pake gojek ke jmp buat naik bus yg dari jmp ke purbaya
Sulfia Maulita,1,2024-12-19 20:36:42,"Kok ga ada jadwal mulai jam berapa sih, jadi takut telat kalo mau naik ini",kok ga ada jadwal mulai jam berapa sih jadi takut telat kalo mau naik ini
"Jasa WebHosting, Email dan Domain",1,2024-12-19 18:04:22,"Ga bisa untuk pembayaran, percuma isi saldo",ga bisa untuk pembayaran percuma isi saldo
Muqit Nur Salam Marsam,3,2024-12-16 07:06:56,Sisa kapasitas yang tertera di aplikasi tidak sesuai dengan real time,sisa kapasitas yang tertera di aplikasi tidak sesuai dengan real time
muhamad arifin ilham,2,2024-12-11 09:51:49,"TOLONG UPDATE BERIKUTNYA BERIKAN FITUR PENILAIAN UNTUK PENGEMUDI, SAYA SUDAH SERING BANGET NUNGGU DI HALTE TPI DRIVERNYA TIDAK BERHENTI. UNTUK LAPORAN SAJA HARI INI 11 DESEMBER PUKUL 9:30 BUS SB 11 TIDAK BERHENTI PADAHAL SAYA SUDAH NUNGGU LAMA, TOLONG SEGERA DITINDAK LANJUTI.",tolong update berikutnya berikan fitur penilaian untuk pengemudi saya sudah sering banget nunggu di halte tpi drivernya tidak berhenti untuk laporan saja hari ini desember pukul bus sb tidak berhenti padahal saya sudah nunggu lama tolong segera ditindak lanjuti
Ainnaya Aulia,3,2024-12-08 20:09:27,"Harusnya ada ada scan penumpang di halte ditulisi marka pemberhentian bus agar tau ada penumpang yg akan naik. Krn banyak wirawiri yg gak berhenti di tiap halte, mana halte gak ada lampu jadinya gelap mungkin driver dan kernet gak liat.",harusnya ada ada scan penumpang di halte ditulisi marka pemberhentian bus agar tau ada penumpang yg akan naik krn banyak wirawiri yg gak berhenti di tiap halte mana halte gak ada lampu jadinya gelap mungkin driver dan kernet gak liat
015_Annisa Salma Afifah,1,2024-12-05 08:41:27,"Wirawiri nya buru buru banget. Aku nunggu di halte tapi wirawiri nya gak berhenti, padahal isinya belum full :(",wirawiri nya buru buru banget aku nunggu di halte tapi wirawiri nya gak berhenti padahal isinya belum full
Bara Apta Risqullah,1,2024-12-04 19:54:08,"please aplikasinya diperbaiki, sering error ga muncul rute",please aplikasinya diperbaiki sering error ga muncul rute
Aprilia Fauzizah,5,2024-12-01 03:34:20,Kok di dwonlout di iphone gak bisa ya,kok di dwonlout di iphone gak bisa ya
WIBI RAHARJO,1,2024-11-28 09:17:37,APLIKASI GOBLOKK COKK DANCOKKK,aplikasi goblokk cokk dancokkk
DIMAS SAPUTRA,2,2024-11-23 10:25:25,Maap cuma 3 dulu bintangnya Karena saya daftar gagsl terus karena tidak mendspatkan otp nya jadi ga bisa daftar,maap cuma dulu bintangnya karena saya daftar gagsl terus karena tidak mendspatkan otp nya jadi ga bisa daftar
Rafi kurnia,5,2024-11-20 13:46:26,"Mana kode otpnya, ditungguin sampai ngantuk gk keluar",mana kode otpnya ditungguin sampai ngantuk gk keluar
Muhammad Barra Rafansyah,1,2024-11-18 15:12:07,"niat gae aplikasi ga seh. wis bosok, rute ne titik, login gae nik lah, ktp lah, fotolah, mentolo tak protes nak buk risma karo admine gerindra ben di apikno gobiz, mosok wirawiri isine titik ngene pengen gae dadine gak sido, ero gak omahku iku dukuh pakis ayo kene serlok tak nasehati",niat gae aplikasi ga seh wis bosok rute ne titik login gae nik lah ktp lah fotolah mentolo tak protes nak buk risma karo admine gerindra ben di apikno gobiz mosok wirawiri isine titik ngene pengen gae dadine gak sido ero gak omahku iku dukuh pakis ayo kene serlok tak nasehati
ivane eka chriesmaya,1,2024-11-12 08:19:12,Bis 02 padahal banyak yg kosong ga mau berhenti padahal di halte simpang dukuh selasa 12 Nov 2024 ada 3 yg nunggu di halte. Supirnya ga mau berhenti malah pura2 gak liat,bis padahal banyak yg kosong ga mau berhenti padahal di halte simpang dukuh selasa nov ada yg nunggu di halte supirnya ga mau berhenti malah pura gak liat
Mifta Nisa,1,2024-11-11 22:25:35,Sulit sekali untuk masuk ke akun. Apakah ada petunjuk?,sulit sekali untuk masuk ke akun apakah ada petunjuk
MAHDYARI,5,2024-11-05 17:04:38,Mantab. Tambahin rute ke pasar malam kodam plis.. makasih...,mantab tambahin rute ke pasar malam kodam plis makasih
Singgih Setiawan,1,2024-11-05 16:56:18,"Aplikasi ini tidak layak dipublikasikan, saya sudah top up saldo via QRIS, saldo aplikasi Gobis tidak terisi padahal di rekening bank sudah terdebet. Tidak jelas dana top up saya masuk kemana, dan tidak ada layanan pengaduan / chat costumer care yang efektif dan efisien. Saya juga tidak tau sudah berapa banyak saldo orang lain yang tidak masuk seperti saya, yang jelas ini sudah merugikan konsumen. Tidak adakah niatan OJK untuk mengaudit sistem pembayaran di Gobis yang sangat tidak layak ini?",aplikasi ini tidak layak dipublikasikan saya sudah top up saldo via qris saldo aplikasi gobis tidak terisi padahal di rekening bank sudah terdebet tidak jelas dana top up saya masuk kemana dan tidak ada layanan pengaduan chat costumer care yang efektif dan efisien saya juga tidak tau sudah berapa banyak saldo orang lain yang tidak masuk seperti saya yang jelas ini sudah merugikan konsumen tidak adakah niatan ojk untuk mengaudit sistem pembayaran di gobis yang sangat tidak layak ini
Faris Ardiansyah,1,2024-11-01 09:21:03,"Masih ada bis yang kalau dicegat nyelonong,gatau siapa tuh supir sama kernetnya sb22 1 november 2024 jam 09.00 am.Supir ama kernet tolol bawa bis apa babi liar dicegat nyelonong aja.Dasar supir sama kernet gak ada otak.",masih ada bis yang kalau dicegat nyelonong gatau siapa tuh supir sama kernetnya sb november jam am supir ama kernet tolol bawa bis apa babi liar dicegat nyelonong aja dasar supir sama kernet gak ada otak
Sayu Tik,3,2024-11-01 05:12:14,"S''. 346__7__73’4,,,,,,,,,",s
Muhammad Arfan Hajam,5,2024-10-29 16:26:30,"Aplikasi updatenya terbaru sudah seperti semula, keren",aplikasi updatenya terbaru sudah seperti semula keren
hn1231,4,2024-10-29 14:13:09,Semoga jumlah armada makin banyak sehingga jarak angkutan tidak terlalu lama,semoga jumlah armada makin banyak sehingga jarak angkutan tidak terlalu lama
steven beta,1,2024-10-28 11:37:17,Sudah login msh di suruh login lagi,sudah login msh di suruh login lagi
Rizkyary Prasetya,1,2024-10-28 08:47:37,"Apaan sih, udah diundang malah gabisa lihat bis/feeder ada dimana. Disuruh login mulu, giliran sudah login tetep muncul tulisannya dan tetep gabisa ngelihat lokasi feeder/bis Kerja yang bener, kita naik ini juga untuk berangkat kerja",apaan sih udah diundang malah gabisa lihat bis feeder ada dimana disuruh login mulu giliran sudah login tetep muncul tulisannya dan tetep gabisa ngelihat lokasi feeder bis kerja yang bener kita naik ini juga untuk berangkat kerja
Daniel Adi,1,2024-10-28 05:25:24,Apk ini mengumpulkan data2 pribadi sensitif seperti NIK dan foto. Tiati guys.,apk ini mengumpulkan data pribadi sensitif seperti nik dan foto tiati guys
Taqiyuddin Ja'far,1,2024-10-27 16:31:05,"Dipaksa update, harus login. Sudah login saja masih belum bisa akses.",dipaksa update harus login sudah login saja masih belum bisa akses
Dina Ms,1,2024-10-26 12:58:13,"Sebelum di update untuk track feeder maupun bus ga perlu sign in atau pun jadi member, namun setelah di update jadi perlu sign in dan jadi member apalagi pakai NIK dan mewajibkan foto. Lebih ribet, tolong dikembalikan ke pengaturan sebelumnya yang lebih mudah, kalo pun diwajibkan member juga seharusnya email aja cukup, tidak perlu NIK yang mana rawan disalahgunakan.",sebelum di update untuk track feeder maupun bus ga perlu sign in atau pun jadi member namun setelah di update jadi perlu sign in dan jadi member apalagi pakai nik dan mewajibkan foto lebih ribet tolong dikembalikan ke pengaturan sebelumnya yang lebih mudah kalo pun diwajibkan member juga seharusnya email aja cukup tidak perlu nik yang mana rawan disalahgunakan
hanifa novitasari,3,2024-10-26 12:43:30,"Untuk segi pelayanan dan transportasi nya bagus cukup membantu dalam perjalanan yg jauh. Cuman dari segi aplikasi nya kadang eror, kdg tidak bisa di lacak gpsnya. Ditambah lagi skrg barcode di aplikasi gobiz nya tidak bisa di gunakan dalam pembayaran. Mohon untuk di benahin lagi buat aplikasi nya karena sudah isi saldo ternyata gak bisa di gunakan. Terimakasih 🙏",untuk segi pelayanan dan transportasi nya bagus cukup membantu dalam perjalanan yg jauh cuman dari segi aplikasi nya kadang eror kdg tidak bisa di lacak gpsnya ditambah lagi skrg barcode di aplikasi gobiz nya tidak bisa di gunakan dalam pembayaran mohon untuk di benahin lagi buat aplikasi nya karena sudah isi saldo ternyata gak bisa di gunakan terimakasih
M. Ganda Abdi Wibowo,1,2024-10-26 11:40:57,"Aplikasinya kurang sekali, perlu ditingkatkan",aplikasinya kurang sekali perlu ditingkatkan
Siti Hatijah,5,2024-10-26 11:37:48,sangat senang,sangat senang
The Sun,1,2024-10-25 21:44:30,"Sebuah kemunduran dari aplikasi gobis, masa untuk mengetahui rute harus daftar member, harus isi NIK, alamat, foto segala macem terlalu ribet!, bayangkan orang luar surabaya/ turis asing harus isi NIK untuk daftar dan login, menyusahkan, sebaiknya login bisa langsung tersinkron dengan akun google tidak perlu isi macem². Inovasi itu yang memudahkan jangan sok pinter malah bikin ruwet!!.",sebuah kemunduran dari aplikasi gobis masa untuk mengetahui rute harus daftar member harus isi nik alamat foto segala macem terlalu ribet bayangkan orang luar surabaya turis asing harus isi nik untuk daftar dan login menyusahkan sebaiknya login bisa langsung tersinkron dengan akun google tidak perlu isi macem inovasi itu yang memudahkan jangan sok pinter malah bikin ruwet
Ann Hermione,1,2024-10-25 17:24:08,"Aplikasinya lemot bgt, gak bisa muncul bisnya. Lokasi juga gak sesuai sama titik di mapnya.",aplikasinya lemot bgt gak bisa muncul bisnya lokasi juga gak sesuai sama titik di mapnya
Zulfa Aulia,1,2024-10-25 15:57:49,"ga guna, buat cek rute bis tapi bis nya aja ilang"" an",ga guna buat cek rute bis tapi bis nya aja ilang an
hari Kalisari,5,2024-10-25 10:30:01,Sangat membantu,sangat membantu
Hermansah Debi,1,2024-10-24 07:41:11,"Setiap kali mau naik wira wiri, jarak antar moda selalu saja.. ada yang terlalu jauh dan ada yang terlalu dekat sehingga terkesan tidak ada pengaturan jarak antar moda 1 dan lainnya. Mohon untuk diarahkan sopir-sopir nya",setiap kali mau naik wira wiri jarak antar moda selalu saja ada yang terlalu jauh dan ada yang terlalu dekat sehingga terkesan tidak ada pengaturan jarak antar moda dan lainnya mohon untuk diarahkan sopir sopir nya
ede em,3,2024-10-23 19:20:18,"Cukup menyenangkan, tapi minus nya adalah tidak update data penumpang jdi sering zonk.....",cukup menyenangkan tapi minus nya adalah tidak update data penumpang jdi sering zonk
Cak Arifin,4,2024-10-22 08:57:15,Kendala di pembayaran sudah tup up saldo tapi tidak bisa di pakai.. Tolong di perbaiki lagi soal singkronisasi data pengambilan gambar pada QRgobus tidak bisa singkron.. Jadi saldo yang di topup tidak bisa di gunakan.. Untuk pelayanan sudah 90% baik.. Tolong kendala di aplikasi bisa diperbaiki... Lebih baik lagi jika saldo bisa di belanjakan..,kendala di pembayaran sudah tup up saldo tapi tidak bisa di pakai tolong di perbaiki lagi soal singkronisasi data pengambilan gambar pada qrgobus tidak bisa singkron jadi saldo yang di topup tidak bisa di gunakan untuk pelayanan sudah baik tolong kendala di aplikasi bisa diperbaiki lebih baik lagi jika saldo bisa di belanjakan
Feldi Tri Kito,1,2024-10-19 18:39:58,cukup membantu untuk tracking armada tapi kenapa terkadang susah login hadeh,cukup membantu untuk tracking armada tapi kenapa terkadang susah login hadeh
A Man Channel,1,2024-10-13 14:50:00,AC PUUAAANAAAASSS....COK MEDING GAK USAH GAE AC TAPI KOCONE DI BUKA AE.......,ac puuaaanaaaasss cok meding gak usah gae ac tapi kocone di buka ae
Eko W Nurcahyo,2,2024-10-09 08:33:21,Ini saya sudah terlanjur isi saldo. Tapi tidak bisa digunakan . Cara balikinnya gimana ya ? Mohon petunjuk,ini saya sudah terlanjur isi saldo tapi tidak bisa digunakan cara balikinnya gimana ya mohon petunjuk
DEVIL CRY,2,2024-10-02 16:06:46,"Sebetulnya sich Bagus aplikasi ini,Tapi Tolong Ditingkatkan Lagi Sistem Info haltenya. Masa Kita Ingin memperbesar Peta jalur Haltenya Mesti Selalu ada notifikasi info halte berulang ulang",sebetulnya sich bagus aplikasi ini tapi tolong ditingkatkan lagi sistem info haltenya masa kita ingin memperbesar peta jalur haltenya mesti selalu ada notifikasi info halte berulang ulang
Terate 1922,1,2024-09-30 18:50:03,"Laik kali perbarui kapasitasnya! Nunggu lama"" di aplikasi kapasitas 10. Nyampe halte penuh. Gimana sih!",laik kali perbarui kapasitasnya nunggu lama di aplikasi kapasitas nyampe halte penuh gimana sih
Mersi budiono,5,2024-09-24 09:17:28,Sangat membantu melihat perjalanan tiap rute,sangat membantu melihat perjalanan tiap rute
Bang Nick,1,2024-09-24 08:54:45,OTP dari jaman nenek moyang kok belom dapet² 🙄,otp dari jaman nenek moyang kok belom dapet
ARI WULANDARI,1,2024-09-18 08:54:54,"Kak ini kalo mau pengaduan kmn ya, ini aplikasi sy tiba2 tdk bs dipakek, lokasi bus tdk terlacak di hp sya, sdh sy un install bolak balik ttp aja.",kak ini kalo mau pengaduan kmn ya ini aplikasi sy tiba tdk bs dipakek lokasi bus tdk terlacak di hp sya sdh sy un install bolak balik ttp aja
Pengguna Google,1,2024-09-18 08:43:09,Otp tidak muncul Susah login,otp tidak muncul susah login
Kedasbeauty Boss,2,2024-09-16 22:41:19,"G ada fitur lupa pin nya ih....saya jadi bingung gimana make saldonya,sayang aja udh diisi tp lupa pinnya.FAQ nya juga minim banget,g ada yang lainnya lagi jika kemungkinan member membutuhkan sesuatu.yuk perbaiki lagi aplikasinya supaya bisa lebih maju..",g ada fitur lupa pin nya ih saya jadi bingung gimana make saldonya sayang aja udh diisi tp lupa pinnya faq nya juga minim banget g ada yang lainnya lagi jika kemungkinan member membutuhkan sesuatu yuk perbaiki lagi aplikasinya supaya bisa lebih maju
Arif Rahman,4,2024-09-14 20:58:11,"Sudah bagus, namun alangkah lebih bagus lagi jika ada fitur reminder jika kendaraan feeder maupun bus sudah mendekati halte yang ditentukan sehingga tidak perlu lama menunggu di pinggir jalan",sudah bagus namun alangkah lebih bagus lagi jika ada fitur reminder jika kendaraan feeder maupun bus sudah mendekati halte yang ditentukan sehingga tidak perlu lama menunggu di pinggir jalan
Satik Februana,1,2024-09-10 13:52:22,Sudah terdaftar tapi gak bisa login payah,sudah terdaftar tapi gak bisa login payah
Wulandari,1,2024-09-09 11:14:54,bisnya gamau berhenti dan main pergi saja padahal belum ngecek di halte ada orang atau tidak,bisnya gamau berhenti dan main pergi saja padahal belum ngecek di halte ada orang atau tidak
Alief Hafizh,1,2024-09-07 10:03:37,Sayang sekali aplikasi ini tidak ada fitur lacak posisi bis dan jadwal tiap rute,sayang sekali aplikasi ini tidak ada fitur lacak posisi bis dan jadwal tiap rute
Ajeng Pangestu,1,2024-09-06 13:46:17,Kok gak bisa di hapus foto pp nya,kok gak bisa di hapus foto pp nya
Afandy Ilham,2,2024-09-06 13:08:54,Ngaco,ngaco
Eca Putri,1,2024-09-05 05:42:26,aplikasi sampah,aplikasi sampah
Nila Sari,2,2024-09-04 14:59:44,Saya sudah top up dan tidak bisa menggunakan dengan nyaman. Tolong yang wira wiri arah ke wiyung atau gunung anyar ditambah lagi bisa dijemput di halte RSAL karna saya akan berterimakasih dibantu dengan hal itu🙏 mohon kebijakannya,saya sudah top up dan tidak bisa menggunakan dengan nyaman tolong yang wira wiri arah ke wiyung atau gunung anyar ditambah lagi bisa dijemput di halte rsal karna saya akan berterimakasih dibantu dengan hal itu mohon kebijakannya
Totot Kayanto,3,2024-09-03 06:25:15,Mohon untuk rute terminal Benowo Tunjungan dilewatkan jalan bubutan depan kantor polisi .....,mohon untuk rute terminal benowo tunjungan dilewatkan jalan bubutan depan kantor polisi
Ria Aditya,2,2024-08-30 13:50:03,kenapa saya daftar member kok tdak bisa2 n belum dapat kiriman kode otp,kenapa saya daftar member kok tdak bisa n belum dapat kiriman kode otp
Moch Sofyan,5,2024-08-29 10:35:12,kenapa utk trans jatim koridor 4 blm ada di aplikasi gobis,kenapa utk trans jatim koridor blm ada di aplikasi gobis
Bayu Wisnu,1,2024-08-26 12:34:15,"Aplikasi sampah, daftar rumit dan kode otp tidak dikirimkan",aplikasi sampah daftar rumit dan kode otp tidak dikirimkan
Julian SaqUmmah,1,2024-08-25 08:23:39,Baru Daftar Tapi ga bisa login gimana sihh,baru daftar tapi ga bisa login gimana sihh
Dennis Nugroho,4,2024-08-24 13:50:48,9.z,z
Agoes Sch,5,2024-08-24 08:03:47,Lebih efisien dan murah cocok buat masyarakat &membantu,lebih efisien dan murah cocok buat masyarakat membantu
Syaiful Arifin,1,2024-08-24 07:29:57,"aplikasi taiikkkk eror teross...sopir sama kondektur kebanyakan jajan dijalan kebanyakan ngoceh..sampek telat kerjaku apalagi FD2 taikkk ancen sekarang banyak kondektur yg gak sopan juga sama penumpang,,gak ada etika sama sekali..taikk",aplikasi taiikkkk eror teross sopir sama kondektur kebanyakan jajan dijalan kebanyakan ngoceh sampek telat kerjaku apalagi fd taikkk ancen sekarang banyak kondektur yg gak sopan juga sama penumpang gak ada etika sama sekali taikk
Febriani Nur Rohimah,1,2024-08-24 06:38:49,Gajelas . Data nyala tp gabisa koneksi,gajelas data nyala tp gabisa koneksi
Febrina Dwi Lailatus Siam,1,2024-08-23 18:19:21,app apa an ini. baru registrasi dan berhasil tp gk bisa log in. Dg kendala akun ato nik tidak ditemukan. Gak jelas,app apa an ini baru registrasi dan berhasil tp gk bisa log in dg kendala akun ato nik tidak ditemukan gak jelas
cahyo nugroho,5,2024-08-15 09:34:45,"sejauh ini naik SB maupun wira-wiri pelayanannya sangat baik, baik helper maupun sopirnya juga ramah terhadap penumpang.",sejauh ini naik sb maupun wira wiri pelayanannya sangat baik baik helper maupun sopirnya juga ramah terhadap penumpang
Dwi Sushandhoko (HANS_),1,2024-08-10 14:20:16,Masih butuh perbaikan dari segi aplikasi... Kode otp lama puolll,masih butuh perbaikan dari segi aplikasi kode otp lama puolll
Nikke Citra Ayu,3,2024-08-09 17:38:22,Kondekturnya yang cewek judes2 tolong dibenahi lagi pelayanannya,kondekturnya yang cewek judes tolong dibenahi lagi pelayanannya
winarno Slamet,3,2024-08-09 10:26:22,Pelayanan bagus . Akan tetapi tuk tata udara /ac banyak bis kurang dingin . Tuk pemberhentian d Halte tuk suroboyo bis ..bungur ...perak kenapa tidak berfungsi skrng ini . Pakai konvensional / helper teriak . Tks saran saya,pelayanan bagus akan tetapi tuk tata udara ac banyak bis kurang dingin tuk pemberhentian d halte tuk suroboyo bis bungur perak kenapa tidak berfungsi skrng ini pakai konvensional helper teriak tks saran saya
Rara Ratna,3,2024-08-07 19:25:47,Gobis gaada di app store? Saya cari tidak ada,gobis gaada di app store saya cari tidak ada
Cindi Rahmawati,2,2024-08-06 21:52:26,"Sebenarnya ini aplikasinya bagus, tapi tolong dong diperbanyak lagi tempat penukaran botolnya dan penukaran botol yang di terminal Purabaya/Bungurasih jangan dihilangkan karena menurut saya itu tempat yang strategis untuk tukar botol. Lalu saat botol ditukar, poin yang didapatkan jangan hanya berlaku seminggu saja. Kalau bisa kembali seperti dulu, poin dapat digunakan kapan saja, tidak hanya seminggu.",sebenarnya ini aplikasinya bagus tapi tolong dong diperbanyak lagi tempat penukaran botolnya dan penukaran botol yang di terminal purabaya bungurasih jangan dihilangkan karena menurut saya itu tempat yang strategis untuk tukar botol lalu saat botol ditukar poin yang didapatkan jangan hanya berlaku seminggu saja kalau bisa kembali seperti dulu poin dapat digunakan kapan saja tidak hanya seminggu
Danny Tetap tersenyum,4,2024-08-05 22:38:22,Suroboyo bus jam operasional nya kalau bisa jam 11 malam . Biar menolong karyawan toko yg pulang jam 10 malam . Contoh bus semanggi sampai jam 11 malam . Bus listrik tujuan Kenjeran juga jam 11 malam . Cuma ini bus kelar nya sampai jam 9 pdhl banyak peminat . Semoga seperti jakarta bus trans 24 jam,suroboyo bus jam operasional nya kalau bisa jam malam biar menolong karyawan toko yg pulang jam malam contoh bus semanggi sampai jam malam bus listrik tujuan kenjeran juga jam malam cuma ini bus kelar nya sampai jam pdhl banyak peminat semoga seperti jakarta bus trans jam
Aldos Bahari,1,2024-08-05 06:32:05,"Armadanya dibanyakin lah, masa nunggu sampe 3x penuh terus",armadanya dibanyakin lah masa nunggu sampe x penuh terus
Sophie Laura,4,2024-08-02 06:25:38,Kegunaan Daun Bidara/sidr: - Untuk terapi ruqyah yang insya Allah berfungsi sebagai racun bagi bangsa jin biidznillah - Sebagai sarana pelaksanaan hukum janaiz (jenazah) dalam memandikannya sebagaimana yang disunnahkan Rasulullah. - Selain itu dapat digunakan masker atau lulur untuk kencantikan - gangguan pencernaan /mencret serta untuk menstabilkan kadar gula dalam darah pada penderita diabetes. - Manfaat lain pada wanita untuk mandi setelah haid sebagai rangkaian pengamalan sunnah sebagaimana,kegunaan daun bidara sidr untuk terapi ruqyah yang insya allah berfungsi sebagai racun bagi bangsa jin biidznillah sebagai sarana pelaksanaan hukum janaiz jenazah dalam memandikannya sebagaimana yang disunnahkan rasulullah selain itu dapat digunakan masker atau lulur untuk kencantikan gangguan pencernaan mencret serta untuk menstabilkan kadar gula dalam darah pada penderita diabetes manfaat lain pada wanita untuk mandi setelah haid sebagai rangkaian pengamalan sunnah sebagaimana
Reza Rang Chaniago,3,2024-07-27 07:46:04,Itu kalau bisa kernetnya kalau masukin data yang benar ada berapa penumpang yang masuk/udah penuh.. di aplikasi sisa 0 tapi di nyatanya masih ada yang kosong kursinya buat wara wiri Benowo-tunjungan,itu kalau bisa kernetnya kalau masukin data yang benar ada berapa penumpang yang masuk udah penuh di aplikasi sisa tapi di nyatanya masih ada yang kosong kursinya buat wara wiri benowo tunjungan
Erlang WIJAYA,5,2024-07-23 18:49:52,Nyaman Tp klo pas jam brkt dan pulang orang kerja berdesak2an🙏,nyaman tp klo pas jam brkt dan pulang orang kerja berdesak an
Aqidah Islamiyah,3,2024-07-21 21:43:49,Applikasi terbaru terkait Informasi jadwal bis di halte jadi tidak tersedia jadi susah untuk memperhitungkan waktu ketika mau naik surabaya bus... Tolong kembalikan informasi terkait jadwal ksdatangan surabaya bus di aplikasi ini..,applikasi terbaru terkait informasi jadwal bis di halte jadi tidak tersedia jadi susah untuk memperhitungkan waktu ketika mau naik surabaya bus tolong kembalikan informasi terkait jadwal ksdatangan surabaya bus di aplikasi ini
N_ Mu,3,2024-07-18 22:55:54,"Menurut saya aplikasi ini masih belum cukup bagus untuk orang yg belum pernah ke surabaya dan ingin menggunakan bus sebagai moda transportasi. Seharusnya perlu ada fitur petunjuk trayek bis mana yg bisa digunakan untuk berpergian. Misalnya ingin pergi dari terminal purabaya menuju stasiun pasar turi lalu ditunjukan keterangan bis jurusan mana yg perlu dipakai, perlu berhenti di halte mana jika perlu menyambung bis sampai ketujuan. Semoga kedepanya bisa lebih baik lagi",menurut saya aplikasi ini masih belum cukup bagus untuk orang yg belum pernah ke surabaya dan ingin menggunakan bus sebagai moda transportasi seharusnya perlu ada fitur petunjuk trayek bis mana yg bisa digunakan untuk berpergian misalnya ingin pergi dari terminal purabaya menuju stasiun pasar turi lalu ditunjukan keterangan bis jurusan mana yg perlu dipakai perlu berhenti di halte mana jika perlu menyambung bis sampai ketujuan semoga kedepanya bisa lebih baik lagi
progres max,2,2024-07-18 15:19:17,sering sekali ada nya error,sering sekali ada nya error
Zakiy Bagus_21,1,2024-07-16 12:13:20,"Rute bus TB-2 eror, live track bus nya tidak ada, gps tidak akurat",rute bus tb eror live track bus nya tidak ada gps tidak akurat
Sawitri Soetandyo,1,2024-07-15 11:34:59,"kenapa harus pakai NIK ? dan foto segala ? NIK itu Khan privasi banget, apalagi aplikasi pemerintah skrg banyak kebobolan hecker .. apa gunanya nik itu di sini ?",kenapa harus pakai nik dan foto segala nik itu khan privasi banget apalagi aplikasi pemerintah skrg banyak kebobolan hecker apa gunanya nik itu di sini
Daffa Muhammad,3,2024-07-13 21:32:36,"pelayanan sangat bagus, bis juga bersih dan nyaman. tapi cuma mau ngasih saran, untuk akurasi lokasi daripada bis dan calon penumpang mohon lebih dibenahi supaya lebih akurat. terimakasih",pelayanan sangat bagus bis juga bersih dan nyaman tapi cuma mau ngasih saran untuk akurasi lokasi daripada bis dan calon penumpang mohon lebih dibenahi supaya lebih akurat terimakasih
King Armada,5,2024-07-11 07:22:30,bagus sekali sangat membantu,bagus sekali sangat membantu
Hanan Putra,1,2024-07-08 19:05:39,Petsa susah untuk dimengerti,petsa susah untuk dimengerti
fifi rakhmawati,3,2024-07-06 05:45:26,Apakah tidak ada rute dari arah surabaya barat ke perak?,apakah tidak ada rute dari arah surabaya barat ke perak
Hendrik J M,1,2024-07-04 21:51:12,Aplikasinya setelah update tambah jelek + tidak muncul jalur dan rutenya,aplikasinya setelah update tambah jelek tidak muncul jalur dan rutenya
Verra Dwi Yunita,3,2024-07-01 17:46:22,Untuk Feeder / Wira Wiri. Lumayan memudahkan sih karna rumah juga deket sama halte cuma ada sedikit minus kadang Helper tidak mau update kapasitas tersedia. Udah terlanjur nunggu di halte pas lewat ternyata penuh. Padahal cek di aplikasi ada cukup banyak kapasitasnya.,untuk feeder wira wiri lumayan memudahkan sih karna rumah juga deket sama halte cuma ada sedikit minus kadang helper tidak mau update kapasitas tersedia udah terlanjur nunggu di halte pas lewat ternyata penuh padahal cek di aplikasi ada cukup banyak kapasitasnya
Satriya Yoga,4,2024-07-01 11:08:32,"untuk transjatim belum terkoneksi ke apk dengan benar,",untuk transjatim belum terkoneksi ke apk dengan benar
Ghulam Zaky,1,2024-06-26 06:45:21,Servisnya gak makin bagus malah makin jelek. Jarak keberangkatan bus satu ke hus berikutnya dari purabaya bisa 20 menit lebih,servisnya gak makin bagus malah makin jelek jarak keberangkatan bus satu ke hus berikutnya dari purabaya bisa menit lebih
anto okta,1,2024-06-25 10:46:16,Aplikasi tolol otp ae g masuk2 mau liat jadwal ae susah tolil sumpah,aplikasi tolol otp ae g masuk mau liat jadwal ae susah tolil sumpah
A.R. Bagas Danang Haditio,1,2024-06-13 16:46:27,Aplikasi aneh masa pembayaran qris tdk ada riwayat pembelian hanya bayar lewat aplikasi baru ada riwayatnya terus driver ngebut tdk sesuai dgn titik terminal ada terminal lgs main tinggal,aplikasi aneh masa pembayaran qris tdk ada riwayat pembelian hanya bayar lewat aplikasi baru ada riwayatnya terus driver ngebut tdk sesuai dgn titik terminal ada terminal lgs main tinggal
Dodo Putro Alam,1,2024-06-10 22:32:55,"Sudah bikin akun, sudah verifikasi dan login lama gak ada hasil wifi maupun data lancar hasil gak ada masuk di aplikasi. Gak jadi naik naik karpet terbang om jin aja biar cepet",sudah bikin akun sudah verifikasi dan login lama gak ada hasil wifi maupun data lancar hasil gak ada masuk di aplikasi gak jadi naik naik karpet terbang om jin aja biar cepet
Nisrina salsabila firdaus,1,2024-06-05 20:33:34,"Edit ulasan jadi bintang 1, karena ga ngebolehin minum air mineral dr botol plastik (yg sampahnya juga ga bakal di buang di armada, dibawa turun) kalo tiba2 penumpang pusing, butuh minum? Masa ga dibolehin? Yuk dibenahin yuk aturannya ... Jadi lebih spesifik mungkin jenis makanan dan minuman apa yg gak boleh di makan dan di minum di armada :)",edit ulasan jadi bintang karena ga ngebolehin minum air mineral dr botol plastik yg sampahnya juga ga bakal di buang di armada dibawa turun kalo tiba penumpang pusing butuh minum masa ga dibolehin yuk dibenahin yuk aturannya jadi lebih spesifik mungkin jenis makanan dan minuman apa yg gak boleh di makan dan di minum di armada
Srylphoniea,1,2024-06-04 18:15:11,"BUS SERING MELAJU DENGAN CEPAT & TIDAK BERHENTI DI HALTE PUSVETMA, TOLONG DIBUATKAN HALTE, SEMAKIN DIPERSULIT PEMBAYARAN NYA",bus sering melaju dengan cepat tidak berhenti di halte pusvetma tolong dibuatkan halte semakin dipersulit pembayaran nya
IMAM ANSORI (ansoryimam),2,2024-06-02 08:13:29,Aplikasi ini membingungkan pengguna lebih mudah menggunakan aplikasi bus suroboyo,aplikasi ini membingungkan pengguna lebih mudah menggunakan aplikasi bus suroboyo
Fizh Nav,1,2024-06-01 18:56:41,Armada busnya sangat lama sekali kedatangannya. 40 menit menunggu tidak ada bus yang berhenti di halte.,armada busnya sangat lama sekali kedatangannya menit menunggu tidak ada bus yang berhenti di halte
Rahadian Ajeng Nashita,4,2024-06-01 14:22:05,aplikasi yang bagus,aplikasi yang bagus
Ila Rochilla,1,2024-05-29 14:49:23,"Aplikasinya ga stabil 2x kejadian mengecewakan, Histori perjalanan tidak tersedia padahal histori transaksinya ada. Dan parahnya transaksi pembayaran terpotong 2x dengan nomor transaksi yg sama.. dan jawaban cs yg ga masuk akal..",aplikasinya ga stabil x kejadian mengecewakan histori perjalanan tidak tersedia padahal histori transaksinya ada dan parahnya transaksi pembayaran terpotong x dengan nomor transaksi yg sama dan jawaban cs yg ga masuk akal
ofadiella mega,1,2024-05-29 07:03:16,Eror ngak bisa diperbaiki,eror ngak bisa diperbaiki
Herocyn gaming,3,2024-05-24 20:32:34,"Cukup membantu, tapi gak ada pemberitahuan ketika perubahan rute.",cukup membantu tapi gak ada pemberitahuan ketika perubahan rute
Febryan Nurramadhans,1,2024-05-23 08:36:48,Saya habis top up 50 rb gak bisa buat bayar akhirnya Mengikhlaskan ada cara jitu ya tolong dong developer di perbaiki lagi sistemnya,saya habis top up rb gak bisa buat bayar akhirnya mengikhlaskan ada cara jitu ya tolong dong developer di perbaiki lagi sistemnya
Pradhipta Ima Nasution,2,2024-05-22 20:24:56,"rute nya Suroboyo bus kok cmn ada 2 rute, trus tdk BS melihat bus nya ada di mn kok GK kyk aplikasi yg dulu, trus point' sy jg hilang.",rute nya suroboyo bus kok cmn ada rute trus tdk bs melihat bus nya ada di mn kok gk kyk aplikasi yg dulu trus point sy jg hilang
Eko Susilo,5,2024-05-22 18:13:56,Seperti nya bagus mau coba,seperti nya bagus mau coba
Ardan Firdaus Mauludin,1,2024-05-21 15:41:05,"Iseng iseng coba Tidak pernah daftar dan coba Ketika daftar, ada notif (NIK sudah di pakai) Kok bisa 😏🤔🤔🤔",iseng iseng coba tidak pernah daftar dan coba ketika daftar ada notif nik sudah di pakai kok bisa
Yusuf Prasetya,1,2024-05-19 20:51:44,Saran aja sih kalau bisa peta integrasinya itu ambil dari gmaps biar jelas halte mana yang bisa dipilih,saran aja sih kalau bisa peta integrasinya itu ambil dari gmaps biar jelas halte mana yang bisa dipilih
ELVAN HARDYANTO,5,2024-05-19 17:47:14,Mantab aplikasinya,mantab aplikasinya
Ellys Simanjuntak,2,2024-05-18 21:58:07,Sejak dbuka rute k tg perak mhn haltenyadbikin dkt indomaret .dan klo boleh dbikin atap tempat duduk krn klo berdiri 1/2 jam bagi yg lansia tdk kuat.terimakasih,sejak dbuka rute k tg perak mhn haltenyadbikin dkt indomaret dan klo boleh dbikin atap tempat duduk krn klo berdiri jam bagi yg lansia tdk kuat terimakasih
Heru Xpressi,3,2024-05-07 14:01:03,"Tidak ada menu tanya, kesulitan untuk pengguna luar kota",tidak ada menu tanya kesulitan untuk pengguna luar kota
Anisa Rizki,1,2024-05-07 00:53:49,Update terosss sak ulan update peng suwidak jaran tp ga onok perubahan lebih baik,update terosss sak ulan update peng suwidak jaran tp ga onok perubahan lebih baik
Maliha Nafia Putri,3,2024-05-06 09:26:28,"Overall bagus tapi tingkatkan fitur edit pada profile, karena saya tidak bisa mengedit email saya.",overall bagus tapi tingkatkan fitur edit pada profile karena saya tidak bisa mengedit email saya
Nur Cahyono,2,2024-05-06 07:27:30,"Mohon diberi pemberitahuan pada aplikasi bis yang akan dipakai trayek pada hari itu. Hari ini ada kejadian, 30menit lebih menunggu hanya karena bis tidak jadi jalan, sebelum sebelumnya juga sempat di oper ke bos-bos yang lain jam 06.37 petugas dishub masih tidur .",mohon diberi pemberitahuan pada aplikasi bis yang akan dipakai trayek pada hari itu hari ini ada kejadian menit lebih menunggu hanya karena bis tidak jadi jalan sebelum sebelumnya juga sempat di oper ke bos bos yang lain jam petugas dishub masih tidur
Elvira Rosa,1,2024-05-04 10:47:27,Saya sudah daftar. Waktu login saya sdh tulis nik sesuai dan passwordnya. Tetep ajah password tidak ditemukan. Lupa password email daftar sesuai waktu di klik email tidal ditemukan. Saya uninstall lagi tetep tidak bisa,saya sudah daftar waktu login saya sdh tulis nik sesuai dan passwordnya tetep ajah password tidak ditemukan lupa password email daftar sesuai waktu di klik email tidal ditemukan saya uninstall lagi tetep tidak bisa
Syifa Harnadi,3,2024-04-29 23:51:10,"Lebih suka versi sebelumnya, ada info tentang tempat wisata dan kuliner yang ada di Surabaya..",lebih suka versi sebelumnya ada info tentang tempat wisata dan kuliner yang ada di surabaya
Yogi Mahendra,2,2024-04-29 12:12:58,Kernet wirawirinya banyak yg tidak ramah,kernet wirawirinya banyak yg tidak ramah
Rijol Rocket,1,2024-04-28 17:55:44,"Kondekturnya gila, songong banget sok sokan sama customer gk senyum mencuret mulu kayak gk niat kerja",kondekturnya gila songong banget sok sokan sama customer gk senyum mencuret mulu kayak gk niat kerja
Sukro Cokro,5,2024-04-27 08:54:54,Sangat memudah masy,sangat memudah masy
Dimaz Ganjar Harry Pradana,3,2024-04-25 16:30:16,Tidak bs masuk..mengirim kode verifikasi tapi stlh buka email..nggk ada email masuk terkait kode dari apps gobis.,tidak bs masuk mengirim kode verifikasi tapi stlh buka email nggk ada email masuk terkait kode dari apps gobis
Marsceline Prabu,1,2024-04-23 05:29:44,"Udah download dan uninstall berkali kali kenapa ngga bisa ngelihat bus nya sampai mana, tidak bisa log-in, ada tulisan sambungan terputus setiap saya membuat rute..😭😭",udah download dan uninstall berkali kali kenapa ngga bisa ngelihat bus nya sampai mana tidak bisa log in ada tulisan sambungan terputus setiap saya membuat rute
Purwati,5,2024-04-20 07:26:59,sangat bermanfaat,sangat bermanfaat
Kantor 3625,4,2024-04-18 12:05:28,Aplikasi sepertinya perlu perbaikan,aplikasi sepertinya perlu perbaikan
Zulfikar Nur Rahmat,1,2024-04-16 11:15:23,"Ketika pembayaran melalui aplikasi sering error, yg seharusnya kena biaya 5rb per orang di aplikasi muncul nominal yg harus di bayar Rp.5.250.000,00 .",ketika pembayaran melalui aplikasi sering error yg seharusnya kena biaya rb per orang di aplikasi muncul nominal yg harus di bayar rp
Yoyon Anandoko,3,2024-04-09 10:28:33,"Mung jik butuh diapiki maneh, cak lan NK ning. Wes tepak aplikasi iki gwe warga Surabaya.",mung jik butuh diapiki maneh cak lan nk ning wes tepak aplikasi iki gwe warga surabaya
Lila Knia,3,2024-04-04 19:28:45,Aplikasinya bentar2 uda suruh update,aplikasinya bentar uda suruh update
kark Lup,1,2024-04-04 15:14:20,"Koneksi terputus terus, padahal sinyal sangat bagus",koneksi terputus terus padahal sinyal sangat bagus
Will CF0,2,2024-04-03 09:38:43,Aplikasinya semakin jelek. Kadang posisi bus tidak tersedia,aplikasinya semakin jelek kadang posisi bus tidak tersedia
Tirto official,1,2024-04-02 21:06:31,"Saya nunggu bus terakhir jam 9 malam kurang, tapi hanya di lewatin aja. tolong utk setiap ada halte di check lagi",saya nunggu bus terakhir jam malam kurang tapi hanya di lewatin aja tolong utk setiap ada halte di check lagi
Yusron Fadly,5,2024-03-31 12:29:19,"Masukan , semoga ada tambahan atau rute yang menuju ke perak pelabuhan SNQ dan pelabuhan kontainer",masukan semoga ada tambahan atau rute yang menuju ke perak pelabuhan snq dan pelabuhan kontainer
M Rudi C,2,2024-03-29 19:38:47,Lokasi pengguna kok tidak ada?,lokasi pengguna kok tidak ada
Surga Abrisam,3,2024-03-28 21:10:06,"Tidak ada pusat bantuan, susah juga kalo pas lagi ada masalah dgn oknum butuh bantuan harus kmn? Tolong diperbaiki lagi sistemnya khusunya dijam operasi malam driver terlalu short cut rute bahkan tidak jarang penumpang udah nunggu di halte dilewatin aja",tidak ada pusat bantuan susah juga kalo pas lagi ada masalah dgn oknum butuh bantuan harus kmn tolong diperbaiki lagi sistemnya khusunya dijam operasi malam driver terlalu short cut rute bahkan tidak jarang penumpang udah nunggu di halte dilewatin aja
odii,3,2024-03-27 18:35:25,jalur di made sudah di hapus,jalur di made sudah di hapus
ABD HADI,1,2024-03-25 19:14:40,Tambah lama tambah ruwet .. up date kok 2 hari sekali .. IT ne Sempel ..,tambah lama tambah ruwet up date kok hari sekali it ne sempel
khanis kharisma,4,2024-03-25 19:04:23,Bagaimana kalau lupa password nya? Sedangkan diakun tidak ada lupa password saat mau mengganti dengan password baru,bagaimana kalau lupa password nya sedangkan diakun tidak ada lupa password saat mau mengganti dengan password baru
irma belva,1,2024-03-25 17:30:14,Aplikasi gobis gak jelas update trus nyusahin pngguna,aplikasi gobis gak jelas update trus nyusahin pngguna
yunita kusuma,3,2024-03-25 15:30:48,Menapa harus update terus sih padahal setelah di update gak ada perubahan. Tolong diperbaiki apknya min,menapa harus update terus sih padahal setelah di update gak ada perubahan tolong diperbaiki apknya min
Daeng Yoyo Sukahar (Daeng Yoyo),1,2024-03-25 15:22:23,Kok minta update terus aplikasinya???,kok minta update terus aplikasinya
Amalia Rosanty,1,2024-03-23 14:18:48,Update kok terus seh,update kok terus seh
Boy Aris Styanada,4,2024-03-23 05:19:13,Masa tiap hari harus update,masa tiap hari harus update
Mauren Helvia Devi,2,2024-03-22 20:29:32,)) lll) u5k,lll u k
Realita Anjanlapi Nawangsari,1,2024-03-22 16:27:52,Tiap hari minta update parah,tiap hari minta update parah
Dwi Aprilia Lestari,5,2024-03-21 11:59:10,"Kenapa aplikasinya update terus, padahal baru 2 hari di upadate malah disuruh update lagi, tolong ya min update apk nya dikurangi minim 1 bulan sekali terus meski udah update kenapa jalur yang lidah wetan ga muncul bis nya",kenapa aplikasinya update terus padahal baru hari di upadate malah disuruh update lagi tolong ya min update apk nya dikurangi minim bulan sekali terus meski udah update kenapa jalur yang lidah wetan ga muncul bis nya
Wahyu Yudi,5,2024-03-21 07:25:31,Mantap,mantap
Ari Rahmat Syahputra,5,2024-03-20 20:24:40,Aplikasi sesuai banget dengan posisi unitnya jadi kebantuu sekali untuk pengen menaiki unit gobis surabaya ini,aplikasi sesuai banget dengan posisi unitnya jadi kebantuu sekali untuk pengen menaiki unit gobis surabaya ini
Juone 21,3,2024-03-20 16:23:36,semakin ribet dg aplikasi ini,semakin ribet dg aplikasi ini
Lionel Vegatd,5,2024-03-19 20:23:53,Saya suka sama aplikasi barunya,saya suka sama aplikasi barunya
Almalika Family,5,2024-03-14 08:26:21,aplikasi manfaat bangeet.. dan uda smakin update..,aplikasi manfaat bangeet dan uda smakin update
Andi Purnomo,3,2024-03-10 12:56:27,Ga semua rute bisa dilihat di aplikasi kayaknya,ga semua rute bisa dilihat di aplikasi kayaknya
Vivo V15,5,2024-03-09 05:00:00,Suroboyo. bis. sangat cocok untuk di gunakan,suroboyo bis sangat cocok untuk di gunakan
Chandra Kurniawan,1,2024-03-08 14:06:37,Tidak ada rutenya ( tidak lengkap ) Sehingga penumpang/ pengguna layanan pusing carinya,tidak ada rutenya tidak lengkap sehingga penumpang pengguna layanan pusing carinya
RZ Official,5,2024-03-08 11:08:55,"Meskipun apps nya agak rada², tapi pelayanan di wirawiri oke bangetz 😍",meskipun apps nya agak rada tapi pelayanan di wirawiri oke bangetz
Lailatuz Zahroh,4,2024-03-08 03:51:11,Baik,baik
Laura Aurora,1,2024-03-05 12:08:44,"App tidak ramah, semrawut bintang 1🙏",app tidak ramah semrawut bintang
Andreas Pranata Putra,1,2024-03-01 17:41:40,"Tidak ada tracking bus nya dimana, hanya halte tempat pemberhentian",tidak ada tracking bus nya dimana hanya halte tempat pemberhentian
Sutjiati,1,2024-02-29 18:25:40,"Lemot, gk bisa login tiba tiba",lemot gk bisa login tiba tiba
Mister Amsal,2,2024-02-25 07:47:12,GPS teman bus tidak ada. Saya harap dapat ditingkatkan,gps teman bus tidak ada saya harap dapat ditingkatkan
Alfian Subekto,1,2024-02-20 13:23:44,Pelayanan nya kurang baguss,pelayanan nya kurang baguss
demsan tv,5,2024-02-18 17:52:14,Sangat membantu untuk backpacker yg khawatir ditipu calo.... Semoga bisa merata seluruh surabaya,sangat membantu untuk backpacker yg khawatir ditipu calo semoga bisa merata seluruh surabaya
Tining Setyaningsih,5,2024-02-18 12:30:05,"Alhamdulillah selama ini setelah ada gobis, wira-wiri saya belum pernah mencoba,,, baru hari ini(hari minggu tgl 18 feb 2024) bener"" saya pingin menikmati berempat sama temen"" lansia,,,Masyaallah,,, bener"" nikmat banget, pelayanannya sangat bagus sekali, didalam mobil wira-wiri sangat nyaman, ber AC lagi,,jd sangat enak,turun lakasantri, pingin naik lagi ke joyo boyo, trus dilanjut lagi naik gobus ke JMP,,, wah ini bisa jd langganan kalo lagi pingin jln"" makasih untuk semuanya,,,👍👍👍",alhamdulillah selama ini setelah ada gobis wira wiri saya belum pernah mencoba baru hari ini hari minggu tgl feb bener saya pingin menikmati berempat sama temen lansia masyaallah bener nikmat banget pelayanannya sangat bagus sekali didalam mobil wira wiri sangat nyaman ber ac lagi jd sangat enak turun lakasantri pingin naik lagi ke joyo boyo trus dilanjut lagi naik gobus ke jmp wah ini bisa jd langganan kalo lagi pingin jln makasih untuk semuanya
23. Nor Hasanah,1,2024-02-18 07:54:59,"TIDAK MAU MENUNGGU BUS NYA, PADAHAL MAU NAIK",tidak mau menunggu bus nya padahal mau naik
Adhitya Manggala,5,2024-02-17 20:20:03,Ok,ok
Sofyan Jendral,1,2024-02-17 16:38:26,"Tolong dibenerin untuk arah tow unesa, masa iya bus nya cuman 2 seng ngenteni sampe blawuken bus e ga budal2",tolong dibenerin untuk arah tow unesa masa iya bus nya cuman seng ngenteni sampe blawuken bus e ga budal
Ria Dwi jayanti,5,2024-02-10 10:00:23,Murah meriah,murah meriah
Rara,5,2024-02-09 18:42:53,"Overall udah bagus sihhhh buat aplikasinya. Fitur fiturnya juga udah lengkap semuanya. Makasih buat developernya, joss. Mungkin terdapat hal yang perlu ditingkatkan lagi sama developernya. Yakni pada kurangnya tingkat keakuratan lokasi dimana user berdiri. Bayangkan saja apabila si user ini merupakan pendatang, yang tidak tahu mengenai lokasi di Surabaya. Mungkin si user bisa tersesat maupun salah relasional transum",overall udah bagus sihhhh buat aplikasinya fitur fiturnya juga udah lengkap semuanya makasih buat developernya joss mungkin terdapat hal yang perlu ditingkatkan lagi sama developernya yakni pada kurangnya tingkat keakuratan lokasi dimana user berdiri bayangkan saja apabila si user ini merupakan pendatang yang tidak tahu mengenai lokasi di surabaya mungkin si user bisa tersesat maupun salah relasional transum
Nurhadi Mulyono,5,2024-02-09 14:03:19,Ok naik surabaya bus dan feeder... Nyaman aman..,ok naik surabaya bus dan feeder nyaman aman
sunaryo yoyok,5,2024-02-08 11:35:38,Istimewa sekarang..... Ke depan semoga lebih lengkap jurusannya... Lebih nyaman kendarannya.... Aamiin.,istimewa sekarang ke depan semoga lebih lengkap jurusannya lebih nyaman kendarannya aamiin
cahbagus sugiono,4,2024-02-03 08:45:09,Kenapa ya Teman bus tidak ada gpsnya,kenapa ya teman bus tidak ada gpsnya
ABD CHALIM,5,2024-01-30 11:08:59,Seharusnya di aplikasinya ada top up untuk bayar lebi simpel dari satu aplikasi,seharusnya di aplikasinya ada top up untuk bayar lebi simpel dari satu aplikasi
feri ariyanto,5,2024-01-27 11:53:32,Ini dengan bagus,ini dengan bagus
heny herlina,5,2024-01-24 14:02:48,Sangat membantu,sangat membantu
Ummu Iqlima,1,2024-01-23 14:14:24,Kenapa g bisa login ke profil? Mau lihat poin sisa berapa g bisa mohon bantuannya,kenapa g bisa login ke profil mau lihat poin sisa berapa g bisa mohon bantuannya
Antho Syaifud,3,2024-01-23 11:35:11,"Aplikasi sdh OKE, tapi sayang saya kumpulin botol susah, sdh terkumpul untuk 10 tiket. Ternyata ada masa expirednya hanya 7 hari saja. Huuuft capek",aplikasi sdh oke tapi sayang saya kumpulin botol susah sdh terkumpul untuk tiket ternyata ada masa expirednya hanya hari saja huuuft capek
ade ruhana,5,2024-01-23 09:51:50,Good,good
Dewi Apriliya,1,2024-01-22 13:55:58,"Nggak rekomen. Habis instal, di hp jadi keluar iklan terus tiap 5 menit. Udah coba uninstall, restart, bahkan sampe di pengaturan iklan hp tetep keluar iklan Sanggat mengganggu. Lagi telfon lagi vc tiba-tiba keluar iklaan",nggak rekomen habis instal di hp jadi keluar iklan terus tiap menit udah coba uninstall restart bahkan sampe di pengaturan iklan hp tetep keluar iklan sanggat mengganggu lagi telfon lagi vc tiba tiba keluar iklaan
Agus Antoni,5,2024-01-18 10:42:11,Ok,ok
Agus Nuril,5,2024-01-17 10:25:31,Memudahkan untuk naik kendaraan umum,memudahkan untuk naik kendaraan umum
Annisa Mulyani,1,2024-01-13 15:33:12,"Banyak lag nya, posisi Feeder nya ga keliatan p",banyak lag nya posisi feeder nya ga keliatan p
Andra Yani,4,2024-01-10 15:58:20,Kenapa baru diupdate malah hilang gambar bis atau wira wirinya...jd kesulitan ini mantau drmn sampainya mohon diperbaiki lgi aplikasinya,kenapa baru diupdate malah hilang gambar bis atau wira wirinya jd kesulitan ini mantau drmn sampainya mohon diperbaiki lgi aplikasinya
Fer Dina,3,2024-01-10 08:44:56,Kurang detail karna GPS bus nya sekarang nda ada.harusnya tetap diadakan biar kita tahu jamnya kurang lebih nyampe halte jam brapa,kurang detail karna gps bus nya sekarang nda ada harusnya tetap diadakan biar kita tahu jamnya kurang lebih nyampe halte jam brapa
M. Choy,5,2024-01-09 17:08:40,Sangat membantu transportasi,sangat membantu transportasi
Renn,4,2024-01-09 13:47:48,"W,gCV yang di CCwa GCC",w gcv yang di ccwa gcc
muhammad rizal,5,2024-01-08 05:32:46,Bagus sangat membantu bagi pengguna yang disabilitas dalam menggunakan transportasi yang nyaman. Terimakasih kepada pemerintah semoga amanah,bagus sangat membantu bagi pengguna yang disabilitas dalam menggunakan transportasi yang nyaman terimakasih kepada pemerintah semoga amanah
Yulianto Snto,5,2024-01-06 15:14:30,Mantap.,mantap
Theo R W,1,2024-01-03 21:18:36,Aplikasi tidak bisa tracking teman bus,aplikasi tidak bisa tracking teman bus
Cerah Prihandi,4,2023-12-25 08:52:48,aplikasinya simpel tapi kurang informatif seperti ada lokasi tujuan wisata tidak dicantumkan harus naik bus rute mana dan turun di halte mana. jadi agak bingung kalo mau ke lokasi tujuan.,aplikasinya simpel tapi kurang informatif seperti ada lokasi tujuan wisata tidak dicantumkan harus naik bus rute mana dan turun di halte mana jadi agak bingung kalo mau ke lokasi tujuan
alfan Wafi,2,2023-12-18 00:13:49,"hari ini naik feeder wira wiri nunggu berangkatnya lama banget di terminal.padahal uda penuh,tapi harus nunggu 30mnt buat berangkat.katanya belum waktunya berangkat.",hari ini naik feeder wira wiri nunggu berangkatnya lama banget di terminal padahal uda penuh tapi harus nunggu mnt buat berangkat katanya belum waktunya berangkat
Mi Lee,1,2023-12-13 18:06:38,"Cara lapor sopir nakal gimana ya????? Saya ingin lapor salah satu sopir & kernet yang selalu saja kalau penumpang cuma 1 saja yg tunggu di halte dilewatin begitu aja, padahal sudah berdiri di hampir di tengah jalan lohhh & sudah melambaikan tangan kurang kelihatan apa coba????? Tolong ya kasih tahu saya cara lapor, saya beberapa kali mengalami kejadian yg sama, pd hal kita bayar, gk pernah ngomelin sopir jg kalau ngebutnya ngawurrrr, khusus tgl 13 des 2023 pukul 18.00 bis surabaya dgn kode SB 24",cara lapor sopir nakal gimana ya saya ingin lapor salah satu sopir kernet yang selalu saja kalau penumpang cuma saja yg tunggu di halte dilewatin begitu aja padahal sudah berdiri di hampir di tengah jalan lohhh sudah melambaikan tangan kurang kelihatan apa coba tolong ya kasih tahu saya cara lapor saya beberapa kali mengalami kejadian yg sama pd hal kita bayar gk pernah ngomelin sopir jg kalau ngebutnya ngawurrrr khusus tgl des pukul bis surabaya dgn kode sb
Sinichi Manyu Slayer Sin,2,2023-12-13 16:51:41,Ngotak lah kalo pindah halte Mojokerto beritahu mana harus naik ojek lagi dancok aplikasi kntl,ngotak lah kalo pindah halte mojokerto beritahu mana harus naik ojek lagi dancok aplikasi kntl
Nurima Nita Winarti,1,2023-12-12 21:13:34,Poin penukaran botol saya kenapa tiba2 hilang? Saya harus bagaimana?,poin penukaran botol saya kenapa tiba hilang saya harus bagaimana
•BroSis_Officxal•,5,2023-12-11 19:23:44,Kerennnnnnn....dan udh mulai beroperasi yg listrik...mgk d aplikasi bs d buat ivon yg neda antara yg listrik sm yg merah....trm ksh....smg kedepannya bs trs meningjatkan pelayanannya.,kerennnnnnn dan udh mulai beroperasi yg listrik mgk d aplikasi bs d buat ivon yg neda antara yg listrik sm yg merah trm ksh smg kedepannya bs trs meningjatkan pelayanannya
Dita Anastasya,2,2023-12-09 20:34:48,"UI/UX aplikasi tidak user friendly. Pas saya install dan mau cek posisi halte kenapa mapnya kosongan? Isinya bener bener hanya nama jalan, posisi bus dan halte. Kan saya jadi bingung..",ui ux aplikasi tidak user friendly pas saya install dan mau cek posisi halte kenapa mapnya kosongan isinya bener bener hanya nama jalan posisi bus dan halte kan saya jadi bingung
Ndut Ndut,5,2023-12-05 07:56:47,Naik wira wiri apa tiap jam ada mobilnya.,naik wira wiri apa tiap jam ada mobilnya
Yusuf Anwar,5,2023-12-03 18:39:03,Good,good
khanifatul aula,1,2023-12-02 05:09:06,"Giliran bisa diunduh, eh gak bisa dibuka 😥",giliran bisa diunduh eh gak bisa dibuka
anita santoso,5,2023-12-01 14:08:37,Olllolllllllllyy,olllolllllllllyy
Rafli Andrean (Andre),1,2023-11-30 19:42:32,Fd 3 klo menunggu lama di atas jam setengah 7 malam,fd klo menunggu lama di atas jam setengah malam
dezy zahrotul,5,2023-11-30 11:56:26,Sekarang sudah bagus banget aplikasinya. Good job,sekarang sudah bagus banget aplikasinya good job
DEDIK IRAWAN (IRAWAN),5,2023-11-29 18:55:28,Gobis pokoknya sempurna....,gobis pokoknya sempurna
abita nune,1,2023-11-29 17:01:02,kadang ada yg suka nge time katanya kecepeten.. nunggu waktu yg pas... eh pas jalan ngebut nguber waktu... dan ww03 agak ugal,kadang ada yg suka nge time katanya kecepeten nunggu waktu yg pas eh pas jalan ngebut nguber waktu dan ww agak ugal
Arjuna Bin Prayitno,5,2023-11-29 12:37:49,Mantab,mantab
Murdi Raminto,4,2023-11-27 22:17:46,Murah dan nyaman,murah dan nyaman
Rachima Al Ariyah Ak,5,2023-11-27 19:54:59,Aman Nyaman Bersih Berkualitas,aman nyaman bersih berkualitas
agus priyantono,5,2023-11-27 07:17:08,"Bagus, cepat",bagus cepat
Rayhan teguh p,1,2023-11-22 16:57:17,Maaf aku sudah di lewati 3 feader saat di halte,maaf aku sudah di lewati feader saat di halte
Bashori Alwi,5,2023-11-21 19:43:51,Sangat menyenangkan kita bisa bersama dalam menjalankan kegiatan dengan berkelompok,sangat menyenangkan kita bisa bersama dalam menjalankan kegiatan dengan berkelompok
Imas Andi Setiawan,5,2023-11-19 19:05:16,Mantap,mantap
sugeng waluyo,5,2023-11-17 20:11:36,Lagi nyari rute benowo ke galaxy mall,lagi nyari rute benowo ke galaxy mall
Titik Tiewie,5,2023-11-16 19:11:54,Transportasinya aman dan nyaman banget deh. Selain dapat mengurangi polusi juga pas banget buat kalian yg ingin kemana2 tanpa harus capek berkendara. Ayo gunakan transportasi publik dan pastikan jangan lupa sing penting full senyum smuanya🤗,transportasinya aman dan nyaman banget deh selain dapat mengurangi polusi juga pas banget buat kalian yg ingin kemana tanpa harus capek berkendara ayo gunakan transportasi publik dan pastikan jangan lupa sing penting full senyum smuanya
Made Prawira,3,2023-11-14 17:16:31,Tolong di tambah lagi halte nya di daerah Kedung Klinter 1 dong masa mau naik jurusan Tunjungan - Benowo harus ke halte Kedungdoro atau Embong Malang dulu,tolong di tambah lagi halte nya di daerah kedung klinter dong masa mau naik jurusan tunjungan benowo harus ke halte kedungdoro atau embong malang dulu
FATHURROCHMAN AL AZIZ,5,2023-11-12 18:45:54,Suka banget buat monitor perjalanan bus udah sampai mana.,suka banget buat monitor perjalanan bus udah sampai mana
Zaki Musthofa,1,2023-11-10 18:29:07,"Peta gk akurat, saya d mana peta di apanya d mana, lumayan jauh loh 2km , aslinya kasih fitur langsung misal saya dr medayu ke untag, nah sistem langsung memberikan kita pakai apa dan transit di mana, dan estimasi kita jalan, transit, biaya itu berapa",peta gk akurat saya d mana peta di apanya d mana lumayan jauh loh km aslinya kasih fitur langsung misal saya dr medayu ke untag nah sistem langsung memberikan kita pakai apa dan transit di mana dan estimasi kita jalan transit biaya itu berapa
Aitu Aida,5,2023-11-08 06:27:42,Ok,ok
Rizky Fairuz G,4,2023-11-07 18:04:25,"Aplikasinya sering ngebug. Tbtb ga muncul bis sm sekali di hp saya cmn muncul jalur sm halte aja, tp hp lain muncul lengkap tuh.",aplikasinya sering ngebug tbtb ga muncul bis sm sekali di hp saya cmn muncul jalur sm halte aja tp hp lain muncul lengkap tuh
Angger Gusti,4,2023-11-07 09:12:18,Mohon ditambah pemberhentian di MASJID AGUNG AL AKBAR SURABAYA,mohon ditambah pemberhentian di masjid agung al akbar surabaya
Ardian Purwanto,5,2023-11-05 09:10:48,"Best layanan transportasi i have ever seen. Para karyawan ramah poll, jan mencerminkan wong jowo seng ramah tamah. Matur suwun sby bus & gobis, Kediri (rumah) ke Sby (kantor) full angkot sampe depan pintu. Terbaik",best layanan transportasi i have ever seen para karyawan ramah poll jan mencerminkan wong jowo seng ramah tamah matur suwun sby bus gobis kediri rumah ke sby kantor full angkot sampe depan pintu terbaik
BrotoSeno _22,2,2023-11-05 08:05:45,"Kemarin pas mau pulang dari unesa ke wilangun, ditarif sama kernet perempuan suruh bayar 5000😤, padahal sudah aku kasih KTMS gak mau, maunya bentuk fisik, Padahal biasanya enggak. Ya tak maklumin juga sih soalnya baru naik ke 2x nya. Tapi pas itu aku bareng temen perempuan yang sering pulang katanya baru kali ini harus bentuk fisik😠.",kemarin pas mau pulang dari unesa ke wilangun ditarif sama kernet perempuan suruh bayar padahal sudah aku kasih ktms gak mau maunya bentuk fisik padahal biasanya enggak ya tak maklumin juga sih soalnya baru naik ke x nya tapi pas itu aku bareng temen perempuan yang sering pulang katanya baru kali ini harus bentuk fisik
Siti Lailatus Sa'adah,2,2023-11-04 08:45:11,Aplikasi tidak dapat dibuka ini kenapa ya,aplikasi tidak dapat dibuka ini kenapa ya
Azzam Zamara,5,2023-11-01 12:41:25,Super,super
DEWI KOKOK,5,2023-10-30 08:46:01,"Gobis sangat cepat memberikan layanan informasi mengenai bus Suroboyo, Wira Wiri dll. Top pokok e",gobis sangat cepat memberikan layanan informasi mengenai bus suroboyo wira wiri dll top pokok e
hasan didik,5,2023-10-30 05:34:26,Sangat baik dan sangat membantu dalam merencanakan perjslan,sangat baik dan sangat membantu dalam merencanakan perjslan
kristianti 67,5,2023-10-28 10:04:05,Sangat terbantu dgn adanya go bis,sangat terbantu dgn adanya go bis
Ana asiana,5,2023-10-28 08:46:35,Nyaman dan petugas sangat ramah,nyaman dan petugas sangat ramah
Erwin 549,3,2023-10-26 09:20:53,Setelah diupdate versi baru kenapa Aplikasi GOBIS tidak bisa dibuka.,setelah diupdate versi baru kenapa aplikasi gobis tidak bisa dibuka
Eka Nana,5,2023-10-24 20:19:07,Bagus,bagus
Rayssa Icha,5,2023-10-22 19:15:10,Alhamdulillah sangat memudahkan bagi para mahasiswa ketika pulang pergi kuliah,alhamdulillah sangat memudahkan bagi para mahasiswa ketika pulang pergi kuliah
Ardhan Febriansyah,4,2023-10-17 13:29:20,"Cukup membantu untuk mengetahui posisi bus, jadwal bus, dan okupansi bus.",cukup membantu untuk mengetahui posisi bus jadwal bus dan okupansi bus
Radiant,2,2023-10-13 06:33:51,"jujur ada senangnya ada kecewanya, tapi hari ini beneran kecewa berat siih, menunggu bis dari jam set6 pagi sampai jam set7 lewat padahal Bus ada di terminal. Padahal transposinya bagus. Mohon untuk Dishub diperbaiki lagi Terimakasih.",jujur ada senangnya ada kecewanya tapi hari ini beneran kecewa berat siih menunggu bis dari jam set pagi sampai jam set lewat padahal bus ada di terminal padahal transposinya bagus mohon untuk dishub diperbaiki lagi terimakasih
azhar adriansyah,2,2023-10-04 18:20:06,Tolong kalo bisa hire tim UI/UX jujur tampilannya jelek sekali. Seperti dibikin sekenanya. Bisa studi banding sama apps Jaklingo.,tolong kalo bisa hire tim ui ux jujur tampilannya jelek sekali seperti dibikin sekenanya bisa studi banding sama apps jaklingo
akam pandegasurabaya,5,2023-10-02 23:25:57,aplikasi kelar diupdate sering log out sendiri. balikin ke type lama sebelum update bisa apa ngga ya. maklum dipakai anak2 utk ke sekolah.,aplikasi kelar diupdate sering log out sendiri balikin ke type lama sebelum update bisa apa ngga ya maklum dipakai anak utk ke sekolah
Valencia1807,1,2023-09-28 18:21:42,Aplikasi apa seh ini. Ga guna Wira wiri ga Isa diklik. Jadwal ga ada. Kudu ke google. Di google juga jadwalnya jadwal palsu. Bus ya gitu ga guna. Cuma Isa liat letaknya doang. Jadwal ga ada. Fungsinya ada aplikasi ini itu apa. mau kemana ajah ga ada ancernya. Cuma ngeliat lokasi doang. Sama ajah palsu. Salah ga ada notif di halte ini kapan Dateng. Wira wiri selanjutnya bisa dinaikin apa nggak. Aku nungguin sejam di halte bus. Ini malah Wira wiri ya ga lewat lagi. Minimal ada tulisan ga trima lg,aplikasi apa seh ini ga guna wira wiri ga isa diklik jadwal ga ada kudu ke google di google juga jadwalnya jadwal palsu bus ya gitu ga guna cuma isa liat letaknya doang jadwal ga ada fungsinya ada aplikasi ini itu apa mau kemana ajah ga ada ancernya cuma ngeliat lokasi doang sama ajah palsu salah ga ada notif di halte ini kapan dateng wira wiri selanjutnya bisa dinaikin apa nggak aku nungguin sejam di halte bus ini malah wira wiri ya ga lewat lagi minimal ada tulisan ga trima lg
Anita Intan,2,2023-09-25 11:53:26,Perbaikin dong gl bisa daftar member nihhh nge stak di foto terus nge bug,perbaikin dong gl bisa daftar member nihhh nge stak di foto terus nge bug
Michelle Theorissa,4,2023-09-21 10:01:27,"saranku sih, mungkin aplikasinya dikasih fitur kalau mau kemana kasih rute bis apa saja, soalnya jujur , bingung gimana caranya",saranku sih mungkin aplikasinya dikasih fitur kalau mau kemana kasih rute bis apa saja soalnya jujur bingung gimana caranya
taaa syaaa,5,2023-09-18 09:55:10,Trimakasih Surabaya bis sayakerja kerja gak pernah terlambat dgn adanya surarabaya bus.makasih Suroboyo bis👃,trimakasih surabaya bis sayakerja kerja gak pernah terlambat dgn adanya surarabaya bus makasih suroboyo bis
Dewa Fatwa,5,2023-09-16 01:19:47,"Semoga selalu ditingkatkan aplikasinya, dan segera launching di AppStore",semoga selalu ditingkatkan aplikasinya dan segera launching di appstore
Toetik Heri,5,2023-09-15 14:26:53,"Alhamdulillah, merasa dimudahkan, nyaman, aman ketika mobilitas di surabaya",alhamdulillah merasa dimudahkan nyaman aman ketika mobilitas di surabaya
Badrus Sholeh,4,2023-09-13 07:06:23,"Ada yg kurang, untuk kapasitas yang tertera pada unit kadang tidak sesuai. Terutama pada Wira wiri Mohon di perbaiki 🙏🙏 terimakasih",ada yg kurang untuk kapasitas yang tertera pada unit kadang tidak sesuai terutama pada wira wiri mohon di perbaiki terimakasih
Ahmad Hafid,5,2023-09-10 19:36:45,Haltenya terlalu jauh pak @dishubsurabaya,haltenya terlalu jauh pak dishubsurabaya
Gerry Ardian,1,2023-09-10 11:36:42,"WW05 tidak ramah dalam berhenti distop mereka bilangnya berhenti dibawah halte padahal 2 feeder sebelumnya kelihatan dan bilang mohon maaf penuh, tapi feeder ww05 malah memarah marahi kami dan kami sudah berdiri 30 menit kepanasan. Apakah soprinya tidak kelihatan, mohon untuk SDM di didik agar ramah.",ww tidak ramah dalam berhenti distop mereka bilangnya berhenti dibawah halte padahal feeder sebelumnya kelihatan dan bilang mohon maaf penuh tapi feeder ww malah memarah marahi kami dan kami sudah berdiri menit kepanasan apakah soprinya tidak kelihatan mohon untuk sdm di didik agar ramah
Heni Nur H.,5,2023-09-01 17:58:52,bagus,bagus
Muh. Alwi Musyafa',4,2023-08-30 13:47:32,"Sudah bagus, alangkah baiknya jika dalam aplikasi ditambahkan fitur informasi untuk pengguna yang akan menuju ke suatu lokasi tujuan harus naik transportasi umum apa saja. Jadi pengguna tinggal memasukkan titik awal dan lokasi tujuan sebagaimana yang ada di google maps, kemudian akan menampilkan rute bus/wirawiri apa saja yang melewati tujuan tersebut. Jadi pengguna tidak akan kebingungan untuk transit dan berpindah transportasi umum lain.",sudah bagus alangkah baiknya jika dalam aplikasi ditambahkan fitur informasi untuk pengguna yang akan menuju ke suatu lokasi tujuan harus naik transportasi umum apa saja jadi pengguna tinggal memasukkan titik awal dan lokasi tujuan sebagaimana yang ada di google maps kemudian akan menampilkan rute bus wirawiri apa saja yang melewati tujuan tersebut jadi pengguna tidak akan kebingungan untuk transit dan berpindah transportasi umum lain
reyhan taqy,5,2023-08-29 08:48:39,"Aplikasi super, tapi sepertinya perlu update rute",aplikasi super tapi sepertinya perlu update rute
bobi bianto,5,2023-08-25 11:03:58,Mau download Wira Wiri gmn,mau download wira wiri gmn
Teh Nurul,3,2023-08-23 10:24:21,"Pg td anak saya berangkat sekolah dr terminal Bratang dg wira wiri FD07 minta diturunkan di genteng Krn sekolah di daerah sana, ktnya g ada, trus dinaikkan Wira Wiri lg dan diturunkan di Pandegiling 😥. Padahal mg kmrn ktk naik dr Bratang dg tujuan yg sama nyampe sekolah. Bingung dia. Knp berbeda rutenya?",pg td anak saya berangkat sekolah dr terminal bratang dg wira wiri fd minta diturunkan di genteng krn sekolah di daerah sana ktnya g ada trus dinaikkan wira wiri lg dan diturunkan di pandegiling padahal mg kmrn ktk naik dr bratang dg tujuan yg sama nyampe sekolah bingung dia knp berbeda rutenya
miftahul fitria,5,2023-08-22 17:06:54,"Saya sangat terbantu dengan adanya suroboyo bus ini, transportasi yang aman dan nyaman untuk berangkat / pulang kerja. Terima kasih suroboyo bus !",saya sangat terbantu dengan adanya suroboyo bus ini transportasi yang aman dan nyaman untuk berangkat pulang kerja terima kasih suroboyo bus
hendrik sternfeuer,5,2023-08-22 13:38:35,Brguna bgt bagi pengguna transum di Sby,brguna bgt bagi pengguna transum di sby
Kevin Vegard,5,2023-08-20 17:29:32,Yang saya suka di aplikasi ini adalah wirawiri dan trans jatim gabung jadi satu di aplikasi ini. Jadi saya gak perlu repot buat ngecek di aplikasinya trans jatim. Karena update 1.0.5.9 saya jadi gampang untuk melihat jadwal terbaru Suroboyo Bus/WiraWiri/Trans Jatim.,yang saya suka di aplikasi ini adalah wirawiri dan trans jatim gabung jadi satu di aplikasi ini jadi saya gak perlu repot buat ngecek di aplikasinya trans jatim karena update saya jadi gampang untuk melihat jadwal terbaru suroboyo bus wirawiri trans jatim
Fachri Adetya,5,2023-08-12 17:41:47,"Mohon tambahkan armada Wirawiri rute Mayjend balai kota,karena saya menunggu agak lama",mohon tambahkan armada wirawiri rute mayjend balai kota karena saya menunggu agak lama
anto dedi,5,2023-08-07 16:37:20,Bagus,bagus
Herdiyana,5,2023-08-03 16:07:20,Lpl.,lpl
Mochtarif Shocab,5,2023-07-31 12:23:21,Mantaap,mantaap
Andi Priyo Nugroho,4,2023-07-31 10:11:20,"Bagus, tapi kenapa suroboyo bus koridor gununganyar - kenpark, unesa - laguna tidak bisa di tracking, jadi kita tidak bisa pantau update posisinya.",bagus tapi kenapa suroboyo bus koridor gununganyar kenpark unesa laguna tidak bisa di tracking jadi kita tidak bisa pantau update posisinya
Love Live Sido Sura,3,2023-07-28 09:25:32,Mau bertanya kenapa rute dari Kenjeran ke Wonokromo tidak ada di list ya?,mau bertanya kenapa rute dari kenjeran ke wonokromo tidak ada di list ya
Prillia Vip,3,2023-07-26 06:42:42,"Sangat membantu sih,, tapi jalur ke kenjeran - gunung anyar kok gk da diaplikasi?? Tpi pernah liat bus arah situ?? Apa beda aplikasi bwt liat jalur bis itu?!",sangat membantu sih tapi jalur ke kenjeran gunung anyar kok gk da diaplikasi tpi pernah liat bus arah situ apa beda aplikasi bwt liat jalur bis itu
Ardie Pandu,3,2023-07-26 06:17:44,"Jadwal keberangkatan bis kacau, contoh 26 Juli naik SB12 jadwal 6.10 dari bungur terlambat 6.16 baru berangkat, membuat perjalanan kerja terlambat datang ke kantor. Tapi kadang maju 6.05 sudah berangkat, jadi kita ikut bis selanjutnya 6.20. Kondisi bus nyaman, paling kerusakan pada hidrolik pintu susah tutup, jumlah kursi sedikit, tombol stop rusak, AC kalau siang panas",jadwal keberangkatan bis kacau contoh juli naik sb jadwal dari bungur terlambat baru berangkat membuat perjalanan kerja terlambat datang ke kantor tapi kadang maju sudah berangkat jadi kita ikut bis selanjutnya kondisi bus nyaman paling kerusakan pada hidrolik pintu susah tutup jumlah kursi sedikit tombol stop rusak ac kalau siang panas
Agung Handani,5,2023-07-22 17:22:32,Sangat berguna buat warga surabaya,sangat berguna buat warga surabaya
Hariyanto Yuska,5,2023-07-20 06:43:25,bagus dan bermanfaat,bagus dan bermanfaat
Sulach sono,1,2023-07-18 22:07:08,G isa d buka d Vivo V5Lite,g isa d buka d vivo v lite
aditya ferky,1,2023-07-17 06:14:56,"Tidak Update , Rute Unesa - ITS tidak muncul",tidak update rute unesa its tidak muncul
Muslimah Pencerah,2,2023-07-16 10:44:08,"Semoga aplikasinya nanti dilengkapi dengan info halte terdekat dan pilihan tujuan.. jadi bisa sama atau lebih mudah penggunaannya dari apk ojol yaa.. Jujur saya masih kesulitan dgn apk ini, sayang kan klo bus2 yg bagus2 itu tdk dimanfaatkan optimal.. semoga sarannya bisa diterimaa 😊",semoga aplikasinya nanti dilengkapi dengan info halte terdekat dan pilihan tujuan jadi bisa sama atau lebih mudah penggunaannya dari apk ojol yaa jujur saya masih kesulitan dgn apk ini sayang kan klo bus yg bagus itu tdk dimanfaatkan optimal semoga sarannya bisa diterimaa
Mardijanto Aspar,5,2023-07-16 06:17:11,"Alhamdulilah atas kepedu Cak Erik selaku Walikota Surabaya terhadap masyarakat Surabaya menyediakan angkutan umum dengan biaya terjangkau,kami sudah sering naik wirawiri dari Benowo ke Tunjungan ke Bungurasih, dan yang perlu saya informasikan ke Cak Erik untuk pemberhentian menurunkan/menaikan penumpang : Jaraknya terlalu jauh dan tidak ada tempat duduk,atap, kare na kalo musim hujan penum pang menunggu angkot wira wira kepanasan dan kehujan an.",alhamdulilah atas kepedu cak erik selaku walikota surabaya terhadap masyarakat surabaya menyediakan angkutan umum dengan biaya terjangkau kami sudah sering naik wirawiri dari benowo ke tunjungan ke bungurasih dan yang perlu saya informasikan ke cak erik untuk pemberhentian menurunkan menaikan penumpang jaraknya terlalu jauh dan tidak ada tempat duduk atap kare na kalo musim hujan penum pang menunggu angkot wira wira kepanasan dan kehujan an
Mari Belajar,1,2023-07-14 18:13:47,Wes bener bener rute TIJ - TOW malah diganti UNESA - TOW Longor poll Poleh ga enak numpak wira wiri sumpek,wes bener bener rute tij tow malah diganti unesa tow longor poll poleh ga enak numpak wira wiri sumpek
Windu Kurinasari,5,2023-07-12 20:47:30,"I'M REALLY TO LOVE ""SUROBOYO BUS"", Because THE BEST",i m really to love suroboyo bus because the best
Saiful Ansori,3,2023-07-12 16:49:16,Siplah,siplah
fauzaan2,5,2023-07-11 16:29:49,Siip,siip
Septiana Kalista,5,2023-07-11 07:24:58,Baik,baik
Akun Game,3,2023-07-10 16:52:43,Update nya di percepat tentang penambahan rute tow Unesa,update nya di percepat tentang penambahan rute tow unesa
Dicky Sabujah (Jak Mania Depok),5,2023-07-10 09:15:20,aplikasinye Bagus sangat membantu ane yg dri Luar Surabaya ( Ane dari Jakarta ) dan baru pertama kali ke Surabaya & Saya salut drivernya semua juga ramah2 dan membantu memberihkan arahan jalan,aplikasinye bagus sangat membantu ane yg dri luar surabaya ane dari jakarta dan baru pertama kali ke surabaya saya salut drivernya semua juga ramah dan membantu memberihkan arahan jalan
Edi Wantoro,5,2023-07-10 06:02:52,Memuaskan dan Sangat membantu,memuaskan dan sangat membantu
Udi Widodo,5,2023-07-10 04:41:32,Top scorer,top scorer
Berty Septiyana,2,2023-07-05 12:15:38,Kook ii,kook ii
Sri rahayu Jaya abadi,5,2023-07-04 12:29:18,"Nyaman, pegawenya ramah",nyaman pegawenya ramah
endin prasetiawan,5,2023-07-03 12:20:03,Sangat membantu top surabaya,sangat membantu top surabaya
Dodik Hariono,1,2023-07-02 13:32:52,"aplikasi ga jelas, manfaatnya dimana?",aplikasi ga jelas manfaatnya dimana
Chintya Putri,5,2023-06-30 18:38:17,Bisa melihat dri mna bis tayo suroboyo,bisa melihat dri mna bis tayo suroboyo
Muhammad Rizky Hadi.S,2,2023-06-20 22:40:30,"Tampilan aplikasinya mohon diperbaiki,,biar lebih fresh dan mudah buat penggunanya",tampilan aplikasinya mohon diperbaiki biar lebih fresh dan mudah buat penggunanya
Bangkit Mentalist,5,2023-06-20 12:54:58,"Aplikasi angkutan umum terbaik, sangat membantu dalam memenuhi kebutuhan warga Surabaya dan sekitarnya.",aplikasi angkutan umum terbaik sangat membantu dalam memenuhi kebutuhan warga surabaya dan sekitarnya
moly moly,1,2023-06-18 18:57:31,"Jadwal tidak sesuai, bus tidak berhenti di halte langsung lewat begitu saja",jadwal tidak sesuai bus tidak berhenti di halte langsung lewat begitu saja
samsul huda,5,2023-06-12 07:19:49,Top,top
Fandy Khrisna lazuardi,3,2023-06-08 21:07:11,"Bagus sih, tapi ya sering dapet supirnya galak, kapan hari naik bus dapet supir rada galak, ngomongnya ngegas. Harusnya yg gak tau di kasih tau dengan baik, bukannya malah ngegas!! Mohon ditindak lagi lah",bagus sih tapi ya sering dapet supirnya galak kapan hari naik bus dapet supir rada galak ngomongnya ngegas harusnya yg gak tau di kasih tau dengan baik bukannya malah ngegas mohon ditindak lagi lah
U G,3,2023-06-07 10:25:37,"AC kurang dingin mengingat bnyk penumpang, mohon di perhatikan ntk kenyamanan para penumpang",ac kurang dingin mengingat bnyk penumpang mohon di perhatikan ntk kenyamanan para penumpang
Aster Nawang Palupi,5,2023-06-05 11:37:54,Bagus,bagus
Krisna,4,2023-06-01 09:45:54,Untuk Rute wira wiri rute terlalu dekat jadi kalau mau ke kecamatan lain harus oper dan jalan agak jauh untuk ke rute selanjutnya,untuk rute wira wiri rute terlalu dekat jadi kalau mau ke kecamatan lain harus oper dan jalan agak jauh untuk ke rute selanjutnya
nabila rahmah,1,2023-05-29 09:53:33,Sekarang gak ada rute merr,sekarang gak ada rute merr
Lilik Indrawati,1,2023-05-29 04:24:04,knp d hp saya setelah terinstal kok g bisa d buka aplikasinya,knp d hp saya setelah terinstal kok g bisa d buka aplikasinya
Novita shanum,5,2023-05-28 13:58:36,"Tidak bs ditracking suroboyo bus nya..loading terus min..mungkin bs 
diperbaiki ya",tidak bs ditracking suroboyo bus nya loading terus min mungkin bs diperbaiki ya
Krisna Yudha,1,2023-05-27 09:07:25,Tidak seperti awal peluncuran. Sekarang AC Bus tidak dingin dan berasa sauna. Dan usul jam layanan diperpanjang sampe jam 22.00 malam. Dikarenakan pekerja dipusat perbelanjaan baru tutup jam 22.00 malam. Kemudian diapp antarmuka ditambahi menu jadwal keberangkatan,tidak seperti awal peluncuran sekarang ac bus tidak dingin dan berasa sauna dan usul jam layanan diperpanjang sampe jam malam dikarenakan pekerja dipusat perbelanjaan baru tutup jam malam kemudian diapp antarmuka ditambahi menu jadwal keberangkatan
dr kabel (One Stop Online Video),3,2023-05-26 08:55:44,tolong pengumuman yang muncul terus menerus dilayar menerus sangat membosankan,tolong pengumuman yang muncul terus menerus dilayar menerus sangat membosankan
NiaNiuNeo,5,2023-05-26 07:06:02,Setelah berpuluh taun gak pernah naik fasum akhirnya nyobain karena kepo banget hahahaaha enak adeemmm nyaman cuma g nyamanya dr penumpang lain aja yg terlalu berisik berasa naik kendaraan pribadi ☺☺☺,setelah berpuluh taun gak pernah naik fasum akhirnya nyobain karena kepo banget hahahaaha enak adeemmm nyaman cuma g nyamanya dr penumpang lain aja yg terlalu berisik berasa naik kendaraan pribadi
ozi dharma,1,2023-05-26 06:32:04,"3x pengalaman aku naik ini di terminal bungurasih, tgl 26 2023 pkl.06:15.wib saya lari2 dan mau masuk ke bis tapi langsung di tutup, padahal kursi masih ada yang kosong, giliran penumpang cewek langsung di buka in pintu... mohon maaf ini bus khusus cewek apa untuk semua gender???",x pengalaman aku naik ini di terminal bungurasih tgl pkl wib saya lari dan mau masuk ke bis tapi langsung di tutup padahal kursi masih ada yang kosong giliran penumpang cewek langsung di buka in pintu mohon maaf ini bus khusus cewek apa untuk semua gender
Eny Asfiah,5,2023-05-25 11:58:06,Top bus,top bus
ariek eko triyono,5,2023-05-22 19:18:29,Suroboyoku bersih dan hijau,suroboyoku bersih dan hijau
Su Harnik,5,2023-05-18 14:03:40,Saya merasa sangat terbantu dng adanya suroboyo bus dan semanggi suroboyo saya bisa menggunakan transpotasi ini dengan aman dan nyaman Terima kasih atas jasanya!!!!!,saya merasa sangat terbantu dng adanya suroboyo bus dan semanggi suroboyo saya bisa menggunakan transpotasi ini dengan aman dan nyaman terima kasih atas jasanya
R Djoko Basuki,5,2023-05-16 18:22:33,Saya dari bonbin ke bungurasih gratis tis tiiiss... Karena lansia ... Maturnuwun Gobis,saya dari bonbin ke bungurasih gratis tis tiiiss karena lansia maturnuwun gobis
Faskho Nashrulloh,3,2023-05-15 12:03:54,"Klau dihalte RSI selalu dilewati sama ww nya, pdhl mau habis pulang sekolah mau naik tp selalu kelewatan, pdhl sdh ditunggu didepan stop bus",klau dihalte rsi selalu dilewati sama ww nya pdhl mau habis pulang sekolah mau naik tp selalu kelewatan pdhl sdh ditunggu didepan stop bus
Adji Nugroho,5,2023-05-14 01:02:41,Nyaman,nyaman
Hindarto Ongko,5,2023-05-13 07:42:28,Memudahkan kami beractivitas serta menghemat waktu,memudahkan kami beractivitas serta menghemat waktu
Eka Putra,4,2023-05-11 12:05:03,Memperlancar moda transportasi di surabaya,memperlancar moda transportasi di surabaya
mazz Bisma,5,2023-05-07 23:34:31,Aplikasi sangat membantu untuk pemantauan posisi feeder untuk saya yang sering menggunakannya,aplikasi sangat membantu untuk pemantauan posisi feeder untuk saya yang sering menggunakannya
Avi Salwa,5,2023-05-04 13:35:08,Waw,waw
zhei istamar,4,2023-05-04 12:54:27,Aplikasi menguntungkan bagi pengguna suroboyo biss,aplikasi menguntungkan bagi pengguna suroboyo biss
BRIAN AKBAR,4,2023-05-01 20:32:10,Untuk yg lewat sekolah SMK to SMK kurang,untuk yg lewat sekolah smk to smk kurang
Prenjak Lol,4,2023-05-01 18:05:21,"Daftar member, nunggu kode OTP lewat email tp gk masuk2 alhasil membernya tidak diintefikasi ... Ini gimana aplikasinya?? Tolong dipermudah dong",daftar member nunggu kode otp lewat email tp gk masuk alhasil membernya tidak diintefikasi ini gimana aplikasinya tolong dipermudah dong
Ahmad Syaifudin,5,2023-04-30 14:48:33,"Great app,good job",great app good job
Masandi Yuliadi,5,2023-04-29 14:12:18,Tertata rapi beda dengan bus dahulu kala,tertata rapi beda dengan bus dahulu kala
Moch Rokhim,5,2023-04-29 11:07:55,sangat membantu sekali...👍,sangat membantu sekali
Deshi Anis,2,2023-04-29 10:12:04,Seharusnya di setiap diskripsi tentang tempat disertakan alat transportasi untuk menuju ke tempat tersebut...,seharusnya di setiap diskripsi tentang tempat disertakan alat transportasi untuk menuju ke tempat tersebut
Dzky 1890,2,2023-04-27 12:18:59,Tidak ada rute dari Kenjeran/kenpark,tidak ada rute dari kenjeran kenpark
yayak ray,4,2023-04-23 04:56:57,Sangat bermanfaat bagi masyarakat yang kesehariannya naik transportasi umum.,sangat bermanfaat bagi masyarakat yang kesehariannya naik transportasi umum
SUNARNO DRS,5,2023-04-20 17:12:10,Gobis sangat membantu masyarakat,gobis sangat membantu masyarakat
Anik Suprijati,5,2023-04-16 19:20:17,Mantap nyaman dan aman,mantap nyaman dan aman
Sketsa Wajah,1,2023-04-16 15:26:46,"Habis diperbarui malah gak lengkap fiturnya, aneh ini",habis diperbarui malah gak lengkap fiturnya aneh ini
BAMBANG LUKMANDOKO,5,2023-04-15 13:58:56,Sangat nyaman dan membantu,sangat nyaman dan membantu
Anggan Cahyarino,1,2023-04-14 11:52:27,"Aplikasi bagus, cuma saran saja koridornya lebih dilengkapi lagi, lalu destinasi juga perlu diberi info kendaraan umum apa yang bisa dinaiki, dan utk destinasi yang sudah tutup seperti THR bisa dihapus saja dari menu aplikasi 👍",aplikasi bagus cuma saran saja koridornya lebih dilengkapi lagi lalu destinasi juga perlu diberi info kendaraan umum apa yang bisa dinaiki dan utk destinasi yang sudah tutup seperti thr bisa dihapus saja dari menu aplikasi
Lukman Febriansah,1,2023-04-02 17:37:53,"Parah sih Wirawiri Suroboyo dengan nomor WW01, barusan ditinggal udah dikasih tanda stop udah nunggu dihalte tandes dari tadi malah gk berhenti malah langsung ditinggal padahal masih kosong didalam parah parah sumpah",parah sih wirawiri suroboyo dengan nomor ww barusan ditinggal udah dikasih tanda stop udah nunggu dihalte tandes dari tadi malah gk berhenti malah langsung ditinggal padahal masih kosong didalam parah parah sumpah
Btcinvestasi titipkreditcicilanrumah,1,2023-04-02 06:02:33,Ini apk buat penipuan bro dengan modus baru Mana ada GoBiz Suroboyo Bus,ini apk buat penipuan bro dengan modus baru mana ada gobiz suroboyo bus
Vicki Wibowo,5,2023-04-01 17:36:23,makin hari makin Goodd beda kaya operator bus semangka,makin hari makin goodd beda kaya operator bus semangka
Ghafira Aisyah,1,2023-03-31 10:01:26,"Ada penumpang di halte malah lanjut terus ga berhenti, niat apa ngga?",ada penumpang di halte malah lanjut terus ga berhenti niat apa ngga
Sakti Panji,5,2023-03-30 15:24:02,Sangat membantu orang yg TDK punya kendaraan,sangat membantu orang yg tdk punya kendaraan
rizka fiddiyansyah,1,2023-03-27 13:06:03,Lemot,lemot
Abuyazid ar,3,2023-03-26 08:48:48,"Aplikasi bagus, mungkin saran untuk lebih baik dalam memberikan informasi dan pelayanan sperti: - aplikasi bisa mendeteksi halte terdekat - ada fitur peta/rute/jaringan tranportasi umum di kota sby - ada fitur/ peta halte yg di lalui bus dg format gambar, fitur rekomendasi tranportasi umum ke tempat wisata, ada rute ke tempat2 wisata. jadi lebih mudh membaca informasinya. Semoga segera integrasi, dg stasiun dan jalur tranportasi umum lainnya.",aplikasi bagus mungkin saran untuk lebih baik dalam memberikan informasi dan pelayanan sperti aplikasi bisa mendeteksi halte terdekat ada fitur peta rute jaringan tranportasi umum di kota sby ada fitur peta halte yg di lalui bus dg format gambar fitur rekomendasi tranportasi umum ke tempat wisata ada rute ke tempat wisata jadi lebih mudh membaca informasinya semoga segera integrasi dg stasiun dan jalur tranportasi umum lainnya
Sri Fatmawati,2,2023-03-23 06:36:54,Mau menanyakan apakah aplikasi gobis tidak tersedia untuk ios? Karena anak saya kesulitas jika tidak ada aplikasi gobis. Bagaimana ya?? Dulu di ios ada kok sekarang tidak ada?. Mohon perhatiannya. Terima kasih.,mau menanyakan apakah aplikasi gobis tidak tersedia untuk ios karena anak saya kesulitas jika tidak ada aplikasi gobis bagaimana ya dulu di ios ada kok sekarang tidak ada mohon perhatiannya terima kasih
teguh budi,2,2023-03-22 13:23:48,Hrs terus berbenah.. smoga tdk sekadar pencitraan diawal bersemangat nmun selanjutnya terlupakan...,hrs terus berbenah smoga tdk sekadar pencitraan diawal bersemangat nmun selanjutnya terlupakan
Ratna Noona nana,1,2023-03-20 10:26:30,Rute bus unessa-its mana kok hilang? bus masih beroperasi tapi kok rute menghilang. Kalo ada saran dan kritik mohon di follow up dong,rute bus unessa its mana kok hilang bus masih beroperasi tapi kok rute menghilang kalo ada saran dan kritik mohon di follow up dong
Rafa Dimas,5,2023-03-19 14:12:10,Bagus,bagus
wandi permana,2,2023-03-17 18:42:15,Jadwal di google tidak sama dengan kedatangan bisnya harus di tingkatkan ini SDM nya Jangan pada bercanda padahal bus dan jalan Surabaya sudah paling mantap luas dan tanpa macet .. Kecewa banget udah lari2 ngejar waktu pas datang ke halte ternyata ga ada bis nya ampun dah jadwal kacau ga jelas Suroboyo bis ini..,jadwal di google tidak sama dengan kedatangan bisnya harus di tingkatkan ini sdm nya jangan pada bercanda padahal bus dan jalan surabaya sudah paling mantap luas dan tanpa macet kecewa banget udah lari ngejar waktu pas datang ke halte ternyata ga ada bis nya ampun dah jadwal kacau ga jelas suroboyo bis ini
rizky fajar oka,4,2023-03-16 18:04:47,Sebaiknya diberi informasi terkait halte,sebaiknya diberi informasi terkait halte
IAS P?,5,2023-03-16 15:25:29,Sangat keren dan modern dan murah,sangat keren dan modern dan murah
budi sulistiyo,1,2023-03-15 23:23:45,"ratingMU tidak bisa dibohongi bozzz...apk kurang canggih,akomodasi transportasi juga masih banyak kekuragannya",ratingmu tidak bisa dibohongi bozzz apk kurang canggih akomodasi transportasi juga masih banyak kekuragannya
Nurlaylabakari,3,2023-03-15 17:14:38,Letak nan lokasi lebih akurat lagi,letak nan lokasi lebih akurat lagi
Theklik Xzy,5,2023-03-12 19:26:35,Penasaran,penasaran
Ade Ryan Rachmat,5,2023-03-12 00:21:39,Thanks you very much,thanks you very much
rizky alamsyah,5,2023-03-11 17:11:42,Membantu mengetahui posisi Suroboyo bus dan wirawiri Suroboyo feeder,membantu mengetahui posisi suroboyo bus dan wirawiri suroboyo feeder
LETNANSUNOTO TNI AD 45,4,2023-03-10 21:35:04,Dicoba dulu..,dicoba dulu
achmad rudi churniawan,4,2023-03-10 10:16:33,untuk bus wara wiri mohon di kasih gos tracking stiap armada donk... biar tau lokasi nya ada dimana biar memudahkan mau naik bisa cek lokasi sampek mana busnya,untuk bus wara wiri mohon di kasih gos tracking stiap armada donk biar tau lokasi nya ada dimana biar memudahkan mau naik bisa cek lokasi sampek mana busnya
Daniel Putera Nugroho,1,2023-03-10 05:01:21,Saya beri bintang 1 dulu karna untuk daftar jd member aja masih ada bug waktu mau ngambil foto dr galeri. Mungkin bisa dibenahi dulu,saya beri bintang dulu karna untuk daftar jd member aja masih ada bug waktu mau ngambil foto dr galeri mungkin bisa dibenahi dulu
yusti anggraeni,2,2023-03-09 06:39:47,Aplikasiku kok g iso d buka yo? Opoo iki min? Pdhal wes tk update,aplikasiku kok g iso d buka yo opoo iki min pdhal wes tk update
Ainal Rahman,3,2023-03-06 21:16:00,Saya sudah daftar tinggal masukan kode otp tapi tidak ada info masuk di gmail ? Jadi gk bisa log in karena belum aktif ? Mungkin ada yang samaan kyk gini ? Mohon bantu. Terimakasih,saya sudah daftar tinggal masukan kode otp tapi tidak ada info masuk di gmail jadi gk bisa log in karena belum aktif mungkin ada yang samaan kyk gini mohon bantu terimakasih
ayu mahesa,1,2023-02-14 11:49:27,Saran sebelum bus berangkat dari Bungurasih petugas nya dari pada ngobrol langsung ke penumpang saja scan pembayaran . Bus sudah jalan sampai a yani penumpang di belakang belum di scan padahal turun di Cito .. jangan lelet harus sat set . Sampah botol kecil bungkus permen sudah banyak di bawah kursi . Sudah mulai kumuh .,saran sebelum bus berangkat dari bungurasih petugas nya dari pada ngobrol langsung ke penumpang saja scan pembayaran bus sudah jalan sampai a yani penumpang di belakang belum di scan padahal turun di cito jangan lelet harus sat set sampah botol kecil bungkus permen sudah banyak di bawah kursi sudah mulai kumuh
Nafiszaini ali,3,2023-02-03 16:05:56,Kenapa kok lemot gini ya aplikasi y,kenapa kok lemot gini ya aplikasi y
Robby Hermansyah,4,2023-01-29 15:22:54,Semoga real time dan memperbaiki bug,semoga real time dan memperbaiki bug
Imanuel Yonatan,1,2023-01-26 15:44:49,Tidak bisa dibuka di hape Samsung galaxy a7 2018 posisi di android 10,tidak bisa dibuka di hape samsung galaxy a posisi di android
ACHMAD SOLEH UDIN,2,2023-01-26 08:44:35,Aplikasinya di buka susah... Tak uninstal deh,aplikasinya di buka susah tak uninstal deh
Angga Naviga,5,2023-01-26 07:13:44,"Tambahkan akses top up uang elektronik pada kartu member di aplikasi ini. Contoh shope* pay ato g*pay yg punya pembayaran melalui laman nya sendiri.. Pada menu rute bus, ketika kita ketuk ikon bus nya, munculkan jenis chassis nya contoh SBT01 Mercy OC500RF.",tambahkan akses top up uang elektronik pada kartu member di aplikasi ini contoh shope pay ato g pay yg punya pembayaran melalui laman nya sendiri pada menu rute bus ketika kita ketuk ikon bus nya munculkan jenis chassis nya contoh sbt mercy oc rf
Rizki Muhammad C,1,2023-01-26 06:37:30,"tiba tiba pagi hari aplikasi Gobis Surabaya tidak bisa dipakai tulisannya ""gagal dimulai harap di hapus'",tiba tiba pagi hari aplikasi gobis surabaya tidak bisa dipakai tulisannya gagal dimulai harap di hapus
Achmad Pangestu,1,2023-01-23 14:15:24,Driver bus nya kurang ramah,driver bus nya kurang ramah
gita fernando,1,2023-01-21 06:08:21,Kenapa Rute Merr ke Ken park tidak di jalan kan lagi sejak awal akhir Desember 2022 Hingga Saat ulasan ini saya tulis. apakah ada masalah dengan management Pemkot Surabaya atau pihak penyelenggara transportasi???,kenapa rute merr ke ken park tidak di jalan kan lagi sejak awal akhir desember hingga saat ulasan ini saya tulis apakah ada masalah dengan management pemkot surabaya atau pihak penyelenggara transportasi
Dimas Anggoro,5,2023-01-06 17:53:41,"Saran aja ya di aplikasi kan ada pilihan tempat wisatanya, nah itu sebenernya sekalian dicantumkan nama halte buat pemberhentiannya, jadi kita gaperlu bingung² cari halte buat pemberhentiannya. Terima kasih",saran aja ya di aplikasi kan ada pilihan tempat wisatanya nah itu sebenernya sekalian dicantumkan nama halte buat pemberhentiannya jadi kita gaperlu bingung cari halte buat pemberhentiannya terima kasih
Anwar Anwar,5,2023-01-03 11:30:41,Oke,oke
Rina Purn,5,2023-01-01 10:09:39,Memudahkan perjalanan saya.... Surabaya memang jos,memudahkan perjalanan saya surabaya memang jos
eddo Alhamda,1,2022-12-30 15:19:15,"Tambah mahal, ngepul botol bwt jadi poin, eh skrg kebijakan poin expired per bulannya",tambah mahal ngepul botol bwt jadi poin eh skrg kebijakan poin expired per bulannya
Semesta Food And Beverage,5,2022-12-28 16:31:44,Ok,ok
carlos fucan0,1,2022-12-21 09:54:22,"Saran aja ya Pakai Teman bus aja atau gojek/Grab biar enak. Pakai Gobis bus Surabaya ribet nya minta ampun, 1. Hattle Stop bus nya cuma tanda kecil , 2. Lokasi Hattle sama lokasi stop bus nya sangat Meleceng jauh dari map nya. Intinya nih bus buat di naikin sangat susah 👎🏻",saran aja ya pakai teman bus aja atau gojek grab biar enak pakai gobis bus surabaya ribet nya minta ampun hattle stop bus nya cuma tanda kecil lokasi hattle sama lokasi stop bus nya sangat meleceng jauh dari map nya intinya nih bus buat di naikin sangat susah
Reinhart Paul,5,2022-12-17 21:53:09,Sangat membantu,sangat membantu
Faiz Harahap,1,2022-12-13 12:42:10,"Saya pelancong ke Surabaya. Download aplikasi ini saya berharap bis aplikasi ini membantu saya menemukan rute bus mana yg saya harus naiki ke titik tujuan yang ingin saya tuju. Ternyata tidak, aplikasi ini cuma menunjukkan rute yang dilalui bus mereka. Itu juga berdasarkan koridor. Sayakan pendatang ya, mana saya tau koridor. Coba aplikasi nya di upgrade lagi, di berikan info halte mana yang terdekat dengan saya. Berapa kali saya transit atau berganti bus untuk mencapai tujuan saya.",saya pelancong ke surabaya download aplikasi ini saya berharap bis aplikasi ini membantu saya menemukan rute bus mana yg saya harus naiki ke titik tujuan yang ingin saya tuju ternyata tidak aplikasi ini cuma menunjukkan rute yang dilalui bus mereka itu juga berdasarkan koridor sayakan pendatang ya mana saya tau koridor coba aplikasi nya di upgrade lagi di berikan info halte mana yang terdekat dengan saya berapa kali saya transit atau berganti bus untuk mencapai tujuan saya
Sherly Priscillia,1,2022-11-30 11:40:01,"kenapa untuk yg rute UNESA - ITS ngga bisa kliatan posisi update busnya yg mau lewat? jadi kan membuang waktu untuk menunggu krn tdk pasti tau bus yg mau lewat sdh sampai dmana:( nunggu lama , mau brngkat kerja juga..semoga dibaca dan bisa dievaluasi lgi masukannya:(",kenapa untuk yg rute unesa its ngga bisa kliatan posisi update busnya yg mau lewat jadi kan membuang waktu untuk menunggu krn tdk pasti tau bus yg mau lewat sdh sampai dmana nunggu lama mau brngkat kerja juga semoga dibaca dan bisa dievaluasi lgi masukannya
Kristian Dinastio,5,2022-11-18 20:29:37,Siiippp sangat2 membantu mantap,siiippp sangat membantu mantap
Valentine Clara Valerie,2,2022-11-17 17:24:45,"Kalau bisa kasih pemberitahuan/notifikasi di HP, tidak hanya di aplikasi ini, tapi juga di notifnya jika bis suroboyo tidak beroperasi karena ada demo,dsb. Saya sebagai penumpang bis rute ke purabaya merasa kecewa karena bis ini selalu saya tumpangi tiap hari. Mohon pengertian untuk kami🙏🙏",kalau bisa kasih pemberitahuan notifikasi di hp tidak hanya di aplikasi ini tapi juga di notifnya jika bis suroboyo tidak beroperasi karena ada demo dsb saya sebagai penumpang bis rute ke purabaya merasa kecewa karena bis ini selalu saya tumpangi tiap hari mohon pengertian untuk kami
Vivi Vindianti,1,2022-11-17 08:14:21,"Saya naik bus Surabaya Krn buru"" gak ada QR kode .. sampai tengah jln saya diturunin.. hrusnya org Bru"" diberi pertolongan sprti : Mungkin kryawan bus Surabaya yg ada disana punya, bisa dibantuin.. Ato gimana, Padahal sya ngmong: mbk sebentar ya, ini saya mau tlp suami untuk TF in ,, pokoknya sbelum saya sampai sya bayar, toh perjlnan saya juga masih jauh, dari rajawali ke Bungurasih. Tlong ya diperbaiki lgi msalah nurunin org SE enak.nya. Pada tgl 17-11-22 saya naik kurang lbh pada pukul 07.50",saya naik bus surabaya krn buru gak ada qr kode sampai tengah jln saya diturunin hrusnya org bru diberi pertolongan sprti mungkin kryawan bus surabaya yg ada disana punya bisa dibantuin ato gimana padahal sya ngmong mbk sebentar ya ini saya mau tlp suami untuk tf in pokoknya sbelum saya sampai sya bayar toh perjlnan saya juga masih jauh dari rajawali ke bungurasih tlong ya diperbaiki lgi msalah nurunin org se enak nya pada tgl saya naik kurang lbh pada pukul
Eko Gemah,5,2022-11-11 10:55:54,Very good,very good
Rita Airlangga,5,2022-11-08 18:22:36,Pelayanan nya di masyarakat Bagus Hanya aplikasinya kadang kelihatan kadang tidak,pelayanan nya di masyarakat bagus hanya aplikasinya kadang kelihatan kadang tidak
Ony Yusman (Yusman),1,2022-11-08 04:19:18,Belum up to date / pembaharuan informasi,belum up to date pembaharuan informasi
Amir Roziqin,5,2022-11-07 09:40:29,Aplikasi yang sangat membantu... Akan tetapi sebulan terakhir rute UNESA - ITS tidak muncul posisi busnya dan beberapa halte hilang dari peta aplikasi. Selain itu juga peta sebenernya sudah gak update karena ada perpanjangan rute dari yang ada sekarang. Semoga segera diperbaiki. Sekarang rute tersebut juga sudah berbayar mohon ditingkatkan pelayanan nya. Selain itu juga berharap ditambah jam operasional nya setidaknya jam 05:00 - 23:00,aplikasi yang sangat membantu akan tetapi sebulan terakhir rute unesa its tidak muncul posisi busnya dan beberapa halte hilang dari peta aplikasi selain itu juga peta sebenernya sudah gak update karena ada perpanjangan rute dari yang ada sekarang semoga segera diperbaiki sekarang rute tersebut juga sudah berbayar mohon ditingkatkan pelayanan nya selain itu juga berharap ditambah jam operasional nya setidaknya jam
Herry Wahyudi,1,2022-11-06 21:18:01,"Aplikasi kurang membantu, jam daerah unesa its gak jelas",aplikasi kurang membantu jam daerah unesa its gak jelas
Ignasius Lucky,5,2022-10-26 06:37:53,"Mohon di perpanjang untuk jalur SB dari Kenjeran ke Gunung anyar menjadi dari Kenjeran ke Bandara Juanda. Ini akan baik agar pergerakan manusia bisa meninggalkan kendaraan pribadi. Ini juga akan sangat membantu pergerakan orang dari dan ke bandara Juanda yang selama ini hanya dikuasai taxi mahal dan bis tidak murah. Perpanjangan rute ini pun sangat membantu masyarakat di kantung pemukiman dan kantung industri yang ada di Pondok Chandra, Wadung Asri, Tambak sawah, Tropodo dan Pabean.",mohon di perpanjang untuk jalur sb dari kenjeran ke gunung anyar menjadi dari kenjeran ke bandara juanda ini akan baik agar pergerakan manusia bisa meninggalkan kendaraan pribadi ini juga akan sangat membantu pergerakan orang dari dan ke bandara juanda yang selama ini hanya dikuasai taxi mahal dan bis tidak murah perpanjangan rute ini pun sangat membantu masyarakat di kantung pemukiman dan kantung industri yang ada di pondok chandra wadung asri tambak sawah tropodo dan pabean
yulius ardianto,2,2022-10-21 22:36:56,"Bus suroboyo udah bagus cuma yang lewat jalan arjuno tidak ada, semoga segera ditambahkan soalnya banyak penumpang Bus arah bungurasih yang ada di bawah fly over pasar kembang",bus suroboyo udah bagus cuma yang lewat jalan arjuno tidak ada semoga segera ditambahkan soalnya banyak penumpang bus arah bungurasih yang ada di bawah fly over pasar kembang
Yeni Ikke,3,2022-10-20 15:25:28,"Tolong ditambah lagi halte yang dari arah terminal joyoboyo ke osowilangun karena saya tiap hari turun di halte margomulyo dan jalan sangat jauh ke arah tikungan greges,,ditambah juga halte supaya kelihatan dan terang,jangan hanya tempelan stiker dan plakat saja,dimana dana pemerintah, jika lokasi tidak ada lampu stiker tidak akan terlihat dan penumpang juga kesusahan mencari halte,untuk selebihnya cukup bagus dan nyaman hanya perlu ditambahkan halte rute margomulyo minim ada 3halte.",tolong ditambah lagi halte yang dari arah terminal joyoboyo ke osowilangun karena saya tiap hari turun di halte margomulyo dan jalan sangat jauh ke arah tikungan greges ditambah juga halte supaya kelihatan dan terang jangan hanya tempelan stiker dan plakat saja dimana dana pemerintah jika lokasi tidak ada lampu stiker tidak akan terlihat dan penumpang juga kesusahan mencari halte untuk selebihnya cukup bagus dan nyaman hanya perlu ditambahkan halte rute margomulyo minim ada halte
Datok syarief,1,2022-10-17 21:09:56,Harusnya bus surabaya dan teman bus bisa bersatu supaya merata untuk rute seluruh surabaya. Aplikasi nya juga kurang update dan akurat.. Bisa di tambahkan pembelian tiket online di aplikasi,harusnya bus surabaya dan teman bus bisa bersatu supaya merata untuk rute seluruh surabaya aplikasi nya juga kurang update dan akurat bisa di tambahkan pembelian tiket online di aplikasi
Arimbi Oktavia Sakti,1,2022-10-01 17:28:21,ini kenapa ya saya mau daftar member tapi setelah memilih foto malah kembali ke awal.. gitu terus saya coba,ini kenapa ya saya mau daftar member tapi setelah memilih foto malah kembali ke awal gitu terus saya coba
Dian surya Taurina,3,2022-09-27 13:05:29,"Tolong yg rute merr tambah in lagi armada nya, masa cuma 2 bus yg beroprasi... Kasian yg mau berangkat kerja, masa harus nunggu sampai 1 jam an semenjak di perpanjang rute TIJ - yono soewojo",tolong yg rute merr tambah in lagi armada nya masa cuma bus yg beroprasi kasian yg mau berangkat kerja masa harus nunggu sampai jam an semenjak di perpanjang rute tij yono soewojo
Iwan walimban,5,2022-09-25 08:18:39,"Ingin Aplikasi ini dapat berintregasi ber multifungsi selain informasi jalur jalur dapat digunakan lainnya juga, terimakasih",ingin aplikasi ini dapat berintregasi ber multifungsi selain informasi jalur jalur dapat digunakan lainnya juga terimakasih
Aprin Evalin Sinurat,5,2022-09-21 10:09:35,Ok,ok
Levi Ratnasari,5,2022-09-13 17:01:47,"Aplikasi yang sangat membantu dari DISHUB KOTA SBY, di tambah ad informasi cuaca di setiap halte sehingga membantu pengguna untuk bepergian.",aplikasi yang sangat membantu dari dishub kota sby di tambah ad informasi cuaca di setiap halte sehingga membantu pengguna untuk bepergian
Abraham trans988 Yrtrans9,5,2022-09-11 21:19:24,Lebih bersih,lebih bersih
KAKAK STENLI.WIJAYA STENLI.WIJAYA,5,2022-09-02 08:48:12,PENGEMUDINYA SANGAT SANGAT SANGAT RAMAH SEKALI 🥰🥰🥰🥰🥰🥰🥰🥰 ❤❤❤❤❤❤❤❤,pengemudinya sangat sangat sangat ramah sekali
Tiwi,5,2022-08-28 12:35:32,Rutenya tolong diupdate yang unesa- ITS ga sesuai aplikasi,rutenya tolong diupdate yang unesa its ga sesuai aplikasi
Christ,5,2022-08-26 13:21:46,Mantab poll,mantab poll
Dwi Purwanti,2,2022-08-26 04:32:02,"Dari dlu saya suka naik bis ini, tp knp koq akhir2 ini tdk ada siaran klo sdh smpek mn, krn saya mau turun di marmoyo mestiiii kebablasen purabaya... Krn saya mau ke joyoboyo oper bis wiyung.. Helper nya jg gk pernh omg sdh nympek halte apa..",dari dlu saya suka naik bis ini tp knp koq akhir ini tdk ada siaran klo sdh smpek mn krn saya mau turun di marmoyo mestiiii kebablasen purabaya krn saya mau ke joyoboyo oper bis wiyung helper nya jg gk pernh omg sdh nympek halte apa
Rianto Asong,5,2022-08-07 00:18:04,"Sangat membantu, tapi masih ada kekurangannya, karena masih belom bisa bayar Pakai kartu E-TOLL / kartu E-Money, di tingkat lagi ya, sekian terima kasih🙏🏻",sangat membantu tapi masih ada kekurangannya karena masih belom bisa bayar pakai kartu e toll kartu e money di tingkat lagi ya sekian terima kasih
Gimbul Ngki,4,2022-08-04 16:01:20,"Info terbaru pembayaran pake apa, kalo botol uda ga bisa, mkstnya apa bisa pake dana gopay apa gmn",info terbaru pembayaran pake apa kalo botol uda ga bisa mkstnya apa bisa pake dana gopay apa gmn
Fahrul Rizki,5,2022-08-03 11:09:52,kasih bintang 5 dulu kalo pelayanannya buruk baru kasih bintang 1,kasih bintang dulu kalo pelayanannya buruk baru kasih bintang
Benny Nathanael,5,2022-08-01 06:05:55,super app. thanks.,super app thanks
Johan Reinaldi,4,2022-07-19 07:21:29,"foto profil tidak bisa diganti, lewat menu ubah profil jg tidak bisa, mohon bisa diperbaiki",foto profil tidak bisa diganti lewat menu ubah profil jg tidak bisa mohon bisa diperbaiki
Titin Rinawati,1,2022-07-15 15:10:46,"susah jadi rakyat kecil, ingin naik bis ini demi menyenangkan anak, tapi gak bisa. gara2 gak bisa hp-an, apalagi pake aplikasi",susah jadi rakyat kecil ingin naik bis ini demi menyenangkan anak tapi gak bisa gara gak bisa hp an apalagi pake aplikasi
Ragenah Blaz,1,2022-07-15 14:43:24,"pernah saya tau ada seorang bapak dan 2 anaknya masih kecil ingin sekali naik bis mayapada yg bertingkat tsb. tapi bapak tsb gak bisa bayar karena gak punya aplikasi. lalu ada seorang pemuda menawarkan pembayaran melalui aplikasi yg ia miliki, akan tetapi tetep ditolak oleh si kondektur. akhirnya bapak dg 2 anak tadi dg terpaksa turun di halte berikutnya. pertanyaannya adalah bagaimana kacaunya perasaan 2anak tsb ?....",pernah saya tau ada seorang bapak dan anaknya masih kecil ingin sekali naik bis mayapada yg bertingkat tsb tapi bapak tsb gak bisa bayar karena gak punya aplikasi lalu ada seorang pemuda menawarkan pembayaran melalui aplikasi yg ia miliki akan tetapi tetep ditolak oleh si kondektur akhirnya bapak dg anak tadi dg terpaksa turun di halte berikutnya pertanyaannya adalah bagaimana kacaunya perasaan anak tsb
Rachman H,1,2022-07-10 03:30:21,"Pembayaran harus pakai e money, saya sudah masuk bus disuruh turun karena saldo shopepay kurang, padahal klo saya top up dengan cara transfer antar akun saya kasih lebih utk biaya top upnya dengan saya mau. Mohon petugas nya untuk pelayanan masyarakat dipermudah , jangan seperti robot tanpa toleransi. Tidak semua warga Surabaya maupun tamu kota Surabaya punya akun e money dan kalau pun punya akun e-money bisa juga saldo nya kurang, sekarang angkot sudah jarang sekali, tidak seperti dulu. Sekian",pembayaran harus pakai e money saya sudah masuk bus disuruh turun karena saldo shopepay kurang padahal klo saya top up dengan cara transfer antar akun saya kasih lebih utk biaya top upnya dengan saya mau mohon petugas nya untuk pelayanan masyarakat dipermudah jangan seperti robot tanpa toleransi tidak semua warga surabaya maupun tamu kota surabaya punya akun e money dan kalau pun punya akun e money bisa juga saldo nya kurang sekarang angkot sudah jarang sekali tidak seperti dulu sekian
Hizkia Sama,2,2022-07-04 15:28:48,"posisi bus tidak terdeteksi, bus nya berangkat gajelas tidak sesuai waktu yg ditentukan",posisi bus tidak terdeteksi bus nya berangkat gajelas tidak sesuai waktu yg ditentukan
Tito Bagaswara,5,2022-07-02 13:26:07,Sangat membantu sekali,sangat membantu sekali
Ambar Lia73,5,2022-06-29 18:02:41,Sangat membantu transportasi,sangat membantu transportasi
"Rianda Harendino, SH",5,2022-06-27 11:41:17,Mantap,mantap
Anggun Putri,1,2022-06-26 19:10:27,Kok saya bingung ya cara pakainya. Mau ke arah Mayjend takut nyasar,kok saya bingung ya cara pakainya mau ke arah mayjend takut nyasar
Ema Hadi,3,2022-06-26 17:31:28,"Kenapa saya tidak bisa login (error) padahal email & paswoord benar, terima kasih",kenapa saya tidak bisa login error padahal email paswoord benar terima kasih
Dommy Ambon,4,2022-06-16 17:13:32,Mantap,mantap
Nadif Putra,3,2022-06-13 07:56:57,"Sebaiknya rute UNESA-ITS dikasih posisi busnya Trans Semanggi daripada dibiarkan kosong begitu aja, biar ngga ribet install aplikasi 2",sebaiknya rute unesa its dikasih posisi busnya trans semanggi daripada dibiarkan kosong begitu aja biar ngga ribet install aplikasi
Jimmy Hateyong,5,2022-06-02 11:14:46,BUS Surabaya the Best👍🏻🙂,bus surabaya the best
Akhmad Miftakhul Ilmi,5,2022-05-31 10:55:41,Sangat membantu mahasiswa,sangat membantu mahasiswa
Aryasena Ridsi M,5,2022-05-29 13:03:03,"Pelayanan nya bagus, bisa naik tapi nukerin botol dlu di kecamatan yang ada di aplikasi ini. Mantap dah Surabaya",pelayanan nya bagus bisa naik tapi nukerin botol dlu di kecamatan yang ada di aplikasi ini mantap dah surabaya
Cassandro Octavianus,5,2022-05-27 14:02:21,Bagus,bagus
Heru Setiawan,5,2022-05-18 07:02:29,Cakep bgt,cakep bgt
Fahri Yain,1,2022-05-13 20:14:10,Time table mu ampas. Iki aplikasi arek magang seng ngga enek product manager e pasti.,time table mu ampas iki aplikasi arek magang seng ngga enek product manager e pasti
singgih abadi,5,2022-05-12 07:00:04,Alhamdulillah bagus,alhamdulillah bagus
Dhani Surya,4,2022-05-11 20:39:24,Bagus,bagus
Vonny Novelia,4,2022-05-09 23:11:58,Kalo bisa surabaya bis ini melewati taman wisata atau obyek wisata yg ada di surabaya,kalo bisa surabaya bis ini melewati taman wisata atau obyek wisata yg ada di surabaya
Atik Kasiati,5,2022-05-09 10:03:33,Apakah ada prioritas buat NAKES .Tq,apakah ada prioritas buat nakes tq
Dwi Sabilyanto,5,2022-05-08 20:24:49,"Dengan adanya suroboyo bis aku lebih mudah kemana saja ,apa lagi bekerja uang tranfot bisa aku tabungkan trakasih gobis suroboyo ,",dengan adanya suroboyo bis aku lebih mudah kemana saja apa lagi bekerja uang tranfot bisa aku tabungkan trakasih gobis suroboyo
Feeing Tjiang,5,2022-05-07 17:06:02,Sangat membantu saat posisi bis di mana .,sangat membantu saat posisi bis di mana
Erik Dinata,2,2022-05-06 10:39:37,pusing saya mencoba applikasinya.. tidak ada tombol search dari mana mau ke mana... jadi ntar tinggal di berikan masukan naik di halte mana dan turun di halte mana.. rutenya tidak jelas mau ke mana dulu contoh dari merr apakah itu ke its dulu atau langsung ke arah galaxy..,pusing saya mencoba applikasinya tidak ada tombol search dari mana mau ke mana jadi ntar tinggal di berikan masukan naik di halte mana dan turun di halte mana rutenya tidak jelas mau ke mana dulu contoh dari merr apakah itu ke its dulu atau langsung ke arah galaxy
Dwi Agung,5,2022-04-30 08:38:02,Ok,ok
Pengguna Google,5,2022-04-14 10:38:42,Tolong kasih tau saya gimana cara pakai nya?,tolong kasih tau saya gimana cara pakai nya
Erwin H,5,2022-04-02 18:06:56,Cara naik gobis suroboyo gimana ya,cara naik gobis suroboyo gimana ya
Nada Fisa,1,2022-03-20 12:04:02,Pelayanan tidak ramah,pelayanan tidak ramah
Deny Kurniawan,4,2022-03-13 13:25:02,"Maaf kenapa layanan Suroboyo bus rute unesa-its sdh tdk aktif kembali di apk gobis,,,dan layanan rute lidah wetan-kejawan putih trans Semanggi Suroboyo koq tdk ada di apk GOBIS, mohon tanggapan nya agar masyarakat tdk kecewa menggunakan transportasi umum Suroboyo bus program dri walikota Surabaya ibu Tri Rismaharini... terimakasih 🙏🏻🙏🏻🙏🏻",maaf kenapa layanan suroboyo bus rute unesa its sdh tdk aktif kembali di apk gobis dan layanan rute lidah wetan kejawan putih trans semanggi suroboyo koq tdk ada di apk gobis mohon tanggapan nya agar masyarakat tdk kecewa menggunakan transportasi umum suroboyo bus program dri walikota surabaya ibu tri rismaharini terimakasih
Ifa Sifana,5,2022-02-28 20:59:54,Mau tanya..?knp alplikasi ini kok gk biza dibuka.tlg gmn caranya,mau tanya knp alplikasi ini kok gk biza dibuka tlg gmn caranya
Intan Nurmalita Sari,4,2022-02-28 10:19:49,Keren,keren
ach Saechan,5,2022-02-27 09:25:17,Oke,oke
Abdul Hamid Fahmi,2,2022-02-21 02:16:15,Tidak bisa daftar menber,tidak bisa daftar menber
Bluerose hartini,5,2022-02-13 13:45:30,Alhamdulillah .... Akun aktif ..go bus asyiikkk😘🌹❤️,alhamdulillah akun aktif go bus asyiikkk
Putera Herlambang,5,2022-02-11 10:23:35,Ok,ok
Nasib Manurung,1,2022-02-10 11:14:52,Saya kasih bintang 1 download aplikasi sulit mutermuter tok,saya kasih bintang download aplikasi sulit mutermuter tok
Saideh,1,2022-02-09 21:08:52,"Dibandingkan dg Jakarta, transpor Surabaya menurutku masih kurang. Rute bus-nya jg kurang menjangkau semua daerah Surabaya dan sekitarnya. klo bisa rutenya ditambah sampe ampel, Disitu lumayan padat. Orang2 pulang pergi dari dan ke ampel. Trus jg tiket naiknya lumayan mahal dan tdk terjangkau",dibandingkan dg jakarta transpor surabaya menurutku masih kurang rute bus nya jg kurang menjangkau semua daerah surabaya dan sekitarnya klo bisa rutenya ditambah sampe ampel disitu lumayan padat orang pulang pergi dari dan ke ampel trus jg tiket naiknya lumayan mahal dan tdk terjangkau
Ari Priambodo,3,2022-02-08 11:15:35,"Untuk koridor unesa -its kenapa cm muncul rutenya aj, ga ada bus yg jalan?",untuk koridor unesa its kenapa cm muncul rutenya aj ga ada bus yg jalan
Rizki Agustina,2,2022-02-06 12:02:41,Kok aku login pakai email enggak bisa ya? Selalu tulisannya password atau alamat email salah padahal email dan password ku sudah betul,kok aku login pakai email enggak bisa ya selalu tulisannya password atau alamat email salah padahal email dan password ku sudah betul
Ilham Lanang,5,2022-02-03 21:02:48,mantap tingkatkan pelayanan,mantap tingkatkan pelayanan
04 Amizala Mutiara Shafira,2,2022-02-03 12:18:15,Tidak ada rute Unesa-its ksihan pelajar yang lagi kesusahan transport,tidak ada rute unesa its ksihan pelajar yang lagi kesusahan transport
Retno Widasari,5,2022-02-02 16:23:37,Sy beri bintang 4 karna sy nilai sangat bagus transportasi buat surabaya tp tolong d perhatikan lagi untuk pembayaran krn g semua org pnya aplikasi m-banking ato hp yg muat qris klo bisa semua helper d beri saldo masing2 untuk org2 yg g pnya fasilitas m-banking dn lain'y jadi kita mudah untk pergi menggunakan transportasi bus suroboyo trima kasih,sy beri bintang karna sy nilai sangat bagus transportasi buat surabaya tp tolong d perhatikan lagi untuk pembayaran krn g semua org pnya aplikasi m banking ato hp yg muat qris klo bisa semua helper d beri saldo masing untuk org yg g pnya fasilitas m banking dn lain y jadi kita mudah untk pergi menggunakan transportasi bus suroboyo trima kasih
Siti Nurjanah,3,2022-01-31 21:49:38,Saya mau daftar tapi foto tidak bisa di up ada yang tau caranya,saya mau daftar tapi foto tidak bisa di up ada yang tau caranya
Ratna Indraswari,5,2022-01-31 18:14:08,"Bagus banget, bisa jadi contoh angkutan buat kota lain. Saya bukan warga Surabaya, jadi masih belum hafal jalan. Tolong untuk tempat wisata atau tempat-tempat penting dikasih penanda di map perjalanan bus nya. Selain itu rute keseluruhan bus bisa dicantumkan sehingga kita tau harus berganti bus di daerah mana aja. Terima kasih Suroboyo Bus..sudah memberi kesan perjalanan saya di kota Surabaya 😊",bagus banget bisa jadi contoh angkutan buat kota lain saya bukan warga surabaya jadi masih belum hafal jalan tolong untuk tempat wisata atau tempat tempat penting dikasih penanda di map perjalanan bus nya selain itu rute keseluruhan bus bisa dicantumkan sehingga kita tau harus berganti bus di daerah mana aja terima kasih suroboyo bus sudah memberi kesan perjalanan saya di kota surabaya
PRASETYO SAKSONO,1,2022-01-30 08:54:57,Voucher tukar botol tukar dimana? Opo yo dibuang saja? Gak onok kompensasi?,voucher tukar botol tukar dimana opo yo dibuang saja gak onok kompensasi
Kim rosshelia,2,2022-01-29 19:19:06,"aplikasi yang sangat membantu, sudah dari lama naik bis suroboyo dan menggunakan app ini, saran saya sebaiknya menambahkan fitur chat dengan customer service. jadi jika ada berita update, dan kurang jelas bisa ditanyakan langsung :) (edit 7:18 pm 29/1/2022) kesel banget pengen nangis, saya menulis ini saat pulang kerja, sudah lihat ada orang tetapi bis SB26 tidak berhenti (alias hanya memperlambat laju) langsung pergi. dan juga berhenti tidak tepat di haltenya, sangat kecewa.",aplikasi yang sangat membantu sudah dari lama naik bis suroboyo dan menggunakan app ini saran saya sebaiknya menambahkan fitur chat dengan customer service jadi jika ada berita update dan kurang jelas bisa ditanyakan langsung edit pm kesel banget pengen nangis saya menulis ini saat pulang kerja sudah lihat ada orang tetapi bis sb tidak berhenti alias hanya memperlambat laju langsung pergi dan juga berhenti tidak tepat di haltenya sangat kecewa
Fatir Hamid,5,2022-01-28 09:54:54,Memuaskan pelayanan nya,memuaskan pelayanan nya
Mochamad Halim,5,2022-01-24 12:34:48,Gobis sangat membantu,gobis sangat membantu
Ahmad Heri,5,2022-01-23 20:14:03,"Yang penting gps bisa diakses penumpang.,...",yang penting gps bisa diakses penumpang
Michael Fernanda Oktavianus Santos,5,2022-01-11 05:42:28,Nice aplikasinya surabaya. 😁😁,nice aplikasinya surabaya
Sahrul MS,4,2021-12-30 14:41:18,Sangat membantu,sangat membantu
Ita Novida,5,2021-12-30 14:26:52,Memudahkan utk transaksi tiket Bis,memudahkan utk transaksi tiket bis
Budi S Iriyanto,4,2021-12-27 07:19:00,Bagaimana cara serta prosedur agar kami bisa berpartisipasi dalam UMKM pada aplikasi GOBIS Suroboyo ini,bagaimana cara serta prosedur agar kami bisa berpartisipasi dalam umkm pada aplikasi gobis suroboyo ini
Arsya Seandy,5,2021-12-23 19:16:25,Aplikasi terbaik 👍👍,aplikasi terbaik
hari susanto,1,2021-12-19 11:49:47,Daftar berkali-kali selalu dapat notifikasi error,daftar berkali kali selalu dapat notifikasi error
Rara Cangs?,5,2021-12-19 10:15:30,Dengan aplikasi ini saya bisa menggunakanya dengan baik,dengan aplikasi ini saya bisa menggunakanya dengan baik
Stefanny Anesia,5,2021-12-16 05:53:01,Kenapa saya skrg gak bisa lihat pergerakan bus nya ya Setiap kali tnya petugas ktnya mslah jaringan Tetapi ibu2 di samping saya msh bisa lihat Knp hny saya saja yg g bsa lihat busny,kenapa saya skrg gak bisa lihat pergerakan bus nya ya setiap kali tnya petugas ktnya mslah jaringan tetapi ibu di samping saya msh bisa lihat knp hny saya saja yg g bsa lihat busny
Abd. Rohman,1,2021-12-13 01:43:11,"Min, rute nya bisa gak ditambah di Surabaya Utara. Kok hanya sampe rajawali",min rute nya bisa gak ditambah di surabaya utara kok hanya sampe rajawali
K45e. 0k_,2,2021-12-12 11:59:17,Ga asyik SB 19 udah ditungguin di tempat pemberhentian bus malah pintu bisnya ga dibuka trs ditinggal..ditriakin ga berhenti,ga asyik sb udah ditungguin di tempat pemberhentian bus malah pintu bisnya ga dibuka trs ditinggal ditriakin ga berhenti
Jobfair Update,5,2021-12-07 06:43:01,Menyenangkan,menyenangkan
Rudy Miyanto Politisi Indonesia,5,2021-11-28 19:12:18,"Sangat BerSyukur karena dengan ada nya Bus Suroboyo yg di gagas sewaktu Ibu Walikota Bu Risma, Sekarang Menjadi lebih Fleksibel di Walikota Eri Cahyadi Dan Sangat Membantu Masyarakat Kota Surabaya. Mari kita Budayakan Naik Bus, Tips Hemat, dan Ga Capek2 Tips Mengurangi Kemacetan Tips Mengurangi Polusi Sukses Selalu Kotaku Suroboyo Rekkkkk!!!... #RM9",sangat bersyukur karena dengan ada nya bus suroboyo yg di gagas sewaktu ibu walikota bu risma sekarang menjadi lebih fleksibel di walikota eri cahyadi dan sangat membantu masyarakat kota surabaya mari kita budayakan naik bus tips hemat dan ga capek tips mengurangi kemacetan tips mengurangi polusi sukses selalu kotaku suroboyo rekkkkk rm
Muchamad rofii rofii,1,2021-11-24 08:48:00,Soalnya bagus biar tidak membawa botol plastik,soalnya bagus biar tidak membawa botol plastik
Heru Hermanto,5,2021-11-22 13:53:07,transportasi yg sangat nyaman membantu masyarakat,transportasi yg sangat nyaman membantu masyarakat
Sabrina sabiliya,4,2021-11-21 13:53:51,"Masih kurang deskripsi tentang tempat2 wisata religi,kulier dan museum di sby",masih kurang deskripsi tentang tempat wisata religi kulier dan museum di sby
Moomoo _god,3,2021-11-09 13:12:34,"Gw nunggu di halte tapi malah dilewatin doang, malah berhenti gk sesuai di haltenya. Mana lagi bus nya dikit jauh"" nunggu lama..",gw nunggu di halte tapi malah dilewatin doang malah berhenti gk sesuai di haltenya mana lagi bus nya dikit jauh nunggu lama
Princess Gloria,5,2021-10-29 08:52:47,"Sangat senang adanya suroboyobus ini...jdi bisa sering jalan"" sma anakku💜",sangat senang adanya suroboyobus ini jdi bisa sering jalan sma anakku
faiz zulfa,2,2021-10-27 08:12:19,"Sebenarnya aplikasinya lumayan membantu, tapi untuk mengatur profil member sangat susah, untuk memulihkan akun jika lupa password juga tidak ada. Mohon segera diperbaiki yaa",sebenarnya aplikasinya lumayan membantu tapi untuk mengatur profil member sangat susah untuk memulihkan akun jika lupa password juga tidak ada mohon segera diperbaiki yaa
Dwi Agung,4,2021-10-21 13:29:37,Ok,ok
Nur Tsuroyah,1,2021-10-19 09:15:08,Susah masuknya. Sampai daftar email dua kali. Sama saja gak bisa. Walaupun sudah masukkan kode,susah masuknya sampai daftar email dua kali sama saja gak bisa walaupun sudah masukkan kode
Tjatur Sutanto,1,2021-10-17 15:56:53,"Belum ada pembetulan tempat yang hari Minggu nya libur, terus jam efektif nya juga salah harus nya diatur lebih efektif dan benar.",belum ada pembetulan tempat yang hari minggu nya libur terus jam efektif nya juga salah harus nya diatur lebih efektif dan benar
Raditya Eka Novrianto,5,2021-10-10 14:20:23,Aplikasi yang berguna,aplikasi yang berguna
wito kancil,5,2021-10-05 22:00:06,Sangat mbantu,sangat mbantu
Hatta Rajasa,1,2021-09-21 10:44:59,Gimana sih min.. Sampe ganti email bolak balik ttep gk bisa daftar jadi member..,gimana sih min sampe ganti email bolak balik ttep gk bisa daftar jadi member
Rinda Mega Lavita,5,2021-09-19 00:51:39,Yukk,yukk
Ariez Ilectrik,1,2021-09-16 03:14:27,Saya berharap ada fitur untuk mengganti alamat email.,saya berharap ada fitur untuk mengganti alamat email
putri perdani,2,2021-09-15 18:11:12,Sering error dan posisi bus tdk tepat😭,sering error dan posisi bus tdk tepat
Marwa Aliya chanel,5,2021-09-12 15:22:19,"Ok banget sangat membantu sekali,,,",ok banget sangat membantu sekali
Luciana Sarijowan,5,2021-09-05 21:43:02,Service nya lumayan baik kebersihan jga terjaga dan amat bersih MANTAP POKOK eeee Rekkkkk👍👍👍,service nya lumayan baik kebersihan jga terjaga dan amat bersih mantap pokok eeee rekkkkk
Aida Novitasari,5,2021-09-03 06:23:58,Service sangat baik,service sangat baik
Hartono Hartono,5,2021-09-01 17:21:02,Ok,ok
SUKI Channel,5,2021-09-01 13:56:01,sangat recommended deh buat perjalanan saya ke Surabaya,sangat recommended deh buat perjalanan saya ke surabaya
L41LY D1Y4h,5,2021-08-31 12:52:46,Membantu,membantu
Indi Bakhtiar,5,2021-08-30 21:22:27,"Halo kak saya mau nanya, saya ingin coba naik, pembayaran nya apa bisa pakai tunai ya selain pakai botol? Soalnya di rumah ga ada botol bekas",halo kak saya mau nanya saya ingin coba naik pembayaran nya apa bisa pakai tunai ya selain pakai botol soalnya di rumah ga ada botol bekas
Susi Yanti,5,2021-08-28 12:08:16,Nyaman bersih bis nya pokok e enak dech.Dan sangat terbantu sekali .mksh srby bis,nyaman bersih bis nya pokok e enak dech dan sangat terbantu sekali mksh srby bis
liza bahri,4,2021-08-27 17:13:52,"Sangat membantu. Diaplikasi perlu dinformasikan maks jml penumpang yang bisa naik/terangkut, apabila 0 (nol) maka calon penumpang bisa mencari angkutan alternatif lainnya. Tidak menunggu lama, karena yang ditunggu ternyata ""zonk"" kasihan. Terutama kalau ketemu calon penumpang berusia lanjut, gk bawa hp/hp jadul. Semoga menjadi perhatian pemangku kebijakan, terima kasih.",sangat membantu diaplikasi perlu dinformasikan maks jml penumpang yang bisa naik terangkut apabila nol maka calon penumpang bisa mencari angkutan alternatif lainnya tidak menunggu lama karena yang ditunggu ternyata zonk kasihan terutama kalau ketemu calon penumpang berusia lanjut gk bawa hp hp jadul semoga menjadi perhatian pemangku kebijakan terima kasih
Hafidz Ramadhan,5,2021-08-26 13:56:04,"Aplikasi secara fungsional sangat baik, namun saran untuk mengembangkan UI/UX nya lagi, biar user betah dalam menggunakan aplikasi",aplikasi secara fungsional sangat baik namun saran untuk mengembangkan ui ux nya lagi biar user betah dalam menggunakan aplikasi
HUSNA SISWANDRIYO,5,2021-08-24 18:38:01,"selalu membantu keberadaan bus dimana,",selalu membantu keberadaan bus dimana
Budi Tjahjadi,5,2021-08-24 08:18:03,Tdk perlu menunggu terlalu lama kecuali klo tdk bisa naik krn sdh penuh,tdk perlu menunggu terlalu lama kecuali klo tdk bisa naik krn sdh penuh
Achmada Fiqri A Rasyad,1,2021-08-23 13:49:02,"Mau Regis nda bisa, bad UI/UX, waktu daftar password nya ga dikasih secure field text, seharusnya kalo mau bisa diseen bisa dikasih fiturnya. Peletakan petaknya juga MasyaAllah sekali min :( banyak loh orang Surabaya yg kompeten",mau regis nda bisa bad ui ux waktu daftar password nya ga dikasih secure field text seharusnya kalo mau bisa diseen bisa dikasih fiturnya peletakan petaknya juga masyaallah sekali min banyak loh orang surabaya yg kompeten
Ferry Cool,5,2021-08-16 09:58:10,Bagus,bagus
juma'ari romadhoni,1,2021-08-14 16:46:29,Burukkkk,burukkkk
Putrigafa Gafaputri,4,2021-07-18 06:51:36,"Kenapa ya ko aplikasi bus ya tidak bisa dilihat rute bus ya ada dimana ,sudah bolak balik di cek tetep tidak kelihatan rute bus ya ada dimana .mohon dibantu",kenapa ya ko aplikasi bus ya tidak bisa dilihat rute bus ya ada dimana sudah bolak balik di cek tetep tidak kelihatan rute bus ya ada dimana mohon dibantu
Sekar Manies,5,2021-07-14 08:40:39,👍☺️,
ARKA,5,2021-06-30 17:40:23,Suka sekali bisa keliling surabaya... yeayyyyy. Makasih,suka sekali bisa keliling surabaya yeayyyyy makasih
Niti Syachrenggo,5,2021-06-28 06:35:51,Ok,ok
Irene Wulansari,5,2021-06-24 18:52:22,Mau coba naik angkutan umum,mau coba naik angkutan umum
Yanuar Islafudin,3,2021-06-20 06:24:42,"Min tolong perbaiki login saya dong, saya belum dapat email masuk verifikasi data akun nih",min tolong perbaiki login saya dong saya belum dapat email masuk verifikasi data akun nih
Meutya Rizky Putri I,3,2021-06-15 23:18:35,Kenapa saat saya ingin mengubah profil tdk bisa malah muncul 'password lama harus di isi panjang minimal 6 karakter!' Begitu saya udh ganti2 password trs tp masih gk bisa tolong untuk solusinya🙏,kenapa saat saya ingin mengubah profil tdk bisa malah muncul password lama harus di isi panjang minimal karakter begitu saya udh ganti password trs tp masih gk bisa tolong untuk solusinya
Nickma Aza,5,2021-06-08 09:54:18,Gpsnya kadang gak tepat,gpsnya kadang gak tepat
Abraham,3,2021-06-06 13:58:35,Timetable bagus. Sayang sejak update tsb jadi gabisa digeser kanan kiri. diperbaikin ya,timetable bagus sayang sejak update tsb jadi gabisa digeser kanan kiri diperbaikin ya
John Katamsy,4,2021-06-02 17:41:49,"Mungkin bisa di kasih keterangan bus dalam posisi full atau masih bisa nampung penumpang , makin tambah Joss aplikasi ini .",mungkin bisa di kasih keterangan bus dalam posisi full atau masih bisa nampung penumpang makin tambah joss aplikasi ini
Eko Christy,5,2021-05-09 18:58:20,Samsung Gift Indonesia Memang Hebat dan Cerdas..😊👍,samsung gift indonesia memang hebat dan cerdas
tony iskandar,5,2021-05-04 08:13:25,"pelayanan cukup baik, bus nyaman dan bersih",pelayanan cukup baik bus nyaman dan bersih
mlaku mlaku,5,2021-05-04 06:34:08,"Senengnya bisa tracking posisi bus, dan bisa digunakan untuk menyimpan poin tukar botolx",senengnya bisa tracking posisi bus dan bisa digunakan untuk menyimpan poin tukar botolx
Nadiyah Suryatini,5,2021-04-15 08:50:08,Bus terbaikk 😍😘,bus terbaikk
Christiawan Banu,5,2021-04-12 16:37:00,Sangat membantu..,sangat membantu
Hatimah Nizi,1,2021-04-11 13:59:04,"Daftarnya kok ribet ya, katanya akun error' lah, sdh terdaftar pakai akun lain lah, password salah lah, trus maunya gimana sih kok sangat ribet, apalagi botol sdh masuk 15 point angus nih, tolong dishub jgn mempersulit masyarakat dong, sdh pakai stamp kayak kemarin saja, bikin ribet aja😡😡😡",daftarnya kok ribet ya katanya akun error lah sdh terdaftar pakai akun lain lah password salah lah trus maunya gimana sih kok sangat ribet apalagi botol sdh masuk point angus nih tolong dishub jgn mempersulit masyarakat dong sdh pakai stamp kayak kemarin saja bikin ribet aja
Agus Wibowo,5,2021-04-08 18:48:27,Baik untuk umum,baik untuk umum
M. Fahmi Ashari,4,2021-04-05 19:16:45,Good,good
خليفة صحبي,3,2021-03-17 19:20:27,"Kenapa ketika daftar kok loadingnya lama. Habia itu aku refres, daftar lagi tulisnnya ""akun anda telah terdaftar"", namun ketika login kok ngga bisa ?",kenapa ketika daftar kok loadingnya lama habia itu aku refres daftar lagi tulisnnya akun anda telah terdaftar namun ketika login kok ngga bisa
rachoriz,1,2021-03-01 17:43:18,Terlalu lama menunggu dan menunggu.. perjalanan juga sangat lama bus sangat sedikit.,terlalu lama menunggu dan menunggu perjalanan juga sangat lama bus sangat sedikit
Adhi Mardiyono,5,2021-03-01 12:19:04,"Perfect banget Suroboyo bis ini. Gratis, bayar pake sampah plastik, dan nyaman puooolll.. Aku selalu pulang pergi kerja naik bis ini. Semoga semakin banyak rute yg dijangkau, bahkan bisa menjangkau lyn / angkot suroboyo juga, utk perbaikan nasib para supir angkot. Dan karyawan suroboyo bis semoga selalu dilimpahkan rejeki dan kesehatan. Amiiiinnn. Saran, ke depan bisa bayar pakai linkaja atau ovo",perfect banget suroboyo bis ini gratis bayar pake sampah plastik dan nyaman puooolll aku selalu pulang pergi kerja naik bis ini semoga semakin banyak rute yg dijangkau bahkan bisa menjangkau lyn angkot suroboyo juga utk perbaikan nasib para supir angkot dan karyawan suroboyo bis semoga selalu dilimpahkan rejeki dan kesehatan amiiiinnn saran ke depan bisa bayar pakai linkaja atau ovo
Moch Faris,5,2021-02-28 11:37:33,"Sebenarnya belum mencoba armadanya, tetapi aku kepingin banget naik, tapi bingung cara tukar botolku yang lagi numpuk dikantor kerja aku dan dirumah 🙂",sebenarnya belum mencoba armadanya tetapi aku kepingin banget naik tapi bingung cara tukar botolku yang lagi numpuk dikantor kerja aku dan dirumah
siti ibdaik,5,2021-02-14 09:32:40,Gobis suroboyo,gobis suroboyo
Roy Malonda,5,2021-02-09 20:34:10,Good,good
erlinda official,4,2021-02-02 16:51:53,Kenapa d aplikasi tdk kelihatan busnya,kenapa d aplikasi tdk kelihatan busnya
Sumarni Sumarni,5,2021-01-26 18:37:07,"Membantu banget naik gobis,nyaman dan bersih",membantu banget naik gobis nyaman dan bersih
IWANNAWIWANI,5,2021-01-15 03:51:29,Terbaik,terbaik
Ya Ya,1,2021-01-07 18:35:50,Pelayanannya sangat mengecewakan! Sopir mengomel pula. Padahal saya sudah bilang berhenti. Saya dari arah halte rajawali mau berhenti di halte dekat pemkot! Huh!,pelayanannya sangat mengecewakan sopir mengomel pula padahal saya sudah bilang berhenti saya dari arah halte rajawali mau berhenti di halte dekat pemkot huh
Patima azzahra,3,2021-01-03 11:13:36,Maaf saya kasih bintang 3 soalnya tidak bisa diaktifkan,maaf saya kasih bintang soalnya tidak bisa diaktifkan
Emir Rizal Firdaus,1,2020-12-27 15:48:27,Tolong bayar nya pakai e money saja,tolong bayar nya pakai e money saja
Kaper Utri,1,2020-11-30 13:09:34,"Tolong2...tolong tdk mncul point nya & app eror😩. Katanya srh online jadi mmber saat penukaran botol, malu dan gak enak aku sama petugas cecking tiket. En ribet juga. Lekas perbaiki ndan...",tolong tolong tdk mncul point nya app eror katanya srh online jadi mmber saat penukaran botol malu dan gak enak aku sama petugas cecking tiket en ribet juga lekas perbaiki ndan
Raras Weda Sari,1,2020-11-22 16:00:14,"Hari ini saya sudah berkali kali ngantri gak bisa naik, katanya petugasnya busnya penuh di bus belakang kosong. Saya tunggu bus di belakang. Bus belakang sampai, bilangnya juga penuh dia bilang bus belakang kosong eh nyatanya penuh terus, padahal w udah pake scan halte, nyatanya kagak fungsi, eh pas petugasnya bilang penuh, ada yang pamer donk lambai lambaiin tiket masuknya ak. I just want to go home !. Dah lagi pas udah dapet bus buat pulang eh petugasnya maskernya dicantolin dileher donk",hari ini saya sudah berkali kali ngantri gak bisa naik katanya petugasnya busnya penuh di bus belakang kosong saya tunggu bus di belakang bus belakang sampai bilangnya juga penuh dia bilang bus belakang kosong eh nyatanya penuh terus padahal w udah pake scan halte nyatanya kagak fungsi eh pas petugasnya bilang penuh ada yang pamer donk lambai lambaiin tiket masuknya ak i just want to go home dah lagi pas udah dapet bus buat pulang eh petugasnya maskernya dicantolin dileher donk
Muhammad Rahul Rizki Syuhada Annur Umasugi,5,2020-11-19 22:41:49,Tolong Dong Kakak/Mbak Developer Untuk Informasi Jam Operasi Bis Dipasng/DiInformasikan Diaplikasi,tolong dong kakak mbak developer untuk informasi jam operasi bis dipasng diinformasikan diaplikasi
Siti Isminarsih,1,2020-11-17 12:01:30,Scan menunggu di halte ga fungsi. Minta tolong konsisten 20 menit bus datang jgn kebiasaan ngetem!! Budhal 10.30 teko halte Embong Malang sampe halte Darmo park 2 jam 12 lebih!! Iki bis piknik gawe wisata opo bis suroboyo??,scan menunggu di halte ga fungsi minta tolong konsisten menit bus datang jgn kebiasaan ngetem budhal teko halte embong malang sampe halte darmo park jam lebih iki bis piknik gawe wisata opo bis suroboyo
Yuliansyah Pratama Putra,1,2020-11-17 10:31:43,"katanya email di sugnup secara manual, tapi belum di daftar2 kan. lamaaa. perbaikilah Appsnya",katanya email di sugnup secara manual tapi belum di daftar kan lamaaa perbaikilah appsnya
Tati C,5,2020-11-16 18:50:32,Apik pol,apik pol
Hohoh Hoho,1,2020-11-09 09:59:15,"Itu yang pengatur suhu nya sudah rusak tolong di ganti kok bisa bisa nya pas ngecek ngomong nya suhu nya tinggi padahal tidak saya sampai ngecek di tempat lain itu mereka suhu saya tinggi, gimana sih itu kalian alat suhu rusak gitu masih di pakai",itu yang pengatur suhu nya sudah rusak tolong di ganti kok bisa bisa nya pas ngecek ngomong nya suhu nya tinggi padahal tidak saya sampai ngecek di tempat lain itu mereka suhu saya tinggi gimana sih itu kalian alat suhu rusak gitu masih di pakai
Kumala Arditia,5,2020-11-01 13:09:16,Mantul,mantul
Arka YT,5,2020-11-01 10:02:33,Mantap bang jago,mantap bang jago
BAKSO RAJA SURABAYA,5,2020-10-27 15:48:01,Bermanfaat,bermanfaat
Rosa Christina,1,2020-10-25 15:54:11,"Tolong dong diperbaiki sistem yg bikin membernya ... udh 2x daftar gk bisa2 ... yg pertama loading trus, begitu kita masuk katanya akun sudah terdaftar tp login gk bisa ...... bikin pake akun baru juga gk bisa !! Gmn sih . Niatnya mau mempermudah malah mempersulit begini 🤦‍♀️🤦‍♀️🤦‍♀️🤦‍♀️🤦‍♀️ gk berkembang2 dah sistem member ini",tolong dong diperbaiki sistem yg bikin membernya udh x daftar gk bisa yg pertama loading trus begitu kita masuk katanya akun sudah terdaftar tp login gk bisa bikin pake akun baru juga gk bisa gmn sih niatnya mau mempermudah malah mempersulit begini gk berkembang dah sistem member ini
MOEKHAMMAD NOVI P.,5,2020-10-24 17:28:50,good geprek 7000,good geprek
Aal,5,2020-10-24 14:38:35,Bagus kerene juga Apknya,bagus kerene juga apknya
Rosiana Kawidjaja,5,2020-10-15 06:55:49,Ok lah y,ok lah y
Uky Purba,5,2020-10-11 12:54:52,Berasa naik bus di luar negeri,berasa naik bus di luar negeri
Zetawati Zetawati,5,2020-10-06 18:59:54,Busnya nyaman Sangat membantu sekali bagi para pekerja Sukses selalu surabaya bus,busnya nyaman sangat membantu sekali bagi para pekerja sukses selalu surabaya bus
cakdol,5,2020-09-24 13:42:34,Siip,siip
Nana Chan,1,2020-09-17 16:47:24,Pake IM3 icon bis gak muncul nih..bisa minta tolong diperbaiki?,pake im icon bis gak muncul nih bisa minta tolong diperbaiki
Anggie Ariani,3,2020-09-17 07:02:01,"Sering tidak bisa melihat posisi bus, padahal jaringan saya bagus",sering tidak bisa melihat posisi bus padahal jaringan saya bagus
Bilqis Zuhriyah,3,2020-09-13 10:59:09,Sering eror gak muncul rute nya sampe mana. DM ke IG nya bilang sinyal saya. Aneh. Pdhl kuota saya 4G 50GB,sering eror gak muncul rute nya sampe mana dm ke ig nya bilang sinyal saya aneh pdhl kuota saya g gb
Dhini Rusti,3,2020-09-12 20:22:27,"Go bis sangat membantu banget, bersih & nyaman. Sdh 2 th sy terbantu dgn gobis. Cm 1 bulan t'akhir apk nya tdk bs sy akses pke jaringan inet saya. Sdh sy uninstall.& install.ulang ber kali2 tetep saja. Sy bisa lihat posisi armada klo pke jaringan wifi. Apk yg lain tdk ada masalh, cm go bis aja yg tdk bisa. Sy tanya ke provider jg blm.bisa dipake",go bis sangat membantu banget bersih nyaman sdh th sy terbantu dgn gobis cm bulan t akhir apk nya tdk bs sy akses pke jaringan inet saya sdh sy uninstall install ulang ber kali tetep saja sy bisa lihat posisi armada klo pke jaringan wifi apk yg lain tdk ada masalh cm go bis aja yg tdk bisa sy tanya ke provider jg blm bisa dipake
Annaurah Barier,2,2020-09-05 07:33:58,Ngecek sering gak bisa keliatan / gak keluar posisi bes nya. Padahal Kuota penuh.,ngecek sering gak bisa keliatan gak keluar posisi bes nya padahal kuota penuh
Rony Eko Soetijawan,3,2020-08-26 16:35:54,"Terkadang Gbr Bus pada Rute, tidak terlihat...",terkadang gbr bus pada rute tidak terlihat
Alwinda Priska,5,2020-08-26 05:27:08,Aplikasinya apakah sedang dalama perbaruan? Karena 2 hari ini aplikasi saya tidak bisa dipakai,aplikasinya apakah sedang dalama perbaruan karena hari ini aplikasi saya tidak bisa dipakai
Tatan Putra,5,2020-08-25 08:56:29,Sangat akurat,sangat akurat
muhayatibintithowil thowil,5,2020-08-23 11:55:11,"Seru bgt naik bis ini, nyaman juga, mungkin kedepannya bisa dibuatkan rute ke tempat2 wisata, seperti Suramadu, hutan mangrove, Kenjeran biar lebih enak terimakasih",seru bgt naik bis ini nyaman juga mungkin kedepannya bisa dibuatkan rute ke tempat wisata seperti suramadu hutan mangrove kenjeran biar lebih enak terimakasih
Liem,5,2020-08-22 16:59:49,Aplikasinya menarik dan berfungsi. Sangat membantu bagi orang2 yg naik kendaraan umum,aplikasinya menarik dan berfungsi sangat membantu bagi orang yg naik kendaraan umum
Ronald Kurniawan,4,2020-08-19 21:19:23,"Bus nyaman, bersih dan aman.. mohon untuk armada bus di tambah jalur unesa smpai ITS. Halte untuk menunggu hrs nyaman ada tempat duduk dan penutup supaya tdk panas",bus nyaman bersih dan aman mohon untuk armada bus di tambah jalur unesa smpai its halte untuk menunggu hrs nyaman ada tempat duduk dan penutup supaya tdk panas
WINDU KURNIASARI,5,2020-08-17 09:15:22,"I'M REALLY TO LOVE ""SUROBOYO BUS"", Because THE BEST",i m really to love suroboyo bus because the best
Sujarwo 2017,4,2020-08-15 06:20:04,Baik,baik
Septhika Wulan,5,2020-08-13 14:55:15,"Aplikasi yg sangat membantu, semoga busnya bisa bertambah, Terimakasih bu risma",aplikasi yg sangat membantu semoga busnya bisa bertambah terimakasih bu risma
Ruruu,3,2020-08-12 15:26:50,Bu risma kalau bisa rutenya di tambah lebih banyak biar kyk d korea bu enak sudah halte bis sudah bisa mencakup hampir smua wilayah.,bu risma kalau bisa rutenya di tambah lebih banyak biar kyk d korea bu enak sudah halte bis sudah bisa mencakup hampir smua wilayah
Little Bee,1,2020-08-12 08:11:27,"Pelayanan lambat, berhenti katajya cuna 20 menit bisa setengaj jam, ditengah jalan malah ngetem beli makan keindomaret 😌 katanya melayani masyarakat kok ya malah merugikan",pelayanan lambat berhenti katajya cuna menit bisa setengaj jam ditengah jalan malah ngetem beli makan keindomaret katanya melayani masyarakat kok ya malah merugikan
MAK Nyak,5,2020-08-04 14:40:03,"Bus Surabaya itu bersih,nyaman,AC nya adem Pokok e the best lah",bus surabaya itu bersih nyaman ac nya adem pokok e the best lah
Agnesda Rizky,1,2020-08-02 14:37:36,Mentang2 bayar botol pelayanan e koyok telek ga enak blas ....,mentang bayar botol pelayanan e koyok telek ga enak blas
Aria Dingga Prehat Dhany,5,2020-08-01 00:31:17,Belum ada kesempatan naik. Semoga segera,belum ada kesempatan naik semoga segera
Satria fajar Saputra,1,2020-07-11 17:34:44,Tidak bisa di pencet,tidak bisa di pencet
mohamatarif subowo,3,2020-07-09 16:54:28,"Mungkin selain Suroboyo bus, bisa adakan Suroboyo ojek, taxi, angkot, dan bus kota. Bisa menggandeng ojek online dan taxi online yang udah ada. Dan dibuatkan aplikasi untuk sopir angkot dan bus kota, sehingga bisa jadi win-win solution dalam kondisi ojek online, taxi online, angkot, dan bus kota yang relatif sepi. Mungkin bisa dibuatkan untuk becak juga. Jadi, botol dan gelas plastiknya ditukar saldo yang bisa digunakan untuk transportasi online, belanja online, dan berbagai transaksi lainnya.",mungkin selain suroboyo bus bisa adakan suroboyo ojek taxi angkot dan bus kota bisa menggandeng ojek online dan taxi online yang udah ada dan dibuatkan aplikasi untuk sopir angkot dan bus kota sehingga bisa jadi win win solution dalam kondisi ojek online taxi online angkot dan bus kota yang relatif sepi mungkin bisa dibuatkan untuk becak juga jadi botol dan gelas plastiknya ditukar saldo yang bisa digunakan untuk transportasi online belanja online dan berbagai transaksi lainnya
Sugeng Harsono,5,2020-07-03 09:10:22,Soroboyo bus Soroboyo bus Soroboyo bus,soroboyo bus soroboyo bus soroboyo bus
tikno',3,2020-06-26 07:22:08,"Bagus, dan yg penting bisa memonitor pergerakan bus nya. Utk armadanya masih kurang. Sehingga waktu tunggu masih kelamaan.",bagus dan yg penting bisa memonitor pergerakan bus nya utk armadanya masih kurang sehingga waktu tunggu masih kelamaan
Haris Channel,1,2020-06-25 10:10:32,"Selama pandemi covid 19, saya masih sering naik suroboyo bus dan tidak pernah ditanya ada tujuan apa, lenapa sekarang di tanya dan di turunkan tdak sesuai tujuan saya, dan beri peringatan "" lain kali jangan jalan2"" kenapa kalo saya jalan2, emang salah kalo saya jalan2 di tempat tujuan saya",selama pandemi covid saya masih sering naik suroboyo bus dan tidak pernah ditanya ada tujuan apa lenapa sekarang di tanya dan di turunkan tdak sesuai tujuan saya dan beri peringatan lain kali jangan jalan kenapa kalo saya jalan emang salah kalo saya jalan di tempat tujuan saya
cakra negara,2,2020-06-20 16:36:59,"Gatau bus nya posisi ada di pemberhentian mana, scan barcode juga tidak bisa. Mohon di perbaiki lagi",gatau bus nya posisi ada di pemberhentian mana scan barcode juga tidak bisa mohon di perbaiki lagi
Playground TM,5,2020-06-13 17:31:46,Suatu percobaan yang mantap,suatu percobaan yang mantap
Safrida Hayani,5,2020-06-13 15:34:59,Sangat membantu,sangat membantu
ANWAR SCHUTEX,5,2020-06-12 20:28:49,"Akurat, dan busnya nyaman sekali.",akurat dan busnya nyaman sekali
Juliani Kusumaningsih,5,2020-05-28 04:28:00,Sering lihat posisi Gobis,sering lihat posisi gobis
MUHAMMAD SA'IDUL,5,2020-05-25 08:14:21,Enak banget rasanya naik bus suroboyo nyaman aman salut utk go bus👍👍👍❤❤❤❤,enak banget rasanya naik bus suroboyo nyaman aman salut utk go bus
Farel Revaldo,5,2020-05-20 08:25:35,sangat membantu untuk gobis mohon lebih d'perhatikan karena buat masyarakat surabaya gobis yg terbaik selalu jaya dan lancar trima kasih bu risma yang sangat syang kpada masyarakatnya selalu mendapat berkah untuk semua kru gobis,sangat membantu untuk gobis mohon lebih d perhatikan karena buat masyarakat surabaya gobis yg terbaik selalu jaya dan lancar trima kasih bu risma yang sangat syang kpada masyarakatnya selalu mendapat berkah untuk semua kru gobis
Sri Wahyuni,5,2020-05-19 12:44:10,Bersih nyaman,bersih nyaman
trisna sophie,5,2020-05-10 15:27:07,Bersih...nyaman....aman...tepat waktu...sangat membantu masyarakat kecil..betul2 berpihak pada masyarakat kecil kl bisa dipikirkan lagi terobosan2 yang memang berpihak pd masyarakat kecil terimakasih bu Risma...Suabaya maju karenamu dan kerjasama kami masyarakat semua,bersih nyaman aman tepat waktu sangat membantu masyarakat kecil betul berpihak pada masyarakat kecil kl bisa dipikirkan lagi terobosan yang memang berpihak pd masyarakat kecil terimakasih bu risma suabaya maju karenamu dan kerjasama kami masyarakat semua
HANA Love,5,2020-05-06 02:51:28,Keren banget💓🇮🇩semoga kota surabaya makin modern rapih bersih dan indah 🚮🇮🇩❤😊!,keren banget semoga kota surabaya makin modern rapih bersih dan indah
Pengguna Google,5,2020-04-06 06:58:43,Mantab,mantab
Pengguna Google,5,2020-03-25 18:11:04,"Aman,bersih",aman bersih
Pengguna Google,5,2020-03-18 08:13:20,Oke aplikasinya,oke aplikasinya
Pengguna Google,1,2020-03-13 16:37:38,Dulu sering kelihatan di tracking map posisi busnya sekarang kok malah sering tidak bisa di lihat sampek mana posisinya. Mungkin bisa di perbaiki lagi untuk aplikasinya 🙏,dulu sering kelihatan di tracking map posisi busnya sekarang kok malah sering tidak bisa di lihat sampek mana posisinya mungkin bisa di perbaiki lagi untuk aplikasinya
Pengguna Google,5,2020-03-09 15:38:34,"Gobis transportasi yg bersih, aman dan nyaman. tkq Gobis 👍🏻",gobis transportasi yg bersih aman dan nyaman tkq gobis
Pengguna Google,5,2020-03-05 11:35:30,tingkatkn lgi pelayann,tingkatkn lgi pelayann
Pengguna Google,4,2020-02-25 23:09:15,"Seru kaliya kalo dari benowo sudah ada, dan semoga penambahan rutenya segera bisa tervapai agar se surabaya di putari bus ini, layaknya trans jakarta dan trans semarang",seru kaliya kalo dari benowo sudah ada dan semoga penambahan rutenya segera bisa tervapai agar se surabaya di putari bus ini layaknya trans jakarta dan trans semarang
Pengguna Google,5,2020-02-23 09:43:46,"Aplikasinya bagus, cukup membantu ketika kami butuh rute angkutan umum di Sby. Mohon lebih diperbaiki lg dan ditambahkan Maps dan angkutan umum pada Tempat Wisata dan Taman untuk mempermudah kami mencari rute perjalanan",aplikasinya bagus cukup membantu ketika kami butuh rute angkutan umum di sby mohon lebih diperbaiki lg dan ditambahkan maps dan angkutan umum pada tempat wisata dan taman untuk mempermudah kami mencari rute perjalanan
Pengguna Google,5,2020-02-22 10:59:46,"Bus-nya terlalu lama, sehingga menunggu di halte hampir 30 menit, tolonglah Dishub Surabaya unit-m bus-nya di tambah, thanks",bus nya terlalu lama sehingga menunggu di halte hampir menit tolonglah dishub surabaya unit m bus nya di tambah thanks
Pengguna Google,5,2020-02-21 19:28:44,🦈🐊,
Pengguna Google,5,2020-02-21 11:50:04,Sangat bermanfaat....,sangat bermanfaat
Pengguna Google,5,2020-02-20 10:25:17,"Min,, bisa pake gelas dr kfc,mcd,tehracek,tongtji dll gaakk",min bisa pake gelas dr kfc mcd tehracek tongtji dll gaakk
Pengguna Google,5,2020-02-18 22:46:58,"Aplikasi ini cukup bagus cuma untuk mall nya ketinggalan 5 yaitu jmp, pasar atum mall, itc, bg junction, sama grand city.",aplikasi ini cukup bagus cuma untuk mall nya ketinggalan yaitu jmp pasar atum mall itc bg junction sama grand city
Pengguna Google,5,2020-02-16 10:33:34,Baru download aplikasi ini dan langsung pakai . Alhamdulillah puasss . Lokasi Titik bus akurat 👍,baru download aplikasi ini dan langsung pakai alhamdulillah puasss lokasi titik bus akurat
Pengguna Google,5,2020-02-15 23:45:30,Mantap,mantap
Pengguna Google,4,2020-02-09 12:46:10,"Aplikasi ini bagus tp msh krng sip, TDK ada keterangan untuk tmpt wisata yg mendetail mengenai lokasi dan biaya msknya...tlng diperbaiki kembali di update versi terbarunya...terima ksh...",aplikasi ini bagus tp msh krng sip tdk ada keterangan untuk tmpt wisata yg mendetail mengenai lokasi dan biaya msknya tlng diperbaiki kembali di update versi terbarunya terima ksh
Pengguna Google,5,2020-02-07 16:02:31,Cukup membantu untuk mengetahui posisi bus di halte terdekat,cukup membantu untuk mengetahui posisi bus di halte terdekat
Pengguna Google,5,2020-02-04 13:03:21,"Sebenarnya bagus pelayanannya, bisnya nyaman banget, kru nya ramah, tapi sayangnya jumlah masih sedikit untuk melayani kota sebesar surabaya. Tolong tambahin unitnya dong, lumayan saya bisa simpan motor saya dan beralih pakai Suroboyo bus wkwkwwk",sebenarnya bagus pelayanannya bisnya nyaman banget kru nya ramah tapi sayangnya jumlah masih sedikit untuk melayani kota sebesar surabaya tolong tambahin unitnya dong lumayan saya bisa simpan motor saya dan beralih pakai suroboyo bus wkwkwwk
Pengguna Google,5,2020-02-01 17:17:48,Ok,ok
Pengguna Google,5,2020-01-29 18:59:25,"Pemakaian pertama bener2 keren banget.....merasa jadul baru tau app ini, padahal bener2 berguna banget....app yg sangat berguna buat penyuka transportasi umum macam kita",pemakaian pertama bener keren banget merasa jadul baru tau app ini padahal bener berguna banget app yg sangat berguna buat penyuka transportasi umum macam kita
Pengguna Google,5,2020-01-29 07:32:10,Ganti HP,ganti hp
Pengguna Google,1,2020-01-24 20:08:11,L7613AP Jumat 24januari2020 jam20.00 jln Basuki Rahmat Sya jln jalur kiri pelan pelan. Tiba2 bus klakson tepat di belakang. Bikin kaget aja smpai mau jatuh. Kalau mau nyalip knp gk dari jauh aja klaksonnya. Atau ambil kanan dikit (lajur kanan sepi dan tidak ada rambu garis lurus panjang) Tolong kasih tau bapak sopirnya. Maaf dan terima kasih,l ap jumat januari jam jln basuki rahmat sya jln jalur kiri pelan pelan tiba bus klakson tepat di belakang bikin kaget aja smpai mau jatuh kalau mau nyalip knp gk dari jauh aja klaksonnya atau ambil kanan dikit lajur kanan sepi dan tidak ada rambu garis lurus panjang tolong kasih tau bapak sopirnya maaf dan terima kasih
Pengguna Google,4,2020-01-24 08:22:57,Mayan puas,mayan puas
Pengguna Google,5,2020-01-21 13:49:37,Suka bgt bisnya gk bikin pusing nyaman di prjlnan,suka bgt bisnya gk bikin pusing nyaman di prjlnan
Pengguna Google,5,2020-01-13 19:35:06,Ok banget.,ok banget
Pengguna Google,5,2020-01-06 14:32:15,Mantabz 👍,mantabz
Pengguna Google,4,2020-01-05 18:44:26,👍👍👍👍👍👍 Tp kadang aplikasinya sering error,tp kadang aplikasinya sering error
Pengguna Google,5,2020-01-05 06:41:53,Sangat membantu kita para karyawan,sangat membantu kita para karyawan
Pengguna Google,5,2020-01-04 22:23:00,Sangat membantu dan bermanfaat,sangat membantu dan bermanfaat
Pengguna Google,3,2019-12-31 06:21:11,Bagus untuk pengguna baru. Kasih prosedur dan cara naik suroboyo bus min.,bagus untuk pengguna baru kasih prosedur dan cara naik suroboyo bus min
Pengguna Google,1,2019-12-30 13:31:17,"Pelayanan yg kurang memuaskam di terminal purabaya krn setelah kita mengantri di sana dan sudah terpanggil di daftar sebelemunya namun bus penuh maka kita tidak di panggil lagi apabila ada bus selanjutnya,mengecewakan . . . .",pelayanan yg kurang memuaskam di terminal purabaya krn setelah kita mengantri di sana dan sudah terpanggil di daftar sebelemunya namun bus penuh maka kita tidak di panggil lagi apabila ada bus selanjutnya mengecewakan
Pengguna Google,5,2019-12-29 10:20:25,Saya bisa tahu keberadaan bis suroboyonya,saya bisa tahu keberadaan bis suroboyonya
Pengguna Google,3,2019-12-25 23:38:33,Saya coba dulu kalau sipp nanti saya tambah bintangnya,saya coba dulu kalau sipp nanti saya tambah bintangnya
Pengguna Google,1,2019-12-22 15:22:40,Susah diakses?,susah diakses
Pengguna Google,5,2019-12-17 13:50:01,Sangat membantu masyarakat surabaya,sangat membantu masyarakat surabaya
Pengguna Google,1,2019-12-12 15:53:53,Gak berfaedah,gak berfaedah
Pengguna Google,5,2019-12-10 12:12:56,Sangat nyaman,sangat nyaman
Pengguna Google,5,2019-12-05 20:44:16,Siiiippppp,siiiippppp
Pengguna Google,5,2019-11-28 12:23:27,Mantaaap,mantaaap
Pengguna Google,5,2019-11-27 22:20:17,bagus,bagus
Pengguna Google,5,2019-11-27 20:16:47,Kita dari go bis bisa mengetahui lokasi suroboyo bus yang kita mau naiki,kita dari go bis bisa mengetahui lokasi suroboyo bus yang kita mau naiki
Pengguna Google,5,2019-11-17 11:19:14,Bagus,bagus
Pengguna Google,3,2019-11-16 15:38:15,"Beberapa kali ga muncul keberadaan bis nya. Padahal di hp lain muncul. Saya kebingungan utk pulang, padahal rumah saya jauh.",beberapa kali ga muncul keberadaan bis nya padahal di hp lain muncul saya kebingungan utk pulang padahal rumah saya jauh
Pengguna Google,4,2019-11-14 11:08:49,Bagus,bagus
Pengguna Google,4,2019-11-09 21:47:07,21:30 posisi terakhir bus Purabaya-rajawali sudah tidak ada,posisi terakhir bus purabaya rajawali sudah tidak ada
Pengguna Google,5,2019-11-09 10:16:31,"Bis nya bersih, pegawai nya juga ramah&santun.",bis nya bersih pegawai nya juga ramah santun
Pengguna Google,5,2019-11-08 15:33:16,cintaaaah sekaliii,cintaaaah sekaliii
Pengguna Google,3,2019-11-06 20:51:11,Setiap coba scan untuk melihat bus terdekat tidak pernah bisa.. ayo dung aplikasi di update sehingga lebih maksimal dan membantu masyarakat Surabaya,setiap coba scan untuk melihat bus terdekat tidak pernah bisa ayo dung aplikasi di update sehingga lebih maksimal dan membantu masyarakat surabaya
Pengguna Google,5,2019-11-06 19:13:43,makin sip..,makin sip
Pengguna Google,1,2019-11-06 17:16:09,"Sudah tiga hari ini gambarnya cuma warna biru, bisnya ga bisa dilacak. Kalau mmg ga bisa dipakai lagi mending saya uninstal aja drpd hp saya penuh",sudah tiga hari ini gambarnya cuma warna biru bisnya ga bisa dilacak kalau mmg ga bisa dipakai lagi mending saya uninstal aja drpd hp saya penuh
Pengguna Google,1,2019-11-06 05:25:40,"Dulu bagus sekali . Sekarang 0 . Posisi bus tidak muncul, map juga hanya keluar rute, halte2 nya juga tidak muncul.. kecewa sekali, saya sudah telat kerja 3 kali gara2 nunggu bis yg gk tau posisinya dimana ... tolonglah di perbaiki, aplikasi untuk rakyat kok kyak gini ..",dulu bagus sekali sekarang posisi bus tidak muncul map juga hanya keluar rute halte nya juga tidak muncul kecewa sekali saya sudah telat kerja kali gara nunggu bis yg gk tau posisinya dimana tolonglah di perbaiki aplikasi untuk rakyat kok kyak gini
Pengguna Google,2,2019-11-06 05:18:32,"Pengelolaannya kok kyak gini yaa,, Kurang maksimal, biasanya bisa mantau bis, tpi kok sering nggak bisa,,, Ini gimana sih?,, Tolong ya untuk diperbakkk lagi biar kita mantau dan mempermhdah perjalanan",pengelolaannya kok kyak gini yaa kurang maksimal biasanya bisa mantau bis tpi kok sering nggak bisa ini gimana sih tolong ya untuk diperbakkk lagi biar kita mantau dan mempermhdah perjalanan
Pengguna Google,2,2019-11-05 16:48:55,Maaf tapi aplikasi yg sekarang kenapa tidak muncul posisi busnya seperti yg dulu,maaf tapi aplikasi yg sekarang kenapa tidak muncul posisi busnya seperti yg dulu
Pengguna Google,4,2019-11-04 13:48:54,Kok skrg tidak muncul keberadaan bus nya,kok skrg tidak muncul keberadaan bus nya
Pengguna Google,4,2019-11-04 12:51:39,"Tidak muncul akhir2 ini ,, tidak nyaman",tidak muncul akhir ini tidak nyaman
Pengguna Google,1,2019-11-04 11:01:04,Posisi bus. Sudah tidak seperti dulu lagi. Tidak bisa dipantau posisi busnya.,posisi bus sudah tidak seperti dulu lagi tidak bisa dipantau posisi busnya
Pengguna Google,3,2019-11-04 10:35:05,Kenapa kok sekarang halte dan bisnya gak keluar ya.. apa ada masalah,kenapa kok sekarang halte dan bisnya gak keluar ya apa ada masalah
Pengguna Google,2,2019-11-03 17:30:59,Habis update malah icon bis nya hilang 😂😂😂ini peningkatan apa pembasmian bug sebenerrnya?,habis update malah icon bis nya hilang ini peningkatan apa pembasmian bug sebenerrnya
Pengguna Google,1,2019-11-03 15:09:10,Halte sama bisnya ga muncul!!!!! Gimana si,halte sama bisnya ga muncul gimana si
Pengguna Google,1,2019-11-03 13:49:24,Lokasi bis dan halte tidak keluar seperti dulu,lokasi bis dan halte tidak keluar seperti dulu
Pengguna Google,1,2019-11-03 13:48:06,"eror, halte dan bis tidak keluar",eror halte dan bis tidak keluar
Pengguna Google,1,2019-11-03 09:50:18,Gk bisa liat posisi bis lagi n halte,gk bisa liat posisi bis lagi n halte
Pengguna Google,1,2019-11-03 08:28:59,Kok sekarang g bs ngecek lokasi bus e sih padahal saya selalu naik bus ini buat transportasi kata sopire ada gangguan aplikasi tolong aplikasi d perbaiki klo pelayanan bus oke lah,kok sekarang g bs ngecek lokasi bus e sih padahal saya selalu naik bus ini buat transportasi kata sopire ada gangguan aplikasi tolong aplikasi d perbaiki klo pelayanan bus oke lah
Pengguna Google,5,2019-11-02 12:15:37,Baik sekali sekali,baik sekali sekali
Pengguna Google,4,2019-10-22 10:39:10,"Tambah halte donk min.... Di daerah pertigaan waru, di depan SD Kedungrejo atau dmana gituuu, biar gak jauh jaraknya antara bungur sm menanggal..",tambah halte donk min di daerah pertigaan waru di depan sd kedungrejo atau dmana gituuu biar gak jauh jaraknya antara bungur sm menanggal
Pengguna Google,1,2019-10-21 00:22:31,Aplikasinya bagussan dlu. Dlu bisa melihat lokasi user dan bus nya. Sekarang g bisa lagi.,aplikasinya bagussan dlu dlu bisa melihat lokasi user dan bus nya sekarang g bisa lagi
Pengguna Google,3,2019-10-18 18:32:42,"Saya dari daerah luar surabaya, pakai app ini memang membantu untuk yg belum tahu terminal2 busnya, cuman baiknya di app ini ditambah fitur gps untuk menentukan posisi kita di mana. Ntaaap",saya dari daerah luar surabaya pakai app ini memang membantu untuk yg belum tahu terminal busnya cuman baiknya di app ini ditambah fitur gps untuk menentukan posisi kita di mana ntaaap
Pengguna Google,4,2019-10-16 16:25:40,kurang jadwal jam operasional bus surabaya..,kurang jadwal jam operasional bus surabaya
Pengguna Google,5,2019-10-15 13:50:10,Alhamdulillah....,alhamdulillah
Pengguna Google,5,2019-10-14 19:26:41,Bus malam jakarta solo dgn speed tercepat,bus malam jakarta solo dgn speed tercepat
Pengguna Google,2,2019-10-13 07:30:02,"Aplikasi ini membantu,tetapi blm max dipergunakan.semisal peta bus atau keberadaan bus tidak muncul sama sekali,hanya berwarna biru polos yg tampil. Tlg disempurnakan lgi aplikasinya,biar bisa lbh banyak yg mengunakan.jgn ambil keuntungan pribadi habis downlod krg max...capek deehh...moga"" cpt disempurnakan apl GOBIS sby...",aplikasi ini membantu tetapi blm max dipergunakan semisal peta bus atau keberadaan bus tidak muncul sama sekali hanya berwarna biru polos yg tampil tlg disempurnakan lgi aplikasinya biar bisa lbh banyak yg mengunakan jgn ambil keuntungan pribadi habis downlod krg max capek deehh moga cpt disempurnakan apl gobis sby
Pengguna Google,4,2019-10-12 09:37:58,Kok beberapa hari ink gambar yg nunjukin bisnya sampai mana hilang yaa? Tolong di cari tau kenapa. Karena saya mau naik tapi gk tau bisnya ada dimana,kok beberapa hari ink gambar yg nunjukin bisnya sampai mana hilang yaa tolong di cari tau kenapa karena saya mau naik tapi gk tau bisnya ada dimana
Pengguna Google,1,2019-10-11 19:32:03,"Dulu ditunjukkan posisi bus yg sedang berjalan. Dan sekarang sama sekali gk ada, lalu buat apa ada aplikasi ini cobak?!",dulu ditunjukkan posisi bus yg sedang berjalan dan sekarang sama sekali gk ada lalu buat apa ada aplikasi ini cobak
Pengguna Google,5,2019-10-11 16:38:34,Terimakasih banyaksangat terbantu,terimakasih banyaksangat terbantu
Pengguna Google,4,2019-10-11 12:28:40,"tolong dong yg armada unesa-its di perbanyak supaya ngga nunggu lama lamaa bangeeet:"") saya nunggu di halte urip sumoharjo, yg bis purabaya-rajawali udah lewat 4x tapi yg unesa-its gadateng2:"") makasih",tolong dong yg armada unesa its di perbanyak supaya ngga nunggu lama lamaa bangeeet saya nunggu di halte urip sumoharjo yg bis purabaya rajawali udah lewat x tapi yg unesa its gadateng makasih
Pengguna Google,5,2019-10-11 09:48:53,sangat membantu,sangat membantu
Pengguna Google,4,2019-10-09 19:42:03,"Saya naik dari Unesa ke ITS pukul 9 malam, tapi diminta turun di mayjen Sungkono. Dan saya mencoba naik pukul setengah 8, diminta turun di mayjen Sungkono juga, seharusnya go bis lebih konsisten untuk memberikan pelayananya. Agar kita penumpang tidak sia2 menunggu lama. Terimakasih.",saya naik dari unesa ke its pukul malam tapi diminta turun di mayjen sungkono dan saya mencoba naik pukul setengah diminta turun di mayjen sungkono juga seharusnya go bis lebih konsisten untuk memberikan pelayananya agar kita penumpang tidak sia menunggu lama terimakasih
Pengguna Google,5,2019-10-09 08:37:02,Bagus,bagus
Pengguna Google,2,2019-10-08 19:05:31,"kasih jadwal keberangkatan dan tiba dong... biar kita² bisa tau, dan tidak menunggu lama dihalte",kasih jadwal keberangkatan dan tiba dong biar kita bisa tau dan tidak menunggu lama dihalte
Pengguna Google,5,2019-10-08 10:57:45,Saya mau naik surabaya bus tanggal 20,saya mau naik surabaya bus tanggal
Pengguna Google,5,2019-10-08 05:55:53,bagus membantu,bagus membantu
Pengguna Google,5,2019-10-05 21:35:36,Good,good
Pengguna Google,5,2019-10-05 13:16:46,Mantap,mantap
Pengguna Google,1,2019-10-04 13:11:04,Puas,puas
Pengguna Google,5,2019-10-03 19:16:17,Bermanfaat 👍,bermanfaat
Pengguna Google,5,2019-10-03 19:10:46,Mantap👍,mantap
Pengguna Google,5,2019-10-02 19:02:23,Bagus,bagus
Pengguna Google,2,2019-10-01 19:00:13,Aplikasi mapny diperbarui kalk bisa dibuat nampak satelit seperti di google map,aplikasi mapny diperbarui kalk bisa dibuat nampak satelit seperti di google map
Pengguna Google,5,2019-10-01 17:04:05,Sangat membantu,sangat membantu
Pengguna Google,5,2019-09-29 15:56:28,Saya sangat terbantukan dgn adanya bis suroboyo tidak usah jauh2 nunggu angkot terima kasih bus suroboyo,saya sangat terbantukan dgn adanya bis suroboyo tidak usah jauh nunggu angkot terima kasih bus suroboyo
Pengguna Google,4,2019-09-25 08:45:47,Mau coba,mau coba
Pengguna Google,5,2019-09-24 16:58:04,Top,top
Pengguna Google,5,2019-09-21 08:54:38,Memepermudah mengidentifikasi keberadaan penumpang,memepermudah mengidentifikasi keberadaan penumpang
Pengguna Google,5,2019-09-19 21:57:52,Enak bisa mantau lokasi bus terdekat Good banget deh,enak bisa mantau lokasi bus terdekat good banget deh
Pengguna Google,5,2019-09-18 12:20:18,Coba pake sampah kertas juga. Kertas bekas print2an skripsi banyak ini,coba pake sampah kertas juga kertas bekas print an skripsi banyak ini
Pengguna Google,5,2019-09-14 19:31:15,Bus tumpuk udah gak beroperasi lagi ya?,bus tumpuk udah gak beroperasi lagi ya
Pengguna Google,1,2019-09-13 15:31:08,"Bingung tidak disertai lokasi tepat nya untuk bis wisata cm peta aja, bingung naiknya dr mana",bingung tidak disertai lokasi tepat nya untuk bis wisata cm peta aja bingung naiknya dr mana
Pengguna Google,5,2019-09-12 18:57:36,Keren nih app. Memudahkan pengguna angkutan umum di sub.. Terus berinovasi min.,keren nih app memudahkan pengguna angkutan umum di sub terus berinovasi min
Pengguna Google,4,2019-09-11 16:47:54,Baru mulai msu berlangganan,baru mulai msu berlangganan
Pengguna Google,3,2019-09-09 17:01:41,Belum tau,belum tau
Pengguna Google,2,2019-09-08 21:51:17,sayang aplikasi tidak di lengkapi dengan jadwal kedatangan dan keberangkatan bus.....,sayang aplikasi tidak di lengkapi dengan jadwal kedatangan dan keberangkatan bus
Pengguna Google,5,2019-09-08 13:32:41,Belom mencoba moga aja aplikasi nya brmanfaat buat warga kota surabaya,belom mencoba moga aja aplikasi nya brmanfaat buat warga kota surabaya
Pengguna Google,4,2019-09-07 19:26:49,Hebat,hebat
Pengguna Google,5,2019-09-07 09:13:21,Very Good👍,very good
Pengguna Google,3,2019-09-05 21:23:38,"Kao bisa tolong akungkutan umum lewat margorejo ya, banyak anak sekolah juga",kao bisa tolong akungkutan umum lewat margorejo ya banyak anak sekolah juga
Pengguna Google,5,2019-09-02 18:18:06,Semenjak ada app ini jadi tau keberadaan bus yg deket. Mantap,semenjak ada app ini jadi tau keberadaan bus yg deket mantap
Pengguna Google,5,2019-09-02 07:00:39,Aplikasi ini memudahkan saya beraktivitas sehari-hari di kota surabaya tercinta. Terima kasih Surabaya...,aplikasi ini memudahkan saya beraktivitas sehari hari di kota surabaya tercinta terima kasih surabaya
Pengguna Google,5,2019-08-31 18:24:34,Sangat membantu!,sangat membantu
Pengguna Google,5,2019-08-29 11:16:09,Bgs dan membantu aplikasi sdh tepat dan tepat waktu,bgs dan membantu aplikasi sdh tepat dan tepat waktu
Pengguna Google,5,2019-08-27 20:10:48,mantap sudah... Saran saja.. Supaya angkot juga di bikin sistem online.. Meski berbayar.. Insyaallah banyak peminat,mantap sudah saran saja supaya angkot juga di bikin sistem online meski berbayar insyaallah banyak peminat
Pengguna Google,5,2019-08-26 08:35:58,Ok skli,ok skli
Pengguna Google,5,2019-08-25 07:19:48,sangat membantu bus dan petugasnya sangat gaaaalllllaaaaaakkkkkkk,sangat membantu bus dan petugasnya sangat gaaaalllllaaaaaakkkkkkk
Pengguna Google,5,2019-08-24 17:53:20,Sangat bermanfaat sekali,sangat bermanfaat sekali
Pengguna Google,1,2019-08-24 14:16:57,Peta bus tdk dibisa di liat,peta bus tdk dibisa di liat
Pengguna Google,5,2019-08-21 17:21:03,Bersih bersahabat,bersih bersahabat
Pengguna Google,5,2019-08-20 22:22:37,Lumayan membantu serelah lulqng dr luar kota. Bisa mengajak anak2 jalan2 klo lagi pengen naik bis n memberi pelajaran bahwa sampah itu juga berharga,lumayan membantu serelah lulqng dr luar kota bisa mengajak anak jalan klo lagi pengen naik bis n memberi pelajaran bahwa sampah itu juga berharga
Pengguna Google,5,2019-08-18 13:38:57,"mantap, bu risma wajib gubernur jakarta",mantap bu risma wajib gubernur jakarta
Pengguna Google,5,2019-08-18 09:58:12,Ini bus...dari rakyat untuk rakyat...Ini baru mantap......salut buat Ibu Risma..yg selalu memperjuangkan warganya dgn fasilitas moderen buat kotanya...mantap,ini bus dari rakyat untuk rakyat ini baru mantap salut buat ibu risma yg selalu memperjuangkan warganya dgn fasilitas moderen buat kotanya mantap
Pengguna Google,5,2019-08-16 15:58:52,"fitur baru menunggu di halte masih harus direvisi krn saya pernah beberapa kali scan barcode, tetapi tidak nampak di helper",fitur baru menunggu di halte masih harus direvisi krn saya pernah beberapa kali scan barcode tetapi tidak nampak di helper
Pengguna Google,5,2019-08-16 10:58:08,bagus dan membuat nyaman,bagus dan membuat nyaman
Pengguna Google,5,2019-08-15 04:56:41,sangat meringankan anak kos,sangat meringankan anak kos
Pengguna Google,3,2019-08-14 20:01:16,"Bus tolong stand by di kawasan bisnis dan kampus ketika sore...karena saya udah 2 kali mengalami nunggu bus habis ashar, naik busnya pas azan isya",bus tolong stand by di kawasan bisnis dan kampus ketika sore karena saya udah kali mengalami nunggu bus habis ashar naik busnya pas azan isya
Pengguna Google,5,2019-08-12 14:03:12,perjalan menjadi mudah,perjalan menjadi mudah
Pengguna Google,1,2019-08-12 11:11:00,"APLIKASI CACAT, SEMUA MENU PADA ERROR!!!!",aplikasi cacat semua menu pada error
Pengguna Google,5,2019-08-12 02:38:03,mantaapp,mantaapp
Pengguna Google,5,2019-08-11 16:32:06,mantul,mantul
Pengguna Google,3,2019-08-10 13:33:59,mohon ditambah sampai area surabaya barat daerah made sambikerep,mohon ditambah sampai area surabaya barat daerah made sambikerep
Pengguna Google,4,2019-08-07 13:04:07,membantu sekali,membantu sekali
Pengguna Google,5,2019-08-05 12:17:38,bagus n enak,bagus n enak
Pengguna Google,5,2019-08-04 04:07:00,BaguS dan Bar6,bagus dan bar
Pengguna Google,5,2019-08-03 19:12:37,mantap,mantap
Pengguna Google,5,2019-08-03 17:25:57,aplikasi nya membantu sekali. sdh beberapa kali naik. 👍👍👍,aplikasi nya membantu sekali sdh beberapa kali naik
Pengguna Google,5,2019-08-03 16:54:35,pling pagi dri unesa jam brpa ya,pling pagi dri unesa jam brpa ya
Pengguna Google,4,2019-08-03 09:32:50,"masih pertama pake, ok sih..",masih pertama pake ok sih
Pengguna Google,5,2019-08-01 10:42:11,"kalo dari kota lain ke surabaya, antar kota gitu. bayar pake sampah apa bisa? apa cuma khusus buat di surabaya aja gitu?",kalo dari kota lain ke surabaya antar kota gitu bayar pake sampah apa bisa apa cuma khusus buat di surabaya aja gitu
Pengguna Google,4,2019-07-31 18:52:19,luamayan,luamayan
Pengguna Google,5,2019-07-31 18:04:35,good,good
Pengguna Google,5,2019-07-31 16:02:46,bagusssss banget karena saya pp kekantor naik bus ini semoga jadwal semakin konsisten dan bisa lebih tepat waktu trus..sukses selalu untuk Suroboyo bus,bagusssss banget karena saya pp kekantor naik bus ini semoga jadwal semakin konsisten dan bisa lebih tepat waktu trus sukses selalu untuk suroboyo bus
Pengguna Google,5,2019-07-31 14:36:25,"bus keren, canggih, bersih ...suroboyo bus dong ❤",bus keren canggih bersih suroboyo bus dong
Pengguna Google,5,2019-07-31 14:00:11,good idea,good idea
Pengguna Google,5,2019-07-29 20:31:24,sangat membantu untuk melihat posisi bus,sangat membantu untuk melihat posisi bus
Pengguna Google,5,2019-07-28 16:16:01,keren..sangat membantu untuk memantau keberadaan bus jadi tdk perlu lama2 nuggu di halte.. 👍👍,keren sangat membantu untuk memantau keberadaan bus jadi tdk perlu lama nuggu di halte
Pengguna Google,1,2019-07-25 08:14:21,"aplikasi gak guna, br instal sdh macet,, rugi instal ini, buang2 paketan",aplikasi gak guna br instal sdh macet rugi instal ini buang paketan
Pengguna Google,4,2019-07-22 07:33:04,sangat berguna bagi pelajar dan mahasiswa,sangat berguna bagi pelajar dan mahasiswa
Pengguna Google,5,2019-07-20 23:59:56,hebat,hebat
Pengguna Google,3,2019-07-20 17:49:23,"Aslinya enak, bagus.. Tapi bagi posisi sy wisatawan dimana mau turun di kota trus mau pulang, dimana mesti cepat g bisa. Ngumpulin sampah lagi,, tambahi opsi beli tiket reguler juga dong.. Biar yg mau buru buru bisa pake moda transportasi ini juga. Niat mau pake buat keliling kelilling batal, krn ga punya sampah 😶😶",aslinya enak bagus tapi bagi posisi sy wisatawan dimana mau turun di kota trus mau pulang dimana mesti cepat g bisa ngumpulin sampah lagi tambahi opsi beli tiket reguler juga dong biar yg mau buru buru bisa pake moda transportasi ini juga niat mau pake buat keliling kelilling batal krn ga punya sampah
Pengguna Google,5,2019-07-18 05:51:25,dengan adanya bis suroboyo transportasi sekolah anak saya bisa digunakan untuk tabungan disekolah guna bayar kesekolah lanjutannya nanti terimakasih suroboyo Gbu always,dengan adanya bis suroboyo transportasi sekolah anak saya bisa digunakan untuk tabungan disekolah guna bayar kesekolah lanjutannya nanti terimakasih suroboyo gbu always
Pengguna Google,5,2019-07-16 15:04:52,ok,ok
Pengguna Google,5,2019-07-13 14:53:27,"Seneeeng bs merasakan bis yg bersih, harum, bebas rokok, dingin, nyaman & tertib. Smoga kondisi spt itu bs seterusnya sekalipun bu risma ytc sdh tdk menjabat lagi, amin. Armada bus tumpuknya kpn di tmbh ?",seneeeng bs merasakan bis yg bersih harum bebas rokok dingin nyaman tertib smoga kondisi spt itu bs seterusnya sekalipun bu risma ytc sdh tdk menjabat lagi amin armada bus tumpuknya kpn di tmbh
Pengguna Google,5,2019-07-11 22:25:27,good..,good
Pengguna Google,5,2019-07-08 09:10:17,sangat membantu bagus,sangat membantu bagus
Pengguna Google,5,2019-07-07 04:57:13,cara mengetahui jalur gobis surabaya,cara mengetahui jalur gobis surabaya
Pengguna Google,3,2019-07-06 11:31:14,penukaran botol diperbanyak di setiap halte,penukaran botol diperbanyak di setiap halte
Pengguna Google,4,2019-07-06 09:37:41,ok deh,ok deh
Pengguna Google,1,2019-07-05 13:16:39,Gak bisa menampilkan data apa apa. Ini aplikasi dulu lumayan bisa menunjukan bis yang ada secara real time. Sekarang gak muncul apa apa. Cuman menu saja,gak bisa menampilkan data apa apa ini aplikasi dulu lumayan bisa menunjukan bis yang ada secara real time sekarang gak muncul apa apa cuman menu saja
Pengguna Google,1,2019-07-02 10:32:16,saya pernah donload seru. banget deh asyiiiik,saya pernah donload seru banget deh asyiiiik
Pengguna Google,5,2019-06-29 12:25:49,"bagus, sangat membantu saya ketika di Surabaya",bagus sangat membantu saya ketika di surabaya
Pengguna Google,3,2019-06-29 07:28:11,"Klo deskripsinya lengkap gak setengah2 apl jauhh lebih bagus,yg kepingin jln2 kota Surabaya bisa terbantu.",klo deskripsinya lengkap gak setengah apl jauhh lebih bagus yg kepingin jln kota surabaya bisa terbantu
Pengguna Google,1,2019-06-25 21:16:25,Kenapa cuma garis merah doang sama gambar bus? ga ada keterangan lokasinya 🤔🤣🤣🤣,kenapa cuma garis merah doang sama gambar bus ga ada keterangan lokasinya
Pengguna Google,5,2019-06-25 20:56:21,"sudah bagus siih... mungkin lebih diperbanyak untuk tempat2 penukaran botol dg kartu stamp nya. klo bisa ada di tiap2 halte jadi kita gak perlu ribet lagi harus bawa botol masuk kedalam bus, kondisi dlm bus jg bisa lebih bersih dan gak banyak sampah botol yg menumpuk jd bisa lebih leluasa jg didalamnya. Maju Terus SUROBOYOKU",sudah bagus siih mungkin lebih diperbanyak untuk tempat penukaran botol dg kartu stamp nya klo bisa ada di tiap halte jadi kita gak perlu ribet lagi harus bawa botol masuk kedalam bus kondisi dlm bus jg bisa lebih bersih dan gak banyak sampah botol yg menumpuk jd bisa lebih leluasa jg didalamnya maju terus suroboyoku
Pengguna Google,5,2019-06-25 05:47:09,sangat.memuaskan.halte.dekat.denqan.rumah.bila.kerja.tidak.kehilanqan.onqkos.kalau.libur.bisa.jalan.jalan.dg.cucuk.bila.nunqqu.bus.td.lama terima kasih,sangat memuaskan halte dekat denqan rumah bila kerja tidak kehilanqan onqkos kalau libur bisa jalan jalan dg cucuk bila nunqqu bus td lama terima kasih
Pengguna Google,5,2019-06-24 22:12:13,"Berangkat kerja selalu pakai suroboyo bus. Tolong kalau bisa mikrolet / lyn di surabaya juga diintegrasikan dengan moda transportasi berbasis aplikasi seperti ini, supaya surabaya benar benar menjadi smart city",berangkat kerja selalu pakai suroboyo bus tolong kalau bisa mikrolet lyn di surabaya juga diintegrasikan dengan moda transportasi berbasis aplikasi seperti ini supaya surabaya benar benar menjadi smart city
Pengguna Google,5,2019-06-18 11:57:30,mantapp,mantapp
Pengguna Google,4,2019-06-18 09:01:09,maju terus dan selalu tepat waktu,maju terus dan selalu tepat waktu
Pengguna Google,5,2019-06-15 09:49:32,sangat membantuu,sangat membantuu
Pengguna Google,2,2019-06-09 13:59:18,kenapa kok ga keluar rute busnya??cuma layar biru aja??gmna mau liat rute klo ga da,kenapa kok ga keluar rute busnya cuma layar biru aja gmna mau liat rute klo ga da
Pengguna Google,5,2019-06-09 11:47:26,uda download tapi gak bisa keliatan bus nya ada dimana akhirnya saya hapus ini mau download lagi,uda download tapi gak bisa keliatan bus nya ada dimana akhirnya saya hapus ini mau download lagi
Pengguna Google,4,2019-06-07 17:51:50,"aplikasi bagus. hanya saja, sudah beberapa hari tidak muncul posisi bis & haltenya. apakah libur lebaran atau aplikasi rusak. tolong pemberitahuanya ya. terima kasih.",aplikasi bagus hanya saja sudah beberapa hari tidak muncul posisi bis haltenya apakah libur lebaran atau aplikasi rusak tolong pemberitahuanya ya terima kasih
Pengguna Google,5,2019-06-07 10:36:47,pelayanan familiar....bagus bersih dan nyaman,pelayanan familiar bagus bersih dan nyaman
Pengguna Google,1,2019-06-07 08:39:05,"tidak keluar bus nya, hanya peta saja",tidak keluar bus nya hanya peta saja
Pengguna Google,1,2019-06-06 16:56:31,kok aplikasinya yang baru gak bergerak cm kayak map ajaa,kok aplikasinya yang baru gak bergerak cm kayak map ajaa
Pengguna Google,5,2019-06-06 13:48:30,"sangat membantu tahu posisi bus ada dimana, jd tdk lama2 menunggu di halte",sangat membantu tahu posisi bus ada dimana jd tdk lama menunggu di halte
Pengguna Google,1,2019-06-06 06:40:01,Kok aplikasi nya gk bisa di gunakan ya,kok aplikasi nya gk bisa di gunakan ya
Pengguna Google,5,2019-06-02 14:46:16,sip,sip
Pengguna Google,5,2019-05-30 10:08:28,gobissurabaya,gobissurabaya
Pengguna Google,5,2019-05-27 15:38:10,AMAZING,amazing
Pengguna Google,5,2019-05-16 16:12:38,Aplikasi GO-BIS mantap,aplikasi go bis mantap
Pengguna Google,5,2019-05-14 19:01:01,sip,sip
Pengguna Google,3,2019-05-12 11:02:41,"Tolong diperbaiki lagi aplikasinya. Sudah bagus sih, tapi akan lrbih bagus lagi kalau dikasih tau cara naiknya, mekanisme penukaran botol dan tempat penukaran botolnya dimana. Supaya lebih mudah untuk akses naik bus SuroBoyo.",tolong diperbaiki lagi aplikasinya sudah bagus sih tapi akan lrbih bagus lagi kalau dikasih tau cara naiknya mekanisme penukaran botol dan tempat penukaran botolnya dimana supaya lebih mudah untuk akses naik bus suroboyo
Pengguna Google,5,2019-05-08 15:09:27,terima ksh bgt pd DAMRI SURABAYA,terima ksh bgt pd damri surabaya
Pengguna Google,1,2019-05-03 20:37:27,"stlh di update peta rute dan posisi bis ngga keluar, hanya berwarna biru saja, sampai uninstall dan install ulang tetap seperti itu, why ??? haruskah memanfaatkan ilmu terawang....T_T",stlh di update peta rute dan posisi bis ngga keluar hanya berwarna biru saja sampai uninstall dan install ulang tetap seperti itu why haruskah memanfaatkan ilmu terawang t t
Pengguna Google,5,2019-05-02 11:35:47,saya suka naik bis suroboyo bersih dan ramah lingkungan,saya suka naik bis suroboyo bersih dan ramah lingkungan
Pengguna Google,5,2019-04-28 16:39:44,👍👍👍,
Pengguna Google,5,2019-04-26 18:27:39,terimakasih kepada bu Risma bus ini sangat membantu sekali biar hemat ongkos kemana2,terimakasih kepada bu risma bus ini sangat membantu sekali biar hemat ongkos kemana
Pengguna Google,4,2019-04-26 16:07:55,bagus pakainya gampang,bagus pakainya gampang
Pengguna Google,2,2019-04-26 09:28:59,"w2w.R1s, wwwecec",w w r s wwwecec
Pengguna Google,5,2019-04-20 18:41:49,"bagus banget gak perlu tunggu lama-lama sudah tau posisi bus yg akan lewat ,tapi busnya kok sepi apa kurang sosialisasi lagi pengenalan bus Suroboyo + cara penukaran botol (agen penukaran botol yg mudah) tinggal pake stiker jadi tanpa bawa botol biar gak bikin ribet",bagus banget gak perlu tunggu lama lama sudah tau posisi bus yg akan lewat tapi busnya kok sepi apa kurang sosialisasi lagi pengenalan bus suroboyo cara penukaran botol agen penukaran botol yg mudah tinggal pake stiker jadi tanpa bawa botol biar gak bikin ribet
Pengguna Google,3,2019-04-19 06:06:11,"gak bisa di akses lokolasi busnya,,,",gak bisa di akses lokolasi busnya
Pengguna Google,4,2019-04-16 19:15:07,"tidak ada tombol update lokasi user, mhn ditambah tombol order utk notifikasi ke bus terdekat dalam satu rute",tidak ada tombol update lokasi user mhn ditambah tombol order utk notifikasi ke bus terdekat dalam satu rute
Pengguna Google,5,2019-04-14 20:50:39,jalur bisnya jelas,jalur bisnya jelas
Pengguna Google,5,2019-04-12 11:42:17,bagaimana kita mendapatkan informasi utk wkt keberangkatan sehingga kita tau jadwalnya bis. apakah rute utk dr Unesa ke ITS saja?? sedangkan didlm perumahan pakuwon city ada kampus unika Widya Mandala juga?? tolong spy bs rute kampus yg sejln bs dipertimbangkan utk ditambahkan. terima kasih sebelumnya .,bagaimana kita mendapatkan informasi utk wkt keberangkatan sehingga kita tau jadwalnya bis apakah rute utk dr unesa ke its saja sedangkan didlm perumahan pakuwon city ada kampus unika widya mandala juga tolong spy bs rute kampus yg sejln bs dipertimbangkan utk ditambahkan terima kasih sebelumnya
Pengguna Google,5,2019-04-10 16:39:18,bagi,bagi
Pengguna Google,2,2019-04-08 10:38:52,nggak lengkap.jadwal nya,nggak lengkap jadwal nya
Pengguna Google,5,2019-04-07 10:36:54,kok kadang eror se,kok kadang eror se
Pengguna Google,5,2019-04-05 19:32:25,top markotop,top markotop
Pengguna Google,1,2019-04-02 21:12:32,"driver yg baru2 kurang ramah, mhn info jam terakhir dr bungurasih katanya jam 9 malam nyatanya jam 20.30 terakhir keberangkatan",driver yg baru kurang ramah mhn info jam terakhir dr bungurasih katanya jam malam nyatanya jam terakhir keberangkatan
Pengguna Google,5,2019-03-30 07:57:13,sangat bagus dan menyenangkan,sangat bagus dan menyenangkan
Pengguna Google,5,2019-03-28 15:35:58,menyenangkan,menyenangkan
Pengguna Google,5,2019-03-23 15:37:07,Bagus..,bagus
Pengguna Google,1,2019-03-22 21:33:27,kenapa gak keluar rutenya cuma warna biru saja.sudah saya unistal trs saya instal lagi masih gk keluar hanya layar biru.mohon di perbaiki karna GOBIS sangat membantu masyarakat,kenapa gak keluar rutenya cuma warna biru saja sudah saya unistal trs saya instal lagi masih gk keluar hanya layar biru mohon di perbaiki karna gobis sangat membantu masyarakat
Pengguna Google,3,2019-03-20 10:04:40,OK,ok
Pengguna Google,5,2019-03-20 07:39:20,bagus,bagus
Pengguna Google,5,2019-03-19 21:43:27,ok,ok
Pengguna Google,5,2019-03-18 20:12:53,update di ios dong,update di ios dong
Pengguna Google,4,2019-03-16 22:02:42,Aplikasi sangat bagus. Saran saya di aplikasi dapat ditambahkan: 1) syarat/ tata cara penggunaan suroboyo bus. 2) schedule perkiraan bus akan sampai di setiap halte. 3) point2 lokasi tempat wisata dicantumkan di setiap koridor perjalanan bus. untuk memudahkan warga yang ingin wisata sekalian ingin merasakan naik suroboyo bus . mudah2an sukses suroboyo busnya.,aplikasi sangat bagus saran saya di aplikasi dapat ditambahkan syarat tata cara penggunaan suroboyo bus schedule perkiraan bus akan sampai di setiap halte point lokasi tempat wisata dicantumkan di setiap koridor perjalanan bus untuk memudahkan warga yang ingin wisata sekalian ingin merasakan naik suroboyo bus mudah an sukses suroboyo busnya
Pengguna Google,3,2019-03-15 11:09:59,Akurasi waktu kedatangan tiap halte nggak ada.,akurasi waktu kedatangan tiap halte nggak ada
Pengguna Google,5,2019-03-14 06:01:10,sangat Membantu,sangat membantu
Pengguna Google,5,2019-03-10 17:58:21,sangat beguna skli bagi msyarakat sby. klu bsa ditmbah lagi rutenya biar masyarakat sby dan skitarnya tau dan mngenal SB sby trima kasih,sangat beguna skli bagi msyarakat sby klu bsa ditmbah lagi rutenya biar masyarakat sby dan skitarnya tau dan mngenal sb sby trima kasih
Pengguna Google,4,2019-03-07 20:15:04,"Harusnya ada info/tanda jika bis tidak jalan atau jam nya sudah habis, jadi ga nunggu sia sia. Sering terlihat di maps bis nya ada tapi ga jalan jalan.",harusnya ada info tanda jika bis tidak jalan atau jam nya sudah habis jadi ga nunggu sia sia sering terlihat di maps bis nya ada tapi ga jalan jalan
Pengguna Google,1,2019-03-04 20:29:51,"semenjak auto-update tgl 26 feb 2019.. map dan posisi bus tdk muncul blas.. so, ndk bisa dipake lagi",semenjak auto update tgl feb map dan posisi bus tdk muncul blas so ndk bisa dipake lagi
Pengguna Google,5,2019-03-01 16:48:03,"semoga di jalankan terus dan di pertambah jalurnya ama bisnya, the best dah semoga orang mulai menikmati angkutan umum yang ada",semoga di jalankan terus dan di pertambah jalurnya ama bisnya the best dah semoga orang mulai menikmati angkutan umum yang ada
Pengguna Google,1,2019-02-27 12:29:28,posisi bus hilang setelah update sedihhh,posisi bus hilang setelah update sedihhh
Pengguna Google,5,2019-02-27 09:54:16,ayo naik bis,ayo naik bis
Pengguna Google,5,2019-02-24 12:04:45,sangat membantu,sangat membantu
Pengguna Google,5,2019-02-23 21:44:30,saya dan keluarga merasa senang dengan bus suboyo ..ini ...petugasnya ramah ...dan sopan ..jiadi favorid anak anak saya trimakasih,saya dan keluarga merasa senang dengan bus suboyo ini petugasnya ramah dan sopan jiadi favorid anak anak saya trimakasih
Pengguna Google,5,2019-02-22 14:05:03,tolong info bis kota sama mikroletnya juga ditambahin dong,tolong info bis kota sama mikroletnya juga ditambahin dong
Pengguna Google,4,2019-02-21 23:40:00,"mungkin lebih baik di update waktu kedatangan supaya orang tidak menunggu terlalu lama di halte, karena hanya melihat gambar bus yg bergerak di peta.",mungkin lebih baik di update waktu kedatangan supaya orang tidak menunggu terlalu lama di halte karena hanya melihat gambar bus yg bergerak di peta
Pengguna Google,1,2019-02-19 15:43:47,Aplikasinya tak seperti TRANSJAKARTA yang akurat sekali...,aplikasinya tak seperti transjakarta yang akurat sekali
Pengguna Google,5,2019-02-13 14:33:06,siip banget,siip banget
Pengguna Google,1,2019-02-11 15:42:33,bus tidak muncul di rute go bus,bus tidak muncul di rute go bus
Pengguna Google,1,2019-02-11 14:24:08,Jelek,jelek
Pengguna Google,5,2019-02-10 19:09:25,bagus,bagus
Pengguna Google,1,2019-02-09 21:27:30,"sy diturunkan di pinggir jln. dengan alasan bis akan balek ke garasi, kesalahan sopir tdk bilang trayeknya kemana. sy diturunkan pinggir jln. sy bawa banyak ank kecil mohon unk pengawas dan sopir lebih mengerti sedikit keadaan penumpangnya !!!",sy diturunkan di pinggir jln dengan alasan bis akan balek ke garasi kesalahan sopir tdk bilang trayeknya kemana sy diturunkan pinggir jln sy bawa banyak ank kecil mohon unk pengawas dan sopir lebih mengerti sedikit keadaan penumpangnya
Pengguna Google,5,2019-02-07 13:07:25,sangat membantu,sangat membantu
Pengguna Google,4,2019-02-05 09:37:41,hmmm..cb kalu jg di tampilkan jadwal keberangkatan bus Gobis.penumpng jadi bisa kalkulasi keberngktan bus.maju terus bu Risma dan kota Surabaya,hmmm cb kalu jg di tampilkan jadwal keberangkatan bus gobis penumpng jadi bisa kalkulasi keberngktan bus maju terus bu risma dan kota surabaya
Pengguna Google,2,2019-02-04 14:31:25,"map nya tiba"" ga bisa sinkron. tolong dong dishub mapnya diupdate bisar bisa liat posisi bus nya di mana...(padahal dah pembaruan map ma aplikasi trnyata tetep gak ngaruh) 😑",map nya tiba ga bisa sinkron tolong dong dishub mapnya diupdate bisar bisa liat posisi bus nya di mana padahal dah pembaruan map ma aplikasi trnyata tetep gak ngaruh
Pengguna Google,5,2019-02-03 11:47:34,ok,ok
Pengguna Google,4,2019-02-03 08:55:18,"app ga bisa update dgan gmap, Disbub mohon update ya app sd bgus lbih bgus lg kl sprti grab dan gojek, jd kita tw posisi bus brada d titik mn trima kasih",app ga bisa update dgan gmap disbub mohon update ya app sd bgus lbih bgus lg kl sprti grab dan gojek jd kita tw posisi bus brada d titik mn trima kasih
Pengguna Google,1,2019-02-01 16:54:08,lokasi bus tidak muncul di map.,lokasi bus tidak muncul di map
Pengguna Google,3,2019-01-31 17:27:50,kurang simple.stiap tempat pemberhentian baiknya dicantumkan,kurang simple stiap tempat pemberhentian baiknya dicantumkan
Pengguna Google,5,2019-01-30 20:26:43,bagus,bagus
Pengguna Google,5,2019-01-30 18:32:32,"mantab, semoga tetap terjaga keadaan seperti sekarang ini., dan untuk kedepannya di tambah lg aplikasi untuk memberi tau penumpang, apa bus penuh apa sedikit penumpangnya. terkadang kendala kemacetan mmng, apa lagi kalau habis hujan. lain ok deeeh.👍🏽",mantab semoga tetap terjaga keadaan seperti sekarang ini dan untuk kedepannya di tambah lg aplikasi untuk memberi tau penumpang apa bus penuh apa sedikit penumpangnya terkadang kendala kemacetan mmng apa lagi kalau habis hujan lain ok deeeh
Pengguna Google,4,2019-01-30 12:36:19,tidak banyak membantu utk cari busnya,tidak banyak membantu utk cari busnya
Pengguna Google,5,2019-01-28 13:50:06,sipp deh,sipp deh
Pengguna Google,3,2019-01-28 11:48:56,Petugas bis nya lumayan tegas. Tp kurang senyum & ngga ramah.,petugas bis nya lumayan tegas tp kurang senyum ngga ramah
Pengguna Google,5,2019-01-27 16:46:29,Hanya ada di Surabaya bayar ongkos bus pakai sampah. Terimakasih Ibu Risma. Hanya petugas busnya saya lihat kurang ramah. Terlalu banyak pertanyaan. Kalau sudah ada kupon ya harusnya naik sj dan tinggal diinfo Bus nya jurusan kemana.,hanya ada di surabaya bayar ongkos bus pakai sampah terimakasih ibu risma hanya petugas busnya saya lihat kurang ramah terlalu banyak pertanyaan kalau sudah ada kupon ya harusnya naik sj dan tinggal diinfo bus nya jurusan kemana
Pengguna Google,5,2019-01-26 18:15:14,sangat membantu,sangat membantu
Pengguna Google,4,2019-01-25 04:42:24,tidak suport dengan google map tampilan peta nya jadi modus malam,tidak suport dengan google map tampilan peta nya jadi modus malam
Pengguna Google,5,2019-01-24 17:31:58,sangat membantu,sangat membantu
Pengguna Google,3,2019-01-24 06:54:16,klo kemaleman jam 19.30 tdk mau berhenti,klo kemaleman jam tdk mau berhenti
Pengguna Google,2,2019-01-22 14:33:13,banyak error nya,banyak error nya
Pengguna Google,1,2019-01-19 07:23:18,"tolong di cantumkan sampai hari apa dan jam berapa saja,, terima kasih",tolong di cantumkan sampai hari apa dan jam berapa saja terima kasih
Pengguna Google,5,2019-01-17 18:14:31,Good Service,good service
Pengguna Google,1,2019-01-17 12:06:51,kok di aplikasinya tidak bisa memuat layanan google maps dengan benar. gimana ya?? saya gabisa tau dimana letak bus nya,kok di aplikasinya tidak bisa memuat layanan google maps dengan benar gimana ya saya gabisa tau dimana letak bus nya
Pengguna Google,1,2019-01-15 20:02:58,"beberapa hr tidak menampakkan posisi bus merah, dan ini jarak tgu sangat lama pada malam hari saya tgu selasa 15 jan 19. padahal secara info dpt tambahan 10 dab mmg tdk beroperasi semua. Nah saat saya ketik bus merah bus kuning tdk ada. saya ketik ini pukul 20.02 .30 menit sdh kemana tuh tdk terdetek. mohon dapat diperhatikan. trma kasih",beberapa hr tidak menampakkan posisi bus merah dan ini jarak tgu sangat lama pada malam hari saya tgu selasa jan padahal secara info dpt tambahan dab mmg tdk beroperasi semua nah saat saya ketik bus merah bus kuning tdk ada saya ketik ini pukul menit sdh kemana tuh tdk terdetek mohon dapat diperhatikan trma kasih
Pengguna Google,3,2019-01-15 14:50:00,kok beberapa hari ini tidak terdeteksi ya bis nya ... tapi tetep okelah ...,kok beberapa hari ini tidak terdeteksi ya bis nya tapi tetep okelah
Pengguna Google,3,2019-01-14 18:34:43,"Tolong ditambahkan informasi mengenai estimasi waktu keberangkatan dari ITS, UNESA, JEMBATAN MERAH, dan BUNGURASIH",tolong ditambahkan informasi mengenai estimasi waktu keberangkatan dari its unesa jembatan merah dan bungurasih
Pengguna Google,2,2019-01-12 14:07:05,Mas ini sy nunggu hampir 1 jam kok gaada yg lewat ya :(,mas ini sy nunggu hampir jam kok gaada yg lewat ya
Pengguna Google,2,2019-01-12 11:44:28,"tolong diberikan jam datangnya, bus yg diapps tidak sesuai dengan yg di jalan, saya pernah melihat bus di unesa tp di appsnya tidak ada bus yg diunesa. Terima kasih :)",tolong diberikan jam datangnya bus yg diapps tidak sesuai dengan yg di jalan saya pernah melihat bus di unesa tp di appsnya tidak ada bus yg diunesa terima kasih
Pengguna Google,5,2019-01-10 12:08:03,untuk tambahan armada yg baru... kayaknya belum terlihat dari aplikasi yaaaa????,untuk tambahan armada yg baru kayaknya belum terlihat dari aplikasi yaaaa
Pengguna Google,5,2019-01-02 05:26:31,"Saran, aplikasinya ditambahkan kuota orang yang sudah masuk bisa dilihat... Jadi orang yang menunggu di halte bisa melihat busnya masih bisa dinaiki atau sudah penuh",saran aplikasinya ditambahkan kuota orang yang sudah masuk bisa dilihat jadi orang yang menunggu di halte bisa melihat busnya masih bisa dinaiki atau sudah penuh
Pengguna Google,5,2018-12-30 16:05:01,Baca ..langsung install ...OK BANGET,baca langsung install ok banget
Pengguna Google,5,2018-12-29 06:36:10,saran saja..mungkin bisa ditambahkan informasi tarif untuk masing2 transportasi..terima kasih,saran saja mungkin bisa ditambahkan informasi tarif untuk masing transportasi terima kasih
Pengguna Google,3,2018-12-26 10:24:00,belum ada jam jadwal keberangkatannya...,belum ada jam jadwal keberangkatannya
Pengguna Google,4,2018-12-24 21:19:45,kalau mau naik itu harus bawa botol atau bagaimana buat alat pembayaranya,kalau mau naik itu harus bawa botol atau bagaimana buat alat pembayaranya
Pengguna Google,2,2018-12-24 14:04:15,"nunggunya lama banget pernah sejam an, gak jelas jadwal jam berapa aja",nunggunya lama banget pernah sejam an gak jelas jadwal jam berapa aja
Pengguna Google,3,2018-12-20 16:37:24,"armadanya di tambahin, masa nunggu harus 2 jam",armadanya di tambahin masa nunggu harus jam
Pengguna Google,5,2018-12-18 20:16:54,aplikasi mantap....semoga semakin maju dan nyaman moda transportasi disurabaya,aplikasi mantap semoga semakin maju dan nyaman moda transportasi disurabaya
Pengguna Google,1,2018-12-18 14:54:59,wkwk app,wkwk app
Pengguna Google,5,2018-12-09 18:57:08,"Masih banyak Bug nya, over all it's okay",masih banyak bug nya over all it s okay
Pengguna Google,2,2018-12-09 05:24:12,"Aplikasi tidak sesuai espektasi. Jika aplikasi ini bisa digunakan dengan baik akan sangat menguntungkan. Mohon untuk diperbaiki, kami akan menunggu",aplikasi tidak sesuai espektasi jika aplikasi ini bisa digunakan dengan baik akan sangat menguntungkan mohon untuk diperbaiki kami akan menunggu
Pengguna Google,5,2018-12-05 06:42:05,"Ternyata posisi bisnya kurang akurat. Benar2 diharapkan kedepannya bisa lebih akurat posisi bisnya. Dan kalau bisa, dilampirkan jadwal pasti dari keberangkatan bisnya. Matur suwun atas inovasi bergunanya 👍",ternyata posisi bisnya kurang akurat benar diharapkan kedepannya bisa lebih akurat posisi bisnya dan kalau bisa dilampirkan jadwal pasti dari keberangkatan bisnya matur suwun atas inovasi bergunanya
Pengguna Google,5,2018-12-02 07:08:21,Aplikasinya baguss bangettt...😊😊😊😊😊,aplikasinya baguss bangettt
Pengguna Google,3,2018-11-24 13:49:30,Nunggunya lama pake bangettttt 1 jam ga jalan jalan bikin org males,nunggunya lama pake bangettttt jam ga jalan jalan bikin org males
Pengguna Google,5,2018-11-22 20:45:21,Kalo.pakai aplikasih ini saya bisa pesan bus merah surabaya dengan gampang dan online terimakasih DISHUB KOTA SURABAYA,kalo pakai aplikasih ini saya bisa pesan bus merah surabaya dengan gampang dan online terimakasih dishub kota surabaya
Pengguna Google,5,2018-11-19 06:46:02,Mantappppppp,mantappppppp
Pengguna Google,3,2018-11-18 14:32:43,"Lokasi bis hanya bisa dilihat kalau sudah berada di jalur. Kalau diluar jalur tdk bisa, padahal butuh buat perkiraan waktu dr rumah ke halte terdekat. Jadi tidak usah menunggu lama. Pernah sudah nunggu lama di halte ternyata bus penuh dan tdk boleh naik. 🤔",lokasi bis hanya bisa dilihat kalau sudah berada di jalur kalau diluar jalur tdk bisa padahal butuh buat perkiraan waktu dr rumah ke halte terdekat jadi tidak usah menunggu lama pernah sudah nunggu lama di halte ternyata bus penuh dan tdk boleh naik
Pengguna Google,3,2018-11-14 16:37:12,Maps kurang akurat.. Mohon dibenerin terlebih dahulu,maps kurang akurat mohon dibenerin terlebih dahulu
Pengguna Google,3,2018-11-12 17:25:18,Ini gobis naiknya pakai botol atau uang,ini gobis naiknya pakai botol atau uang
Pengguna Google,3,2018-11-09 13:57:39,"Untuk jalur unesa its nunggu hingga 1jam lbh, gak ada jadwal pasti. Jadi kadang terlambat kuliah. Jadi se enak bisnya kpn mau brangkat",untuk jalur unesa its nunggu hingga jam lbh gak ada jadwal pasti jadi kadang terlambat kuliah jadi se enak bisnya kpn mau brangkat
Pengguna Google,1,2018-10-28 15:18:43,Kenapa Aplikasinya sering tidak jalan sesuai.,kenapa aplikasinya sering tidak jalan sesuai
Pengguna Google,5,2018-10-28 06:06:43,Tingkatkan gps,tingkatkan gps
Pengguna Google,4,2018-10-24 09:59:26,"lah selalu ada tulisan ""halaman ini tidak dapat memuat googpe maps dengan benar"" padahal selalu update hmm",lah selalu ada tulisan halaman ini tidak dapat memuat googpe maps dengan benar padahal selalu update hmm
Pengguna Google,4,2018-10-24 06:15:13,"Wess apik,tapi bis e kyk e kurang ngenteni 20 menit, yolek kene gowo pacar enak onok seng dijak ngoomong,sakno seng jomblo min 😭😭",wess apik tapi bis e kyk e kurang ngenteni menit yolek kene gowo pacar enak onok seng dijak ngoomong sakno seng jomblo min
Pengguna Google,5,2018-10-21 18:09:10,Kalo hari minggu gag berfungsi,kalo hari minggu gag berfungsi
Pengguna Google,2,2018-10-21 10:29:58,"Sudah dicoba dibebepara smartphone dengan card yg berbeda"" tetap error.. mohon perbaiki lg",sudah dicoba dibebepara smartphone dengan card yg berbeda tetap error mohon perbaiki lg
Pengguna Google,3,2018-10-19 17:52:55,"Tolong diperbarui maneh, rodok eror aplikasi, gak menyatu karo google maps",tolong diperbarui maneh rodok eror aplikasi gak menyatu karo google maps
Pengguna Google,3,2018-10-19 15:24:47,Kenapa tidak kerjasama dengan Trafi saja seperti TransJakarta. Interface aplikasi Trafi lebih bagus dan mudah dilihat.,kenapa tidak kerjasama dengan trafi saja seperti transjakarta interface aplikasi trafi lebih bagus dan mudah dilihat
Pengguna Google,5,2018-10-19 12:55:23,Sangat bagus. Cuman kalau dilacak di aplikasi bus terdekat yg nampil selalu bis SB03,sangat bagus cuman kalau dilacak di aplikasi bus terdekat yg nampil selalu bis sb
Pengguna Google,5,2018-10-18 06:04:26,Aplikasi ini sangat bermanfaat,aplikasi ini sangat bermanfaat
Pengguna Google,2,2018-10-17 18:05:44,sering ga jalan aplikasinya,sering ga jalan aplikasinya
Pengguna Google,2,2018-10-17 05:19:03,"Bagus sih...tp sayang cari bus terdekat gak muncul""...gak ada jwdl juga...tlog diperbaiki lg apk nya",bagus sih tp sayang cari bus terdekat gak muncul gak ada jwdl juga tlog diperbaiki lg apk nya
Pengguna Google,4,2018-10-16 20:34:27,Tolong tambahkah jadwal ditiap halte..,tolong tambahkah jadwal ditiap halte
Pengguna Google,2,2018-10-15 18:12:42,"Sekarang malah gak sinkron sama jalur busnya, di pencet jurusan mana, yang muncul jurusan yang mana",sekarang malah gak sinkron sama jalur busnya di pencet jurusan mana yang muncul jurusan yang mana
Pengguna Google,5,2018-10-14 16:25:43,Kok gak bisa singkron sama geogel nao,kok gak bisa singkron sama geogel nao
Pengguna Google,1,2018-10-14 11:59:31,Manajemennya saat banyak calon penumpang kurang baik,manajemennya saat banyak calon penumpang kurang baik
Pengguna Google,3,2018-10-06 21:37:43,Di update teros tak kei jempol full budhe,di update teros tak kei jempol full budhe
Pengguna Google,5,2018-10-05 12:22:42,jos,jos
Pengguna Google,5,2018-10-04 22:19:15,"sangat membantu untuk mengurangi kemacetan, sayamg armadanya kurang,",sangat membantu untuk mengurangi kemacetan sayamg armadanya kurang
Pengguna Google,5,2018-10-04 22:14:16,Di tunggu pengembangan yang lebih baik lagi,di tunggu pengembangan yang lebih baik lagi
Pengguna Google,5,2018-10-04 22:01:58,Jika anda bingung menyusuri kota Surabaya tapi tidak tahu menggunakan kendaraan apa maka cobalah menaiki BusSuroboyo ini.,jika anda bingung menyusuri kota surabaya tapi tidak tahu menggunakan kendaraan apa maka cobalah menaiki bussuroboyo ini
Pengguna Google,4,2018-10-04 13:31:31,Kalau untuk warga ktp non sby gmn min? Apakah bsa,kalau untuk warga ktp non sby gmn min apakah bsa
Pengguna Google,5,2018-10-04 09:43:35,Suka,suka
Pengguna Google,5,2018-10-01 23:33:09,Aplikasi keren. Bisa tracking Suroboyo Bus. Dilengkapi dengan rute-rute transportasi umum di Surabaya serta tempat-tempat wisata di Surabaya,aplikasi keren bisa tracking suroboyo bus dilengkapi dengan rute rute transportasi umum di surabaya serta tempat tempat wisata di surabaya
Pengguna Google,5,2018-09-28 20:13:14,Bis e kesuweeeeeennnnn,bis e kesuweeeeeennnnn
Pengguna Google,1,2018-09-24 11:05:02,Jelek,jelek
Pengguna Google,3,2018-09-22 16:14:56,"Mau ngasih masukan : Bilamana bus surabaya sudah penuh , tolong dikasih info di aplikasi agak penumpang bisa tahu. Kejadian kepada saya udah menunggu lama terus bus nya penuh dan saya tidak diperbolehkan naik... Sukses Buat soroboyobus",mau ngasih masukan bilamana bus surabaya sudah penuh tolong dikasih info di aplikasi agak penumpang bisa tahu kejadian kepada saya udah menunggu lama terus bus nya penuh dan saya tidak diperbolehkan naik sukses buat soroboyobus
Pengguna Google,1,2018-09-19 07:12:41,"Ini buat apa aplikasi nya? Lihat jalur aja? Gak informatif, jadwal juga dimana? Harga juga gak ada. Gak ada bantu2 nya nih apps. Kalo jalur mah liat di IG aslisurabaya juga ada LoL",ini buat apa aplikasi nya lihat jalur aja gak informatif jadwal juga dimana harga juga gak ada gak ada bantu nya nih apps kalo jalur mah liat di ig aslisurabaya juga ada lol
Pengguna Google,5,2018-09-17 13:48:52,Good,good
Pengguna Google,5,2018-09-16 10:22:59,Sangat membantu terima kasih..,sangat membantu terima kasih
Pengguna Google,5,2018-09-15 16:56:05,"Siapa pun tlg ksh tau aku gmn caranya pake aplikasi ini.. hub id line = ernymay1151 makasih🙏, sumpah aku g tau caranya 😭",siapa pun tlg ksh tau aku gmn caranya pake aplikasi ini hub id line ernymay makasih sumpah aku g tau caranya
Pengguna Google,5,2018-09-15 16:49:06,Sangat ideal,sangat ideal
Pengguna Google,5,2018-09-11 10:37:24,Update jalur nya beda ya buat Unesa dan ITS. Malah itu jalurnya Purabaya gt. Nunggu nya jadi lama gak jelas. Update lagi dong,update jalur nya beda ya buat unesa dan its malah itu jalurnya purabaya gt nunggu nya jadi lama gak jelas update lagi dong
Pengguna Google,4,2018-09-10 17:01:16,Mantab,mantab
Pengguna Google,5,2018-09-10 16:43:52,Ditunggu tracking rute barat timur,ditunggu tracking rute barat timur
Pengguna Google,4,2018-09-10 05:33:23,"Aplikasinya uda bagus, hampir sama sprti Flightradar24. Utk AKURASI POSISI BIS dan JENIS BIS mohon ditingkatkan lagi biar setara Flightradar24. Jadi kalo nunggu bis enak bisa tau posisi bisnya secara presisi dan jenis bisnya ap? bis tingkat atau bukan? Biar setara flightradar24 gitu lah..",aplikasinya uda bagus hampir sama sprti flightradar utk akurasi posisi bis dan jenis bis mohon ditingkatkan lagi biar setara flightradar jadi kalo nunggu bis enak bisa tau posisi bisnya secara presisi dan jenis bisnya ap bis tingkat atau bukan biar setara flightradar gitu lah
Pengguna Google,2,2018-09-08 14:07:27,Tidak responsif aplikasinya ... Lama connect ke GPS-nya ...,tidak responsif aplikasinya lama connect ke gps nya
Pengguna Google,5,2018-09-08 13:39:00,Yes,yes
Pengguna Google,2,2018-09-08 10:08:34,Sejak saya perbarui app nya ... Jadi g akurat map nya ... Bus arah unesa masuk ke rute bus arah purabaya ... Yang arah purabaya malah g kelihatan,sejak saya perbarui app nya jadi g akurat map nya bus arah unesa masuk ke rute bus arah purabaya yang arah purabaya malah g kelihatan
Pengguna Google,1,2018-09-07 16:09:38,Busnya yang rute UNESA ITS gak kelihatan,busnya yang rute unesa its gak kelihatan
Pengguna Google,4,2018-09-05 22:23:26,Bagaimana cara membedakan bus non hd mercy (bis merah) dg bus SDD oc500rf min.??? Bila melihat dri gps bus terdekat..,bagaimana cara membedakan bus non hd mercy bis merah dg bus sdd oc rf min bila melihat dri gps bus terdekat
Pengguna Google,5,2018-09-02 04:06:18,Smakin maju surabayaq,smakin maju surabayaq
Pengguna Google,1,2018-09-01 15:41:53,"Jadwal yang katanya sampai malam, namun waktu saya ke halte Purabaya pukul 8. Bus sudah tidak ada. Di aplikasi ada bus padahal. Aplikasi gak ada alat bantunya",jadwal yang katanya sampai malam namun waktu saya ke halte purabaya pukul bus sudah tidak ada di aplikasi ada bus padahal aplikasi gak ada alat bantunya
Pengguna Google,4,2018-08-19 06:43:08,"Sangat informatif bagi warga surabaya khususnya pendatang dan wisatawan 
jadi tau moda transportasi umum. Namun lebih baik lagi disertakan info soal 
tarif masing2 amgkutan umum agar kita lebih tau soal biaya dan estimasi 
pengeluaran. Maju terus suroboyoku",sangat informatif bagi warga surabaya khususnya pendatang dan wisatawan jadi tau moda transportasi umum namun lebih baik lagi disertakan info soal tarif masing amgkutan umum agar kita lebih tau soal biaya dan estimasi pengeluaran maju terus suroboyoku
Pengguna Google,4,2018-08-15 13:12:07,Nice,nice
Pengguna Google,5,2018-08-15 08:46:11,Mantap,mantap
Pengguna Google,5,2018-08-14 09:20:27,Sayang terlalu lama nunggu armadanya..,sayang terlalu lama nunggu armadanya
Pengguna Google,5,2018-07-23 23:29:26,terimakasih untuk wali kota Surabaya yaitu bu tri risma harini ❤,terimakasih untuk wali kota surabaya yaitu bu tri risma harini
Pengguna Google,3,2018-07-08 22:06:46,Titik bus masih belup update. Jadi Penumpang harus menunggu,titik bus masih belup update jadi penumpang harus menunggu
Pengguna Google,5,2018-07-07 05:27:08,Memuaskan Sekali. Terima kasih,memuaskan sekali terima kasih
Pengguna Google,5,2018-07-06 20:58:11,Terus perkembangkan Surabaya untuk lebih maju lagi dari negara lain,terus perkembangkan surabaya untuk lebih maju lagi dari negara lain
Pengguna Google,5,2018-07-05 16:57:37,Senan,senan
Pengguna Google,5,2018-07-01 11:35:05,"sipp banget.udah berkali kali naik bus ini.mungkin bus nya harus d tambah 
lg😘",sipp banget udah berkali kali naik bus ini mungkin bus nya harus d tambah lg
Pengguna Google,4,2018-06-26 14:50:18,Pls untuk ditambahkan posisi bus Biar kita gk banyak buang waktu nunggu bus,pls untuk ditambahkan posisi bus biar kita gk banyak buang waktu nunggu bus
Pengguna Google,3,2018-06-25 13:12:05,"Hari Sabtu 23 Juni 2018, pukul 18.10 , saya tiba di pemberangkatan bus kota 
di terminal Purabaya. Lalu saya tanya ke pegawai dishub yang ada di pos, 
nunggu di sebelah mana kalau mau naik Suroboyo bus? Jawabnya : kalau jam 
segini, Suroboyo bus udah habis. Akhirnya saya naik bus kota. Yang saya mau 
tanyakan, Suroboyo bus beroperasi sampai jam berapa? Trus di terminal 
Purabaya, nunggu Suroboyo bus di sebelah mana? Makasih.",hari sabtu juni pukul saya tiba di pemberangkatan bus kota di terminal purabaya lalu saya tanya ke pegawai dishub yang ada di pos nunggu di sebelah mana kalau mau naik suroboyo bus jawabnya kalau jam segini suroboyo bus udah habis akhirnya saya naik bus kota yang saya mau tanyakan suroboyo bus beroperasi sampai jam berapa trus di terminal purabaya nunggu suroboyo bus di sebelah mana makasih
Pengguna Google,5,2018-06-17 20:44:56,Cucok deh hmm 😂😂,cucok deh hmm
Pengguna Google,5,2018-06-13 12:35:42,sesuai dengan harapan 💛 maju terus suroboyo,sesuai dengan harapan maju terus suroboyo
Pengguna Google,3,2018-06-02 20:03:00,Semoga ada juga yg antar kota,semoga ada juga yg antar kota
Pengguna Google,3,2018-06-02 12:00:37,"Ketika ingin naik bus surabaya tidak terlihat titik busnya berada dimana. 
Jadi jika customer naik harus menunggu lagi, karena busnya tidak tau datang 
jam berapa",ketika ingin naik bus surabaya tidak terlihat titik busnya berada dimana jadi jika customer naik harus menunggu lagi karena busnya tidak tau datang jam berapa
Pengguna Google,3,2018-06-02 11:36:47,"Desain layout Tulisan dan icon kurang menarik,.. Mohon perbaiki lagi 
desainnya agar nampak berkelas, dan mewah.",desain layout tulisan dan icon kurang menarik mohon perbaiki lagi desainnya agar nampak berkelas dan mewah
Pengguna Google,5,2018-06-02 11:31:51,"Apik Ikhi.Ben Pendatang Ngerti Dalan Lan Angkotan Umum Opo Seng 
DiTumpaiSampai Tujuan.Dukung Terus AplikasiSurabaya",apik ikhi ben pendatang ngerti dalan lan angkotan umum opo seng ditumpaisampai tujuan dukung terus aplikasisurabaya
Pengguna Google,5,2018-05-28 17:26:29,👳 mantaaap,mantaaap
Pengguna Google,5,2018-05-09 10:50:45,Semakin maju Dishub Surabaya,semakin maju dishub surabaya
Pengguna Google,5,2018-05-08 08:15:46,"Untuk semua pengguna aplikasi ini perlu GPS lokasi pada Handphone android 
anda",untuk semua pengguna aplikasi ini perlu gps lokasi pada handphone android anda
