reviewId,userName,userImage,content,score,thumbsUpCount,reviewCreatedVersion,at,replyContent,repliedAt,appVersion
f90d5a4f-d920-406c-a079-91c3a0138479,Revan Ariello,https://play-lh.googleusercontent.com/a/ACg8ocLTf1jPnvzyhQkt2PFu4USeZMJBfWKqXU95unLGWTh10bH2wQ=mo,supirnya kurang hati²,1,0,,2026-04-23 16:55:11,,,
f059dce5-de44-424a-bd87-f889564d8f26,Desy Chen,https://play-lh.googleusercontent.com/a/ACg8ocL934GkhTCE9UJvcF_pvLwBVYuVnAVoDh_sLRL9nilIZyJCxQ=mo,parahhh aplikasi. koneksi putus terus.. tolong diperbaiki. makin hari makin parah. ada saldo saya.,1,0,,2026-04-23 10:14:31,,,
7a6008f5-0fbf-4d6d-8daf-c3942feef6bc,Aditya Rizaldy Bahren,https://play-lh.googleusercontent.com/a-/ALV-UjVNYYPRfTdxX9H702ijlkBSbmOqfBPp-qZ4wnGzY3VfkHQo2ZoQ,aplikasi thaekk🥺😭,1,0,11,2026-04-22 16:19:52,,,11
169a8f87-5f99-4c49-a152-17daceea4e59,oceanasky,https://play-lh.googleusercontent.com/a-/ALV-UjV6_11MvpNhJfrcGPnUQXQvRs5HGqw_fS8sfeHSwj-k8Y_PtK4,TIDAK BISA LOGIN.,1,0,,2026-04-22 07:53:42,,,
153915b0-881f-455e-8e64-fa7510b79aa6,Alfnn Cndr,https://play-lh.googleusercontent.com/a-/ALV-UjXYEVmzhafUIqO507sq7ui3w8qbEpq2o7r7Qik2PyCEIAbhZThMdQ,"perlu banyak perbaikan di aplikasi ini, informasi dan detail, sangat mengecewakan seharusnya proyek pemerintah punya anggaran besar, dan jika hasilnya seperti ini ga ngerti lagi udah hahah, masa tidak ada info halte mana aja buat pemberhentiannya.",1,0,11,2026-04-21 15:57:20,,,11
6afd2255-b9df-4f8d-871f-7396ee9e6a3f,Gatot Wage,https://play-lh.googleusercontent.com/a/ACg8ocLJnpwRUg7zVsVZpIhOIp618ABGWXcLQwL069_nqpyFO1i9zw=mo,map nya gk akurat,1,0,11,2026-04-20 21:26:23,,,11
235fe82d-8ce3-471f-bc89-1be6bcf7975d,Zulfikar Anggoro,https://play-lh.googleusercontent.com/a/ACg8ocKc17CR8eiOS0peFtdy4TyLgH31YzV_a7CHXytGyBsWVJl0ljI=mo,bagus.,5,0,11,2026-04-17 06:23:08,,,11
0de011d6-fe1f-401d-87d1-8643e1232995,αяιє нσи,https://play-lh.googleusercontent.com/a-/ALV-UjWQaumWlfF1ZybduPFhR9JgRDv07X4GxveSs8t4bcAeTzhV6y8,"sering ga keliatan icon bisnya udah jalan atau belum, tolong diperbaiki lagi.",1,0,11,2026-04-16 05:45:53,,,11
2afe95f3-b8a7-4a91-b2d9-7c3f21d5f9dc,Inara Bujaya,https://play-lh.googleusercontent.com/a/ACg8ocJRYi8Nb21khRzu0T_du3Jf8joXSoAU-o7Fwze1XUTPDYtuwA=mo,"aplikasi opooo....Iki kq sering eror koneksi terputus,GK niat blas cak",1,0,,2026-04-13 15:11:07,,,
74e46131-a686-453d-8e86-0934c2e06a43,Kopi Tanpa Gula,https://play-lh.googleusercontent.com/a/ACg8ocJ34Xw40LdaCSpCrdhjpas9vY61NC1gKIMrCrmj2NI58C4qsQ=mo,"upgrade dong, suka error bus suka ga kebaca di peta, saldo sama tiket suka error",1,0,11,2026-04-13 11:08:48,,,11
7c756767-bad0-495b-a6b5-7d967927cf2c,tom eles,https://play-lh.googleusercontent.com/a-/ALV-UjUaQx6qu5X8xuhjg8oiG1gdwBCqGia2PFy7PeP0jP5Gvywykqk_,"setiap melihat lokasi wira-wiri tidak bisa terlihat rutenya, blank putih saja, tolong diperbaiki",1,0,11,2026-04-12 10:31:39,,,11
d92f7be1-fbe5-4590-837c-ca3b3d398c13,Max Rooyackers,https://play-lh.googleusercontent.com/a-/ALV-UjWJSrKBwQog07lkpKABYI5n7xvdm8QYfv145X90GakQqLXqe01elA,definisi kalau bisa susah kenapa tidak dibikin lebih susah lagi,1,0,,2026-04-12 07:56:59,,,
b8c8844e-9d4c-43d4-aec7-2f97e8351ecc,Lya00,https://play-lh.googleusercontent.com/a/ACg8ocLLCgYiaO7fjKcs2_cWJ_10VLxvR8W8kMkJVTve40VPHvOx24s2=mo,"aplikasi apa ini woy.. saldo yg sudah masuk gabisa di transfer ke rekening lain, kecewa bangett anjirr!!!! mana saldo banyak lagiii .. gimana sih 😑",1,0,11,2026-04-12 07:55:15,,,11
f62d1e1a-1bc0-480e-8aa6-3dbd5b22916c,Abd Al-fata,https://play-lh.googleusercontent.com/a-/ALV-UjUOaGanLDsbNIcbobFJqIYw2AaB9VBkuApxf3wGE046RzBJ01xD,aplikasi ini masih banyak bug Sam tolong benerin denah nya agar lebih mudah,3,0,11,2026-04-11 00:04:56,,,11
89540373-94ef-4c60-82f3-cc5e61c3a9ba,khusus samsung,https://play-lh.googleusercontent.com/a/ACg8ocIrqSedi0L-Q4nBldJAFNb0w7MqAQn67uE7ktjR85Qo1J6JTA=mo,gabisa login alasannya jaringan terputus terus padahal jaringan bagus,1,0,11,2026-04-10 16:40:44,,,11
d6cf1607-73b4-44d6-90a8-6656a9b3331e,Ani_Maxipro,https://play-lh.googleusercontent.com/a/ACg8ocI_YkKcL5vzQ6QgIfj9WvZrqTha41jWL_3_VqiJR8s11JedbQ=mo,"Aplikasi ini paling sering trouble, entah armada tidak terlihat, dipaksa update tapi tetap saja kualitas aplikasi tidak memuaskan. Gen Z banyak lho yang mahir mengelola server kenapa tidak dipergunakan untuk high qualitas",2,0,11,2026-04-09 14:25:53,,,11
6e508900-599d-48ec-a277-aa26ca796d9d,It's _Noona,https://play-lh.googleusercontent.com/a-/ALV-UjVgy5b_tgoDD2fL9k7apjDy8_P_sONEp5ZM9XV8Bqs94j72VVdt,"Sering banget error, kadang tiket ilang, kadang jumlah tiket kembali ke hari2 sebelumnya, kadang ngga muncul mobilnya",2,0,11,2026-04-09 11:39:28,,,11
4083acc0-8387-4c35-a6bd-08853bb759cb,Ervan Ervan,https://play-lh.googleusercontent.com/a-/ALV-UjUnDaTZOjLhd-IhafCo017zFIBuV1e2uE9WtbyVshNJHtt4uVI,good,5,0,11,2026-04-09 09:00:41,,,11
851edc2a-4adb-42ef-8c3a-97fe0485cfe4,Dhinar Adelia,https://play-lh.googleusercontent.com/a/ACg8ocJviUqXneHhAP4-dGdZwMZ9JY7vjAqD-S-zRZpoFOounNvYcm8=mo,sering koneksi terputus.,1,0,,2026-04-07 13:25:35,,,
f5c5af61-f19d-4445-9e30-8da78f660f1c,Veronica Natasya,https://play-lh.googleusercontent.com/a-/ALV-UjUwWl1Nh0GVkI38SkKDuy8IWfBQCL-iFdwh07R_P7JH-m5P9FVP,koneksi internet terputus mulu,1,0,8,2026-04-05 19:24:33,,,8
cf7e76d9-2e01-44ed-a892-c86cfab20356,Erfanda Yudianto,https://play-lh.googleusercontent.com/a/ACg8ocKG1T-Ki4akqcWev9pPEO_QCO048ZT76jjbjz_BwPRmrUXG7A=mo,"barusan no WW12 jalur Purabaya Kenpark yang seharusnya memilih jalur mendekati Halte malah menjauh dri Halte jadi saya selaku penumpang tidak terlihat oleh armada sering putus jaringan sehingga TDK terpantau armada yg mendekati Halte, hari ini Sabtu tgl 4 April 2026 armada dgn No.WW 14 arah Purabaya melaju tidak mendekati Halte melainkan menjauh di Halte SKG B. dan saya terpaksa menunggu lagi armada berikutnya... sampe kapan Iki koyok ngene Iki... Dishub ... kasih peringatan",1,0,,2026-04-04 19:12:42,,,
6b60ff2e-488a-497f-9d9f-f2151a5ace14,Raka Rabbani,https://play-lh.googleusercontent.com/a-/ALV-UjWPunXxYDQ0PBSO1zaZCi9VOpLHfUDOcCum6UKLWwYpGCP-dE0,sudah bagus tapi bisa gak tambahin pin atau sidik jari agar saat bayar jadi lebih cepat tanpa masukin password,5,1,11,2026-04-04 16:18:01,,,11
6d90496d-eea5-433e-9daa-91afd6793471,Basuki Rachmad,https://play-lh.googleusercontent.com/a-/ALV-UjU41SFacPMPXZSF1DG4YTawzKklE3FAKHHu9DLeQBAwkw0s1jYV,"aplikasi gak jelass.. Mau masuk aja gak bisa dan selalu Koneksi terputus, kadang keluar sendiri, dulu enak dan gampang, sekarang kayak t*i",1,0,,2026-03-31 22:39:08,,,
fa77bc1d-43db-4e2b-9aaf-7328bbe78a32,Indira Kristaliano,https://play-lh.googleusercontent.com/a-/ALV-UjX8zULATXaBUrCOoQMtAWICTa7RlAauY9JEaeLlgdESxcR9CJjkwQ,PAK BU KERJA YANG BENER TERUTAMA BAGIAN IT NYA SAYA MAU DAFTAR AKUN KONEKSI TERPUTUS TERUS INI YANG LAINNYA UDAH PADA PROTES LOH KARENA ADA YANG TELAT MASUK KERJA KARENA APLIKASINYA KONEKSI TERPUTUS MAU SAMPAI KAPAN APLIKASINYA KAYAK GINI?!,1,0,11,2026-03-31 07:57:32,,,11
97b72bfb-cb58-43d0-873e-4b6b37d703a8,Agadha Ekajaya,https://play-lh.googleusercontent.com/a-/ALV-UjXtA1jFJanSO7Ghf6C75i7tToOGR7KAjYyVjhHEviy-HG1ifJly,gak bisa untuk tracking busnya. terus buat apa ada aplikasi ini?,1,0,11,2026-03-30 12:07:56,,,11
53fd1710-c57c-4b60-8013-06728bb8cba6,Bagas Bima Arka,https://play-lh.googleusercontent.com/a-/ALV-UjUr2OXW4EexzInRe5cCKa3cTBammDkRvSitySak2RIFtrZijyM,sering penuh utk Bus jurusan Tujungan Benowo..... kurang armadanya klo bisa ada deteksi di aplikasi kalo Penuh.... seperti di Feeder,1,0,11,2026-03-28 16:37:59,,,11
ff623dd6-a0a1-4165-9fe2-3a6cca6e17a3,Lathifaa Qolbii,https://play-lh.googleusercontent.com/a/ACg8ocJS98vmFdoRXnSHDqczCjZsz2pu_-xpzbdAwSPVPTPXlw6VIw=mo,"yaampunnn, pliss permudah dongg buat login nya, email dah bener kok katanya ga ke daftar, regist lgi juga harus pake nik🤬",1,0,,2026-03-26 11:21:33,,,
4eb2678e-c16c-4060-9d08-3f67483429e2,editya wira,https://play-lh.googleusercontent.com/a-/ALV-UjUSNWP4a84iLEhCeSr7xF3PRdvlSSQJOoJX_xpQytWP8IHN8mU,aplikasi gombal,1,0,11,2026-03-23 07:43:19,,,11
60f19c15-e97d-43a9-9617-a69a9fd71a97,Sudarni Indrianto,https://play-lh.googleusercontent.com/a-/ALV-UjUq_6afB1-NhnUZGOf1_HIXWllF4AMjr-sJau2vQTmHefvU4nw,mantab,5,0,11,2026-03-20 01:48:46,,,11
5b4c8b31-fced-4dbf-846a-3ec86cfe91a9,Teo Lang,https://play-lh.googleusercontent.com/a-/ALV-UjXbP_Nbde6ghoTTtueEW6Sd7dnBoqXnJDMkWX6d6NHcxW-s-Ug,taek gk kenek di gawe,1,0,,2026-03-19 10:15:39,,,
651d67c8-007c-4e20-9fb7-5cb204c17ab9,Plincess Noe,https://play-lh.googleusercontent.com/a-/ALV-UjXP7EtJ0uDMB3u5rJnGTNvgJEzU8XcywtHhLUFWAjP5CP0-Sm2IIw,"aplikasi sampah, gak bisa dipake gak bisa login.",1,1,11,2026-03-18 10:27:53,,,11
9f9d4aea-9f3c-4314-95c7-64d2d5cd90bf,sandy meiliana,https://play-lh.googleusercontent.com/a/ACg8ocI911zhYGWszqkCFpxAFEypwHwFEBoV9S5HQxr2_odv4d5xSA=mo,"ini tiap berapa bulan sekali update, yang jadi pertanyaan apa yang diperbarui?bukannya memudahkan malah ga bisa tracking armada nya",1,1,11,2026-03-16 18:38:49,,,11
ae4f64f7-b3bd-4787-acf5-1f9d55fa8b15,Suport,https://play-lh.googleusercontent.com/a/ACg8ocK1_TwzuNcytnArnRwGou-tY_BMMrfJ0y_PtlNg03B9aWtJiw=mo,Perbaikan map kok tiap minggu,1,4,11,2026-03-13 16:58:47,,,11
cdf21d99-e2a6-4083-8641-ef5c71d9fe35,EF_AADE,https://play-lh.googleusercontent.com/a-/ALV-UjVrvbcoeYHuFcmIDujTXE-ih9bzjx1W_A2l4hsokXX3OXeWRMPC,sering banget disuruh update. btw plislah adain fitur ganti pp,1,0,10,2026-03-11 15:13:11,,,10
2b8f7c64-2cff-42f7-ba66-a56f63dff2c8,nisa adei,https://play-lh.googleusercontent.com/a-/ALV-UjXiqphN8agmMw8m79orEhsK8Fc50ZQxF51rH8uNMeGaHBXzSk73,"Barusan top up, sudah berhasil kemudian aplikasi nge big log out sendiri, terus saat log in kembali koneksi terputus terus padahal paket data saya masih banyak dan membuka aplikasi lain juga masih bisa, akhirnya mencoba mode guest/tamu tapi tidak ada tampilan sama sekali hanya layar putih",1,10,11,2026-03-11 09:11:04,,,11
700ceb24-52f3-40b1-98d9-71312322d964,Septiani Putri,https://play-lh.googleusercontent.com/a-/ALV-UjXUO5dNTFOQs0_o7poD1x9_ifZ0QP0K1L-5Dtft0_xqqbeuS4Mhhw,aplikasi nya tolong lah diperbaiki sebagai mungkin. erorr trs ini gimana titik bis nya gk sesuai aplikasi. payahhh. tolong diperbaiki,1,1,11,2026-03-11 07:22:03,,,11
3bc5e5b1-0467-4989-b5c8-bd9462cd09ee,Muhammad Rizky,https://play-lh.googleusercontent.com/a-/ALV-UjUwEznE7Qc2p1FfOiWcdY5Q7tycMVgcROLgMEC88UmfXXYnSYi0SQ,bosok nyandet teros top up 30 ga mlebu duwek ilang apk ga beres,1,0,11,2026-03-09 12:21:59,,,11
9f7bf8c1-8758-4e8f-84b5-19bd3d89a877,AISYAH GERARDIN NUR FADHIYAH SETYOBUDI,https://play-lh.googleusercontent.com/a-/ALV-UjXETCK7HcmwAOUTutdYvWpmPg01ywiAEtPtpY1pz7lORYwhUtw3_A,"banyak bug, bis sering tidak muncul di map. Padahal jaringan saya lancar",1,1,11,2026-03-09 12:18:03,,,11
ca9c759c-2ea4-47bc-9c6b-01392e0bdbc2,GalihRamadhan07,https://play-lh.googleusercontent.com/a-/ALV-UjVURcmJ5E7nXPwaMBFHxwYCCkxtGudzYozImoqwsbmATXzGhnLN,gak guna,1,0,11,2026-03-05 11:41:44,,,11
8fc28b26-f594-4015-bee8-f16fd74f73a0,naura,https://play-lh.googleusercontent.com/a/ACg8ocLrEJ6-9Sse-MK7kJYE_v3gLGcs_Wy2SjCpdbKFCIc4cU8LOyM=mo,banyak bug,1,0,11,2026-03-04 13:33:00,,,11
487915b6-511b-4da6-bd10-fbb5d9e10d9b,Aqila Raisa,https://play-lh.googleusercontent.com/a/ACg8ocLFqNaAZUUgcEdyRVs_S6XZvVjA3tmoGvMvsVolfq5UNeVhOw=mo,sering gangguan,3,0,11,2026-03-04 06:51:44,,,11
2a15dd52-a83d-411d-94ba-16e6d9254018,Ersya Nur Izzah N,https://play-lh.googleusercontent.com/a-/ALV-UjUnQqZG5_dEO7nVWqqHPjw5InYVinV_bmdhj-X1qfdtVng9GvTw,"TOLONG DI UPDATE, DIKALA URGENT APLIKASI TIDAK MENDUKUNG",5,0,11,2026-03-04 04:34:31,,,11
e2b1a93c-cc0b-4d1b-8211-e4cc33686e18,Fiqry Pratama Bagus Putra,https://play-lh.googleusercontent.com/a-/ALV-UjXbtVGJcP5Xg7jbx7aCQI6rRoJtPGsUnPXtbc_F_knd9_1iAaj7,aplikasi apa an.. buang2 anggaran aja..,1,0,11,2026-03-03 20:09:55,,,11
95ea3250-ab59-4649-b9d4-0bb483ab8e2f,Deaz Dermawan,https://play-lh.googleusercontent.com/a-/ALV-UjWcGycRIdkvrttPXBjfnaM0Q7QaXehygla90AY8QucBA_S-Fou9,sering muncul peringatan Koneksi Internet Terputus padahal sinyal ok dan buka aplikasi lain lancar. tolong diperbaiki segera. aplikasi ini penting bagi pengguna transum. mohon dikelola dengan baik dan serius,1,2,11,2026-03-03 16:10:08,,,11
b9392358-2b80-4a0e-8c69-d554cf7dc100,Sena Wahyu,https://play-lh.googleusercontent.com/a-/ALV-UjXCD7tZAYoU3ajkMO0G2aLUVO0iZwAg-_kl0zdV6DKnQma0yGv4,"sering kali error, koneksi terputus, bener bener gak nyaman..",1,0,11,2026-03-01 16:55:14,,,11
a2eeeb2d-733a-43f7-b2f6-61d3845927bb,aldi waluyo,https://play-lh.googleusercontent.com/a-/ALV-UjUtfH1FPzKwVMaUHr2k9jl5OP2KQ2jO4zT1r4gbL_VBEZkr07ds,"ayolah para it yaitu programer dan lainnya ini aplikasimu banyak bugnya , koneksi sering error putus , tracking armada tidak muncul masa gini terus perbaiki lah masa ngak ada tim IT nya untuk mengatasi troubleshoot seperti ini seperti di biarkan begini",1,11,11,2026-03-01 13:40:44,,,11
0cc70a58-2fd5-468e-a3c5-ba064fd754e9,Baraa Ziyad Ramadhan,https://play-lh.googleusercontent.com/a-/ALV-UjXm80WmPOR48zuiWcsa3f6JXHjwKmG0ZQWOiSwFjP1lT3MINovm,tolong di setiap bus stop di berikan tempat duduk dan tempat berteduh,1,0,11,2026-02-28 11:28:36,,,11
b2fa7f2b-d661-4ae8-a393-53c4bcd59ecd,mufida aly,https://play-lh.googleusercontent.com/a-/ALV-UjVkpwVOAWz79kIgpSLC30iPiBhVb4ZqXQ58r_1kn406m2taj7DV,banyak bug. lupa password susah dilakuin,3,0,11,2026-02-27 19:44:58,,,11
73f8400e-b71f-4d6a-a406-17762eee19da,Hamid Amid,https://play-lh.googleusercontent.com/a/ACg8ocI9bG5BV35ZxqE9pOZCtjRkXzf_va4hX6kv5z8NS7GjHHItq0Y=mo,"perbaiki lah aplikasinya lihat map, menjauh lagi, bis nya atau Wira-wiri juga gak ada di maps",5,6,11,2026-02-26 15:07:22,,,11
17257060-4475-45a8-8883-1fecb23541be,DHAFIN MATTHEW,https://play-lh.googleusercontent.com/a/ACg8ocKp_FwA5LteXKn1BtogJN-B0oKVAWBYTzOvlzvgYIjl2hpUWQ=mo,aplikasi ga jelas login setengah jam ga bisa2,1,0,,2026-02-26 12:16:12,,,
5a427dcc-112b-4007-a39a-497fd9198e1b,Agus Riyanto,https://play-lh.googleusercontent.com/a-/ALV-UjXk5pft6cJCrZDrsgWRD9XeYlEMgw1KLaCR_adLExwgFrzPLmbR,"Sering error sangat mengecewakan, tiba2 koneksi terputus sehingga tidak bisa dipakai padahal udah top up banyak",1,1,,2026-02-26 12:13:50,,,
3fcfe9b0-4ba2-42b5-8f91-ab4ca562109f,Kin Indriani,https://play-lh.googleusercontent.com/a-/ALV-UjVJQVFlfN7aL_bDIaNk-KONgWSTh1hGOo2D9Hpigu5WfTQfWrcL1w,SAYA HERAN SAMA ORANG ORANG YANG PUNYA MOBIL ATAU TRUCK . CUMA BISA PARKIR SEMBARANGAN YANG NUTUTUPI HALTE BUS APA LAGI SUDAH SATU TAHUN INI SAYA PAKAI TRANSPOTASI UMUM BUS SBY . TAPI TIDAK ADA PERUBAHAN .PEMERINTAH HARUSNYA MENDISPLINKAN ORANG ORANG ITU AGAR TIDAK PARKIR YANG EMANG HARUSNYA BUKAN TEMPAT PARKIR UMUM . UNTUK DRIVER BUS JANGAN MAKAN GAJI BUTA YANG SETIAP HALTE DILEWATKAN HARUSNYA TAU JALUR RUTE HALTE YANG HARUS HENTIKAN AGAR PENUMPANG TIDAK MENUNGGU DI HALTE TRUS DI LEWATKAN SAJA,1,1,11,2026-02-26 10:26:32,,,11
ad765692-bfce-438a-9bbf-aadb6b020f8e,QC Transfer,https://play-lh.googleusercontent.com/a/ACg8ocJ1LJuYNJf464Gp63-1mdOpdES8o17rT0qbzq3VqFqyFbboQQ=mo,"Tolong lah perbaiki bug nya, masak mau daftar aja udah nungguin lama tiba tiba gagal,",1,0,11,2026-02-26 09:46:22,,,11
041fc246-7424-44f4-965c-9140aadc0a8e,Maulana Aditya,https://play-lh.googleusercontent.com/a/ACg8ocLrAHrihDPMCurvjJkGLYZGSjC_lXTDLt7SC-RWeHQR-P_gEA=mo,tolong tambahin fitur bus penuh jadi tau,4,0,11,2026-02-23 16:25:35,,,11
a24928e8-f92e-463c-8dcc-6010df803eff,Sydney Evelyna,https://play-lh.googleusercontent.com/a-/ALV-UjVD75Oth1KqOWdltgncN_-T8P38QJFuFcFX7rQI8GNUFritoBFo8w,"kenapa kadang tidak ada gambar mobil yg jalan itu, jadi saya bingung mobilnya sampai mana.. padahal jaringan juga lancar. tolong dibenarkan ya, kenapa waktu mau lihat rute tidak muncul padahal koneksi lancar jaya",1,16,11,2026-02-23 12:46:53,,,11
38b4739f-f1f9-4079-95d3-1e1fb09181e4,Muhammad Chusni,https://play-lh.googleusercontent.com/a-/ALV-UjW8LTk9oLRdijnYtX05lgpMKIuX9b-XRwq-v7qwT64RPAOd9s0,lemot dan eror terus,1,0,11,2026-02-21 07:06:18,,,11
ec4d0261-8c43-4d2e-ae39-8940c1cd262f,Paulina S,https://play-lh.googleusercontent.com/a/ACg8ocIAbRFsPlx_y89G69wAGxKFQlhe3GVPIgz-0VKwwdW7SekbGg=mo,"Banyak sekali bug nya, sering banget tertulis koneksi putus, padahal koneksinya lagi baik baik saja, bahkan untuk login akun saja susah sekali.. mohon segera diperbaiki",1,4,11,2026-02-21 06:21:39,,,11
6bdfc89e-867b-4c8d-942e-9e5244bc77cf,Wahyu Nur,https://play-lh.googleusercontent.com/a-/ALV-UjWaklE0MN4ctEbhvQuPIAfMmsWsbe8VsWRPoTFyCZ_dEo-EZA47,"aplikasi sering bug koneksi terputus, padqhal sudah top up 40 tiket",1,1,11,2026-02-21 06:15:33,,,11
9d420583-4afb-432e-8061-6052b282cb3e,Sella Auliya Rahmah,https://play-lh.googleusercontent.com/a-/ALV-UjWVyCZJqbq5GyPFgWJDT9QA8TybHXtCPo_J0CElYXVtwnhjLywf,Halo Developer. Kenapa aplikasi Gobis akhir-akhir ini eror ya? pembelian tiket tidak dapat dilakukan.,1,0,11,2026-02-21 06:13:00,,,11
a7cb8e3d-1a1c-4e6c-8b37-2a5a168e6976,Rusmono Fairuz,https://play-lh.googleusercontent.com/a-/ALV-UjVNQ2Dcvv-5HZB-DWYgrDnO16TAJRK2gXPPd0iDyElrZNbSKOBX,untuk tracking bus nya sering tidak muncul...koneksi putus....!!! Untuk jam kerja ato jam sibuk...brgkat dr purabaya nya klo bisa di percepat,1,0,11,2026-02-20 08:07:56,,,11
4a2efb80-ee5d-4735-bed3-478f51ddb904,Amara Nebula,https://play-lh.googleusercontent.com/a-/ALV-UjV2TSm4lMZciz6bBYbgrJoCi4XiWNn4i42Ltc-VK1SGSVj0NCo,error mulu applikasinya,1,1,,2026-02-19 16:46:51,,,
74ae50d8-e828-485d-b3f0-dba6729f190f,Bimas Permana,https://play-lh.googleusercontent.com/a-/ALV-UjXIjxFdhuL3YIbdlk15mALxlXbfvpzMCvTxuHQ99LDQJLMknvrVqA,driver SB WW gak niat cari penumpang. harusnya mendekati halte cek dulu ada orang mau naik gak. bukannya patas aja. yaa gini nih kalau kerjanya ngasal dan gak ikhlas,1,0,11,2026-02-19 12:45:32,,,11
859ca4cb-864a-469c-ae01-58cc214e41f4,Fangny Farida,https://play-lh.googleusercontent.com/a/ACg8ocKQWIfHzqy3qh3NZFOp3ZU2hTI-P950VSR-suQkhMtNPXt5KIc=mo,Lama banget nunggu bis berangkat. Masuk dalam bis jam 06.58..sampe jam 07.50 blom jalan?!!! Yang atur jadwal makin lama makin ga jelass. Bukan lama diperjalanan. Lama nunggu bis ini. Angkutan publik kok lemot amat. Perbaiki layanannya!!! Padahal ini rabu bukan hari senin,2,0,11,2026-02-18 07:51:22,,,11
9aac4890-85c0-4c83-b0fe-e829c0bc1fa9,Vario 125,https://play-lh.googleusercontent.com/a/ACg8ocJXw6R3pe8Wa6QCn2fe5NxfZIevipdGxgEuL9Mbs6nFBCs6hQ=mo,gak bisa lihat posisi armada... mohon lekas diupdate/diperbaiki..,2,0,1.0.5.7,2026-02-16 08:16:42,,,1.0.5.7
83c05e67-9c89-41f6-8b27-57e8cc05a1c5,Sheira Ekaputri Wijayanto,https://play-lh.googleusercontent.com/a-/ALV-UjX-0idsUxUdCIYFjLdoGForuSVe1TslF_2JHxCLD7JT0ZUrGfZ__A,gobis ni emang gabisa dibuka lewat paket data apa gimana sih? aplikasi gobisku gapernah bisa dipake buat ngecek bus kalo aku buka pake paket data🙁,1,3,11,2026-02-15 14:40:21,,,11
e8184892-b621-465e-9a3b-4d8a90a652f4,Sur_ Guns,https://play-lh.googleusercontent.com/a-/ALV-UjWe6OpRA7R5y30ev0LvZNZDmEK3qXNSbmLl3NGFAO7YMQhQ7kj3,kok tampilannya ilang? Gabisa Login,1,1,11,2026-02-15 11:49:01,,,11
964d1fe6-2678-4176-9ea7-4508b9d04295,Romi Romi,https://play-lh.googleusercontent.com/a/ACg8ocI-wYYwvOh88psYbivxo9VzBja9hJr8YXhSXKwS-mmJoNu_vvY=mo,aplikasi gak guna masak mau lihat titik bus yaa mesti koneksi putus 😆,1,2,11,2026-02-14 14:58:27,,,11
c3f040d8-6959-4b1b-aca6-6912d84baf33,Khansa Veda Janitra (Khansa_D4 Desain Grafis),https://play-lh.googleusercontent.com/a-/ALV-UjUStuYUqqVw0Cco14kYE_09sP8qobM6dt8UgKqFDRtdhwXBJ9RL,mobil wira wiri sekecil itu buat surabaya yg sepadet ini? mana armadanya dikit bgt lg gtau apa penumpangnya kek babon babon semua tolong dong simpatinya pemerintah,1,0,11,2026-02-12 18:33:12,,,11
58bcf64c-fe89-4174-ada4-3067a2a37c92,sunita widiani,https://play-lh.googleusercontent.com/a/ACg8ocIoAv-yyDyJEJMKceJARgkUglfRV9JwaJtUK9QaVnd3BTDRXg=mo,"saldo tb tb ilang pdhl blm ada transaksi, mending balik qris aja transaksinya. ribet",1,2,11,2026-02-12 10:19:50,,,11
0578843c-e80f-4063-b213-0c2dd1b9bfad,Tuny Ekowati1,https://play-lh.googleusercontent.com/a/ACg8ocJn9AC5bNY2lIhc2SCUs9YkHtEyVbX_gTw8uSE4PkP-Jz0XVQ=mo,"Suka banget bisa jalan jalan keliling Surabaya. Sayangnya, sering banget sisa kapasitas ga update, barusan aja di aplikasi sisa kapasitasnya 60, giliran bus nya dateng udh full :( padahal lagi buru buru",3,0,,2026-02-11 17:20:26,,,
b4f75687-c534-434a-a92c-bd42241e7590,the opportunity,https://play-lh.googleusercontent.com/a/ACg8ocJTBPQjUTaaWfZsMjpmalNvnolXNKcKW8OyGvA8Nx5dGVN3Jo8=mo,titik bus tdk sesuai map,1,0,11,2026-02-10 15:06:49,,,11
9221172c-c90d-439a-a6a0-381602851d6b,Ronggo Warsito,https://play-lh.googleusercontent.com/a-/ALV-UjVuT_oIWtcWVn_EBbfG7TIhkE0HMaOYZEMkYC7wbFdqursmnntz9Q,oke,5,0,11,2026-02-10 08:08:20,,,11
07a34817-1ad9-4a36-bc18-142e0b795b6d,Zainal Pekeng,https://play-lh.googleusercontent.com/a/ACg8ocKziGEXlRhy89A6ENBgoDy1loOFUZK_TqKMM-pbOddMgvaYBg=mo,saya top up kok malah ngga masuk aneh........,1,1,11,2026-02-09 17:39:03,,,11
ff307987-edab-4431-b19e-587a09c046fd,Nanda,https://play-lh.googleusercontent.com/a/ACg8ocII5orYbj5CD_L4pOF8IIDo1WaP-P5mZrkTTpaN4-bRaIvsyJs=mo,lemot,1,0,11,2026-02-09 17:23:47,,,11
d24f9437-5140-4040-93dd-4276d0908134,Mona,https://play-lh.googleusercontent.com/a/ACg8ocJa0JPfdQk7lIEdt-y3q4eBc65r-5zLzd0EcWkXh7I4uhyjUA=mo,"Aplikasi eroran , trackingnya sering ga muncul",2,5,11,2026-02-09 06:26:30,,,11
f5377e66-c7a1-49bc-914f-d11ed0b2d04f,Moch.Syahdu Edo,https://play-lh.googleusercontent.com/a-/ALV-UjUZr3JKCkd8mwEfjDTbWapuxahGictaSWPdGhpmZriXucT_FnA,bagus sangat membantu,5,0,,2026-02-09 06:00:14,,,
7b911186-60c0-40b3-9ebd-6aa94cfdfefb,Fajar Himawan,https://play-lh.googleusercontent.com/a/ACg8ocLAp6adHRO9BLkHQ-RwohvqAF_BULCArpNSd6WzFoUkVyzLix8=mo,map sering eror GPS tidak akurat mohon diperbaiki.,2,1,,2026-02-05 17:06:46,,,
13a566ef-2847-43bc-a78b-cd0531ff400c,kenmasanly,https://play-lh.googleusercontent.com/a-/ALV-UjU5fgBqhQfGPukbR4cz-LfYRxpK1pOLFAjhR0sTfrlzGmziH6g,"harap benerin tracking nya boss, trackingnya gabisa diliat posisi kendaraan nya",3,0,,2026-02-05 12:56:19,,,
0740d478-b8fd-4992-8663-012ece372931,aura putri,https://play-lh.googleusercontent.com/a-/ALV-UjVlw4IdmxqSystD5G_XFSgiQ2enGwbDuKjCd6cHbA_yEROhyKtC,"tolong lah keberangkatan sesuai jam jadwal yang tertera, masa wira wiri arah lakarsantri kode A di jam 8 keatas gaada sama sekali lewat? malah ngumpul di pusat nya. orang juga ada yang mau kerja, sekolah, ngejar waktu loh. smoga aja bisa ngerasain gmn apes nya kalo telat ya. perbaiki lah sistem nya, merugikan sekali, kami juga bayar.",1,3,11,2026-02-05 08:41:07,,,11
3c06b419-099b-4630-96a7-1b19dae75933,Chenan Tixki,https://play-lh.googleusercontent.com/a-/ALV-UjXY1Xh7BYYzhehDUK5umblVV9h6MNjqBTN5PlQSALxGA0Z-PUk,"Gak bisa beli tiket maupun login pakai data seluler gak peduli mau sebagus apapun jaringannya karena pasti selalu gagal dengan tulisan ""koneksi terputus"" begitu, jadi untuk segala halnya harus tetring wifi. Mohon diperbaiki, menyusahkan.",2,9,11,2026-02-03 15:17:04,,,11
1c77f5ba-3584-4a9a-9f82-06d37133f09c,Chiboy Cristian Sibarani,https://play-lh.googleusercontent.com/a-/ALV-UjVLfG8_inn6SryLPICgCVg6RFzOi7zw94Mq7oIMoWFwtCzk6JE,Strategi pemeliharaan aplikasinya sangat buruk. Aplikasi sering bug dan error. Saya tidak bisa track feeder karena GPS-nya sama sekali tidak muncul. Padahal sinyal sudah bagus. tolong segera diperbaiki,1,1,,2026-02-03 09:25:54,,,
d78efb2f-fdf1-41a8-9ea0-d644d859bb6a,gilang tomi,https://play-lh.googleusercontent.com/a/ACg8ocJ0wcri88Csb7cqTvsBN_TOptwuaqDDzZnszVS7qjGCmbIOvA=mo,"bug mulu rutenya, ngeselin",1,1,10,2026-02-02 19:13:07,,,10
3e5730e6-ef4d-48e0-bf38-f7d46db96c58,Eka maria Christin,https://play-lh.googleusercontent.com/a/ACg8ocJK4ETzVGiNq3WQCzqyLHvmYO1ZLiFl7o-_KDXHQ9IAYq7p7g=mo,"tiket hemat sering berkali kali tiba tiba hilang jadi 0.. pas mau pakai akhirnya jadi pakai qris mau liat bis atau feeder nya jg jadi gak bisa krn gak muncul tlong dong sistem nya diperbaiki jngan error trs... klo gak gitu tiket hemat kliatan ada tapi pas mau bayar gak bisa"" trs.. pdahal sinyal full",1,1,,2026-02-02 12:19:26,,,
255f6c04-4d1a-4737-b080-9717d1df0b7f,fanfan,https://play-lh.googleusercontent.com/a-/ALV-UjXBFXDjhgoE95tMqMkPtjnNoudLy_HBuucefbPPuxtq7SmXak-0,tolong diperbaiki bug dan erornya... saya kadung top up 100rb dan saya ga bisa gunain saldo gobis karena applikasinya terus bilang koneksi internet terputus padahal internet saya baik2 saja.. tolong banget kakak2 🥹🙏🏼,2,3,11,2026-01-31 16:33:31,,,11
5286e2dd-13c5-4a8f-b66c-ebbfb7fb35c4,Indah muliawati Poerwoko,https://play-lh.googleusercontent.com/a-/ALV-UjUwOaWdpRsB38VOVybj9zH7CvXByiCrZ9amlZ6e4nggxhMx6XA,gak nyambung nyambung. koneksi terputus,1,1,11,2026-01-30 22:35:29,,,11
2e3c54b1-4abb-4d8c-9303-377df3a2a959,Anorizta AW 06,https://play-lh.googleusercontent.com/a/ACg8ocLsduzUZWsWWT2r-az3CmkTt_ZeYe2zB8i65TTDqto3n-vVSg=mo,"Mau saran aja, untuk busnya bisa tolong di kasih keterangan berapa jumlah penumpang yang ada di bus nya kayak apk bus sebelah? Jadi kita(penumpang) bisa tau apakah bus yang mau kita naiki penuh atau tidak",4,0,,2026-01-30 17:46:06,,,
ecd6bd38-5efe-47a1-9e63-264de81ff431,ishak rianto1,https://play-lh.googleusercontent.com/a/ACg8ocKTZWeUmxfC9tCG6vnIuAP4bs6zDV67nuUgq4RcyFHyM_bkcA=mo,"Lokasi mobil ga muncul², alasannya koneksi terputus, padahal wifi bener² aman, app ga niatt, saya akhirnya suka telat karena lokasi mobilnya ga muncul², tolong di perbaiki, app pemerintah suka ga jelas",1,15,11,2026-01-30 16:57:04,,,11
b9cd7611-a220-4baf-9300-6379cf4463f4,iqbal rizky,https://play-lh.googleusercontent.com/a-/ALV-UjVXFEu5DaVVSRDRs_BAytNTIW9mUi-c5laveB2ekE2-oOvQvA,"hapus aja lah, gak bisa di pakai Aplikasi ya. gak guna",1,1,11,2026-01-30 11:47:38,,,11
6203854d-721f-48ae-8d89-a15af0da6770,Tio Dianto,https://play-lh.googleusercontent.com/a-/ALV-UjW-WqEYsSnFZ0eveb1JxCMluWVIJHpUa-uwcxGbR09rwuLu81M,Rute dari smkn 4 kranggan ke balongsari tandes tidak ada. pdhal daerahnya posisinya didaerah tengah.,1,0,11,2026-01-30 06:18:09,,,11
aa824495-9a70-42bd-89d3-7b499a22f5f1,Soghi Tankoiko,https://play-lh.googleusercontent.com/a-/ALV-UjVkUxsHvqsFavjQTwcagSLLYo68IJT7_MJOMEiVvK8Jz34J_S4FIw,"Eror, tidak bisa registrasi dan login, banyak bug",1,2,11,2026-01-29 01:22:17,,,11
cdb081e2-d6f4-4f88-8f73-6ad72feda1d7,Alkahfi sembako,https://play-lh.googleusercontent.com/a-/ALV-UjX52R9K3Hcv2M_u1z8F1vrvtrVdPwu7F9nMz2FtyWvgy6CKvwAw,plis help tadi udah di dalam bus gbs login dan beli tiket akhirnya turun di halte terdekat. apakah lagi eror? mau komplain ke siapa iniiiiii 😭😭😭,1,0,,2026-01-28 19:22:26,,,
dda0e10e-08b0-4b33-8b45-b31749906d04,Jasmine Nur Inayah Ardiansyah,https://play-lh.googleusercontent.com/a-/ALV-UjVMLcHeRe5zG2jy_kuiUldK8GHqcuXJO20zh4Ca2E33fZNLJBK92g,"saldo ilang tiba""",2,0,11,2026-01-28 18:53:30,,,11
7124c201-b874-4a6c-b070-98569c0446eb,Nabil NJMDN,https://play-lh.googleusercontent.com/a-/ALV-UjWZV9OgfopaU6NGxcEcgoAejmV-lE04Xfjn8gWoC5xLAM1g7Q,"ampas bgt. udh transum jelek, aplikasi ikutan jelek",1,0,11,2026-01-28 18:43:09,,,11
ef7bf451-9a2b-4443-a6e4-f537b9533c0e,Fasya Bachtiar,https://play-lh.googleusercontent.com/a/ACg8ocJpGWtCUlwdib2r4t-_ndZMP3S7a3tWblRvp3Ri3O7aKFKByg=mo,gak bisa dibuka. gak bisa daftar sama sekali,1,0,11,2026-01-28 17:55:18,,,11
8fa5b5f3-ca2f-4723-a6be-5b1e49df4365,Rosa,https://play-lh.googleusercontent.com/a-/ALV-UjVzd4ZdXEpAlzTrbBMFfocDVlLLddnyXx0dX50s1ErceGFocFL7,"kenapa setiap buka aplikasi, kok gak muncul kendaraannya?",1,0,11,2026-01-28 14:25:21,,,11
985e49b0-915f-4da0-b29f-3580fc9d2dd7,FebriValenten VEVO,https://play-lh.googleusercontent.com/a-/ALV-UjUHwnzBVb4mfGHyNpJiuqAGpBMZzIFNVgVpZZ_nrX_OfiRtAi3G9g,"ini gimana pengembang aplikasi nya ? kenapa saldo tiket hemat saya hilang jadi nol, pdhal sebelumnya sisa 6, pdhal baru top up kemaren, tapi riwayat pembelian tiket hemat nya kenapa yg terakhir tgl 10 januari, terus koneksi terputus. untuk sekelas kota gede surabaya, aplikasi ada bug kaya gini kecewa sih .",1,6,11,2026-01-28 13:20:25,,,11
8f7b08ef-95d2-445f-86a6-675dc095b892,Annisa Salsabila,https://play-lh.googleusercontent.com/a-/ALV-UjXI9nxHxxVlFXRKY-eWvSyH0lipeX-ZSpjrrorUpf0dfZUhoN0,habis update kok malah eror koneksi terputus terus,1,0,11,2026-01-28 11:29:48,,,11
84ef35b1-7ee2-442f-852b-b4c4c7961fe1,Dian surya Taurina,https://play-lh.googleusercontent.com/a/ACg8ocLe8PSPhO07u5eRAS75hgUZwczVAJIccPz3rDKSUzPSlWT6mw=mo,"tracking armada nya sering gak terlacak.. sering ada tulisan koneksi terputus juga padahal sinyal hp lagi kenceng bgt.. kalo tanya helper atau supir bilangnya selalu ""sering error aplikasi nya""",1,26,11,2026-01-27 08:42:09,,,11
27d46072-949d-4b6b-bf6f-4862e1d12bf9,Ichika Devi Septiananda,https://play-lh.googleusercontent.com/a-/ALV-UjXIzvHdi4YidT3Kf-EIazdQbOZD6UiEacI5QWV-zeszMmfw9WPe,aplikasinya sering error seperti bis dan wira wirinya gak muncul di maps,1,0,11,2026-01-27 06:12:23,,,11
b87247b0-db6c-41aa-879b-ccc524b499f5,Kambose Pusu,https://play-lh.googleusercontent.com/a/ACg8ocIZ9K5Ut3OnXUQSgiLtSOuxIK6cPPrWvkwJXMPdxwGNuE9wVg=mo,banyak halte cuma di lewatin tidak mau ambil penumpang kayak kejadian hari ini tgl 25 Januari 2026. bus SB07 pukul 19:27 wib cuma lewat ngebut nyalib truk di depan halte tanjung perak padahal ada penumpang 3 orang tunggu di halte,1,0,,2026-01-25 19:37:20,,,
c6539e16-910b-4099-8e9f-afa044e294ea,Febriani Tri Ayu Pujisari,https://play-lh.googleusercontent.com/a-/ALV-UjXe1Q1GcSk3hIBwX3KEObnmKhOWYZkdulVtrOo_pbJI4BfjK9Ic,"Jujur kemarin2 ga ada masalah, tp ini kenapa kemarin banget pas buka aplikasi ga kebaca bus nya, jd blank aja ga ada perjalanan busnya. kirain cuman di hp aku krn memori uda hampir penuh, pas dicoba di hp lain jg sama seperti itu tolong dong bug ini segera diperbaiki, aplikasi ini membantu orang utk bisa memantau perjalanan busnya",1,1,1.0.6.6.5,2026-01-25 14:23:36,,,1.0.6.6.5
51ef328d-2575-4da4-8b3d-342f346f0fd6,THECRAFT D,https://play-lh.googleusercontent.com/a/ACg8ocJDnAouNGQ_xs_gHT21dubJ7FlqQbcmyizsjwxfIpr1TnyiGw=mo,"halte fd6 tij lakar , halte Lakarsantri gak dibuat tempat iyupan atau apa gtu??? kok cuma pohon pohonan,kasihan orang nunggu disitu siapa tahu disana hujan deras lagi nunggu wirawiri tapi tidak ada iyupan nya.Saran mending buatin halte yang bagus ,lagian itu pemberhentian terakhir 🤭",4,0,,2026-01-25 12:46:16,,,
a5f343c7-141c-4b57-a1c2-bd39f7f42a71,Totok Suwarno,https://play-lh.googleusercontent.com/a/ACg8ocIieiBREB0xe3LIzrk6Ki3xQfTcsqgdU6jZ62d5K0L4nP3Kgw=mo,sangat membantu,5,0,,2026-01-25 10:05:12,,,
8b4ab5b7-b68c-44e3-a003-0f2e92b0f0f5,Albert (Al),https://play-lh.googleusercontent.com/a-/ALV-UjVaZQOE8gyanHtGAFJ2TJ2bDsTa-os5Vlh4kOVq50GeH550J4nW,kenapa fitur maps trans semanggi / teman bus tidak ada?,2,0,,2026-01-24 19:52:37,,,
a1e25e00-e78a-4e56-8d29-c4f93a619b07,Fadli Rasulianto,https://play-lh.googleusercontent.com/a-/ALV-UjXRxsErrdSb4fDBsAX9vL-aolGE4p78Mza9SgYqE1Zf2Ymlp9Y,aplikasi gajelas mau daftar member ga bisa2 loading ga selesai2,1,0,,2026-01-23 15:02:48,,,
c5a8f4a2-9bf7-4979-8161-28c724b18682,Tommy CW,https://play-lh.googleusercontent.com/a/ACg8ocI64aiaNYMm2hMq4W4YnCulKN3yIQBh-RBHzLDI8txNN9bpmg=mo,"GPS sama sekali tidak akurat, dimap terlihat jauh tapi saat saya mau siap2 trnyt unit sudah lewat. tolong yg benar klo buat gps diupgrade dong",1,1,11,2026-01-22 14:27:49,,,11
bf4bffec-ce0e-420a-9d6d-049df6a5f69f,Riski Aprilia,https://play-lh.googleusercontent.com/a-/ALV-UjWo9kTVaO5NLGbJZNvz5n7ypblCu1Bc91U7Xcj9gNQ16prwYQu0,kenapa sering tiba2 ga bisa di pake ya aneh banget.,1,1,11,2026-01-22 12:33:55,,,11
b6fef753-2ba8-4666-9a49-21c59a4b6370,Grace,https://play-lh.googleusercontent.com/a/ACg8ocLvxTwXU7FV4Fy0pm2p0Kzy6fsg_VETTGBvNEWX2i2pLEstYw=mo,sekarang aplikasi sering error sampai melewatkan wira wiri 2x krn gak bisa beli tiket gobis,1,0,11,2026-01-22 11:39:46,,,11
edc36a01-6978-441d-b0ef-7045a0d52907,arief phiehanto,https://play-lh.googleusercontent.com/a-/ALV-UjVnwsyg8dx-sajrGBpNVPasy8CE0CDF2XyGcJzUD349ukUFz6E,"sebenarnya bagus cm menurut sy ada yg kurang. 1 tdk fkexibel dengan operator lain telkomsel sering koneksi putus. 2 sy tunggu sampai 4x sesi wira wiri br dapat. lbh baik di apk trdapat info juga full. kasihan anak sy pulang sekolah sampai tunggu 2 jam, gerimis sampai hujan.",4,0,11,2026-01-20 17:54:19,,,11
a9b5640d-4b24-4532-b14c-1169c81ae947,EYF,https://play-lh.googleusercontent.com/a/ACg8ocLeT0-MFNAYd51LFJ318TGtXgO_3D-0qAjapaKK8yN74aOcPA=mo,"Bagus sekali, menjangkau banyak daerah. Namun, sangat di sayangkan, terkadang saya mendapati supir/helper yang menurut saya kurang menjaga kesopan an, dari cara berbicara nya atau pelayanan nya",4,2,11,2026-01-20 16:41:30,,,11
6a746b3e-32b0-4170-b68a-0375cd22c34c,Alifan Adi,https://play-lh.googleusercontent.com/a/ACg8ocLg2kBl5Yn0mLFY7U4t_pmf6QKaiQVUOPOGaqVWGoeYBcegBA=mo,"benerin lagi dongo,koneksi terputus mulu",1,0,11,2026-01-19 06:36:55,,,11
be777cb3-4286-430b-ae28-c0b00311aadc,Nopy Daryanti,https://play-lh.googleusercontent.com/a/ACg8ocLbjrQtwxy1XrkzeU7SW_qewDxJ7iunbmnq71vxwiitckL9ZA=mo,"aplikasi tolong di perbaiki banyak trobel, mau login aja susah banget ... email & pasword sudah bener malah internet terjadi masalah kuota masih banyak di pakek di aplikasi lain lancar"" aja",1,0,,2026-01-17 13:15:14,,,
e1a28fd4-9ba7-4f6c-8e63-ff56e3892054,firmansyah lutvi,https://play-lh.googleusercontent.com/a-/ALV-UjWLXy8E14sp7YlXnJdKevKCqfbTcyQizGWkKlfKgLp80VG7Jv4,"aplikasimu koneksi terputus teros min, tolong ndang di service. suwon",2,0,11,2026-01-15 20:32:34,,,11
9a3de60a-c1e9-47b5-9107-e5368238e932,Hari Anto,https://play-lh.googleusercontent.com/a/ACg8ocJtPIthosUPbImAG1s6d8LVM7RcXH_VzUpTNnznoYQ6-7MO1g=mo,aplikasi gak jelas... sinyal enak eh malah koneksi terputus mulu,2,2,11,2026-01-14 12:09:14,,,11
539def05-7271-4774-bcc5-17f689780834,Fauzan Farhad,https://play-lh.googleusercontent.com/a/ACg8ocIWpyCgPXUDNdNa-yfQPH5Ni7BfSlFrHHbw316-ei5ITCFJRic=mo,tidam membantu sama sekali,1,0,,2026-01-13 22:09:15,,,
7530f167-23a4-4f2c-ba3d-58471d386eb8,Mingini_e lovers,https://play-lh.googleusercontent.com/a-/ALV-UjUTd0CemOV8xyUgB0FSyr8uCOV3nAMYH-JQJeG4PTgvmu8gg9d6,bobrok,1,0,11,2026-01-13 09:05:27,,,11
c4cb37be-1ea6-4922-824b-aead777d28ef,Afira Whaffle,https://play-lh.googleusercontent.com/a/ACg8ocKpCd2YCobNnCFHlZAaOJHKUVDGGYEa0ywGz7zWEMSqHYVG_w=mo,Udah beli Tiket Hemat 40K terus lupa passwordnya eh taunya gabisa ganti ulang/riset password jadi Hangus lah tiketnya 😭 aplikasinya Gajelas banget deh bikin bingung mana sering tbtb koneksi Gobis terputus padahal jaringan nya udah bagus lho😭 mohon diperhatikan lagi deh kedepannya❗️,1,0,,2026-01-13 08:29:31,,,
31600f81-82ea-4d29-b23a-f172f2a9c08d,Jefri Agung wibowo,https://play-lh.googleusercontent.com/a/ACg8ocKVMXXaf2fb4BISAYP54-hePW1qEy3GFXbk7V70Mv9JhjEaLTNB=mo,"jaringan bagus padahal,bus Masi jauh pas nyampek halte malah sudah lewat",1,0,,2026-01-12 17:08:05,,,
048853b1-7fe0-4644-95cd-b836c825bb14,sofianti putri,https://play-lh.googleusercontent.com/a-/ALV-UjVPWlt6L0M5bKVZ1-pw0QFmqMwMpOAJMQqmdon2POkR_FWfipQQ,tolong ww osowilangon-unesa ditambah. kemarinn sudah ada 5 feeder skrg jd 4 lagi.,3,0,11,2026-01-12 08:04:59,,,11
72560904-1b66-497d-855b-66e6649ab5a0,chamvredx “To” Suto,https://play-lh.googleusercontent.com/a-/ALV-UjVPWlPtSHFRtVcLDFdAmOLxx1A63jOiZBTVlymZ1qf_CchX_5L9,"GPS untuk posisi pengguna tidak akurat, ruteny pun ruwet, jam 6 pagi lokasi bus belum muncul",3,0,11,2026-01-12 05:53:25,,,11
029cdf3a-39e5-4898-aae9-cd69e65dc6d5,Auryn,https://play-lh.googleusercontent.com/a/ACg8ocIMZQk1yIHMATmkwi2xghEk4jKFV3YumuV7O03l4T3uVD8g3w=mo,"banyak bug, kebanyakan Race condition sampai koneksi terputus, menggunakan tracking GPS tidak Deterministik sampai miss perhitungan Posisi. tolong Perbaiki lagi supaya tidak terjadi hal-hal seperti itu ya.",1,36,11,2026-01-11 15:11:11,,,11
e15b5a6f-234f-43b2-af3b-32a362dceb9f,Yeni Juliyana,https://play-lh.googleusercontent.com/a/ACg8ocJF7rj4m6_YIuqX0IqtTJI-Z4VJ25eJLzEvI4U3FfXXnMUukg=mo,"pertama kali donlod dan disuruh daftar member, selesai mengisi data diri pas di enter ga bisa, ada pemberitahuan koneksi terputus padahal mah wifi full",1,0,,2026-01-10 09:59:38,,,
bb9e379e-51ec-40a9-b43a-cad8b42799ed,Cccc Cccc,https://play-lh.googleusercontent.com/a-/ALV-UjUGcIGbg8RBmUeRlhfKELV72GneGlQK19Jbbn-gfIFtBywkC1CNsA,hanya bisa diakses pakai wifi 😏😏😏,2,0,11,2026-01-09 17:45:30,,,11
5b2b8193-0d88-45e4-a3a0-e98ea5405ef8,Bluray Hero,https://play-lh.googleusercontent.com/a/ACg8ocJPzr-u3SGY6xDN33Rz0CYnolyPG8FR7FEEWb0uYCkxqIpugw=mo,"trans semanggi jarak nggak ada 10 meter saya lari di k3mart dekat halte tunjungan, eh ditinggal juga dan perpanjangan jalur tapi Urip Sumoharjo yang arah basra tetep nggak di lewati",1,0,,2026-01-09 09:45:11,,,
00117756-8ab7-4720-a828-2b65e718bc9b,Atou Iruddin,https://play-lh.googleusercontent.com/a-/ALV-UjUBZSeH-N-eXbays17eJY_fS5ovyYnH-eByrjvL7SPgLfV-KtQ,"Pantas bintangnya 2 mau menggunakan harus daftar, sedangkan daftar loading g selesai².. Y g bisa dibuka",1,4,11,2026-01-08 13:37:29,,,11
e57441a0-b33d-4a6e-9f05-d81abb31f6fd,Ali Wahyudi Arifin,https://play-lh.googleusercontent.com/a-/ALV-UjUTZAQiQYMViFFvYT1CrY3Xd2Sz0VuWDsarRi85sN5FUjJ6yfPkGw,"aplikasi terlalu sering logout sendiri, sering ada pemberitahuan kehilangan sinyal padahal sinyal HP full dan aplikasi lainnya aman. MOHON LEBIH DIPERHATIKAN",1,17,11,2026-01-07 07:02:17,,,11
123c1f54-611d-417e-9777-fb69ba4a9dc6,Rikima sunarko,https://play-lh.googleusercontent.com/a-/ALV-UjX41nLXmoWz5-jgswHoh7XoATXwicfVLLnqvV_Y0IxHJFSH58c,"bintang nol ada gak sih ini aplikasi, gak respon sama sekali, gak bisa diapa apain, padahal hp baru,",1,2,,2026-01-05 10:15:10,,,
2392031e-0f00-4415-bf5d-1d95c21fdca6,Rizal Kisol,https://play-lh.googleusercontent.com/a/ACg8ocJ4exeY0bDLAA5jLXC7nWoa6uF66EKk2MU69zly0hxxHyf_JA=mo,"aplikasi sering eror, sering gak muncul bus atau wira wiri nya..tolong di benerin lagi..",1,2,,2026-01-02 18:29:22,,,
6989e86c-1a54-4c50-b8f7-b6f9279aaf92,miftakhul mahmudi,https://play-lh.googleusercontent.com/a/ACg8ocJy4bTWbTIw42nRUomC27Ml2jZhpxoejDOqJH2mZeCkCmQ-QQ=mo,aplikasi gak bisa eror tolong di benahi. mengecewakan,1,1,11,2026-01-01 15:52:17,,,11
c021fbe3-ba4f-4937-930f-53c523d27ccd,Betmen Kuat,https://play-lh.googleusercontent.com/a/ACg8ocJDkucRo04ySXLGlwIrl-qUMWUSOi15mUtxjf4sMW649SwcGQ=mo,"aplikasi lemot parah, ga bisa di harapkan",1,1,11,2025-12-30 19:42:51,,,11
9340171c-b3a6-4c09-8ab1-9018ef28616a,Rahman,https://play-lh.googleusercontent.com/a-/ALV-UjV0jeDN-drsPCAz4-NV5SarqTFW1aSHJ4EHBnj-ueBA4hRhfqTw,ga bisa di pake,1,0,,2025-12-29 14:49:32,,,
b3abbe3c-f4dc-45e8-be26-072f0fbfe41b,Faizzah Marufah,https://play-lh.googleusercontent.com/a-/ALV-UjWpR-uvl17dJTRSk-Z782Wr2x1mdXCB635m6Sa2pD4gAJ6LVD_3,"Sebenarnya lumayan suka bikin pergi kemana-mana jadi mudah. Tapi sekarang kacau. Dulu padahal ga pernah error, skrg sering banget aplikasi gak jalan. Mana map-nya juga sering salah titiknya. Padahal jaringan aman, penyimpanan masih banyak, sumpah enak gobis yang dulu. Ini ada email cs nya ga sih? Gara2 aplikasi error saya jadi gak bisa transaksi dan harus bayar cash sama orang lain, saldo di akun sendiri masih ada huhu :(",3,27,11,2025-12-29 08:37:00,,,11
2bb6b70a-107b-405b-a907-e28e716cfd70,Haryadi Poedji Sudrajat,https://play-lh.googleusercontent.com/a/ACg8ocL4D1JQXZyzzMJifhD96EUWxONAkUmZtUauBlhrzWh2MkQAqA=mo,"transitnya bayar dobel. jam operasional ga jelas ada yang hingga 21.00 ada yang 22.00. membingungkan., ruwet",1,2,11,2025-12-28 21:57:43,,,11
1a3b3723-db78-4e20-bbb8-0cf53307b7dc,eka rahmaan,https://play-lh.googleusercontent.com/a-/ALV-UjWzLv9hRVWp4o_5LW9FSMN0mX8Y4RfmJL2JQHTF_SvPiDt7H18z,no recommended,1,0,11,2025-12-28 12:34:31,,,11
7481a00c-3780-4c95-a566-b86a103699d9,anet gerdenia,https://play-lh.googleusercontent.com/a/ACg8ocIJ9XhTqbOnWcVJgnlx-5piSlbZ-2NlxUQGIrq40mOl5FvnuQ=mo,aplikasi aneh tiba tiba susah buat lihat rute. tolong di perbaikin !!!,2,0,11,2025-12-26 17:25:14,,,11
8ce75518-1055-4988-bec6-d454391ca664,Bambang Suparyanto,https://play-lh.googleusercontent.com/a-/ALV-UjXuNF7PBonae3I3tpSHFRawLizEFXpShm159QXq3RiYpxRQiot8,"Aplikasi yang sangat bermanfaat bagi semua warga Surabaya... terimakasih GoBis,👍😁",5,0,,2025-12-25 18:38:38,,,
198b2d8d-fda4-4529-ac55-8ee52886acfe,Alvida Syantik,https://play-lh.googleusercontent.com/a/ACg8ocIM-7nPS60P7ij6UMQQTbob9_pM0mBs4WiNgPgSy6l-jUWG1Q=mo,"lemot bgt , ga akurat",1,0,,2025-12-25 11:20:55,,,
c86618a4-4a16-4733-8eb9-58d0ce510f48,Mella Ratna Dewi,https://play-lh.googleusercontent.com/a/ACg8ocJbv_DHA4H4ibVQ8pv3-9rvjq3gJHTNrJWZW5pwGALuavFR6Q=mo,lemot banget,1,0,10,2025-12-24 21:54:10,,,10
fa4ff829-d0b8-4b95-9032-0eeed69f76b9,Motivasi Film,https://play-lh.googleusercontent.com/a-/ALV-UjXq2sCh2dZNoE2KinR37_FoH7MWYXvlFIlFtM49CeLayUSa0sQ,"ini aplikasi gak pernah berbenah ya.... mau buka aplikasi aja buat bayar Trans Semanggi aja gak bisa, saya yang keliling dari UNAIR ke UNESA aja kagak bisa. Tolonglah berbenah dikitlah... kesel aku. pulian Transit banyak aku ini",1,1,,2025-12-24 17:20:15,,,
5f20b9d2-e7bf-4b30-b158-74c951ce121c,Dini Puspita,https://play-lh.googleusercontent.com/a-/ALV-UjVKgJUYCE8YN0tZfCGH6ZlC_t6eDEalZiEjWfHP2Pc3Z6ZtPEgZ,ini hp saya atau apk nya yaaa setiap mau login gak pernah bisaa gatau kenapaa aneh banget gituloh saya ini butuh saya ngandelin ini tetapi malah gaisa masuk di akun itu maksudnya gimana yaa,2,0,10,2025-12-23 17:56:53,,,10
fa5346d1-4923-4de7-965f-c3b51a5a45ed,Liana Hwie許仙莲,https://play-lh.googleusercontent.com/a-/ALV-UjVij5oJSVkH4d7xxQaDlgWjhnRQ3OF0XRDDeqZLBeOPlhlsJ_hJOg,"Aplikasi pemerintah sama sekali gak bisa diharapkan. Tiba2 logout sendiri, mau login lagi, email dan pasword uda dimasukkan dgn benar tp begitu diklik tombol ""login"" (warna biru) tetep gak terjadi apa2. Tanpa login gak bisa liat rute. Serius deh, pegawai pemerintah gak ada yg jago IT kah? Bikin aplikasi selalu gak guna.",1,19,10,2025-12-23 12:15:28,,,10
948dd332-b58d-46a1-8796-e1102dcd7ee1,Arri Woii,https://play-lh.googleusercontent.com/a-/ALV-UjUYMh53Fsu-2YB7_EQNdP4hl-c8wrKudlIzQYCulBMZgV7VyISe,"ini gimana nih developer aplikasi nya gak jalan, eror, bintang 1 aja",1,0,10,2025-12-22 11:22:36,,,10
060381b2-85dc-4116-b036-3555d24ea7ea,Ronaldo Aolya Putra Zaesti,https://play-lh.googleusercontent.com/a-/ALV-UjUAdgr4Ov2iCEK9ubgGfSWHXvDT19UAJ_uWxfCG4xVbd18OHWtN,aplikasi sering kacau,1,0,10,2025-12-21 10:10:24,,,10
2e345e86-db46-4b92-84cb-bc4575e393c5,Ny Riya,https://play-lh.googleusercontent.com/a-/ALV-UjUZqKGlRU9El6pdnMmGsX0pZqBjlwY_czAwALzzjbpsxuEQxg,aplikasi taekkk,1,0,10,2025-12-20 16:33:10,,,10
94277d6e-2f71-4161-94e0-9d1c1c2ffcdc,Indriani Safitri,https://play-lh.googleusercontent.com/a-/ALV-UjUBUeMDnjicmzibxoWehrwRh0mVcchbP8yRQoLj422TyWpTz2ds,"daftar akun loading lama tanpa keterangan apapun, waste time bgt",1,0,,2025-12-20 10:14:08,,,
3e881279-7a1a-4641-9606-d69f753082cc,Shofyan Kurniawan,https://play-lh.googleusercontent.com/a-/ALV-UjWkNwH4RLGzs01emxo2qmJyYBCOaLCpR76zWJflgd0l3kR06pAf,"niat gak seh nggawe aplikasi, kok error teross ae",1,0,10,2025-12-20 09:50:26,,,10
13be3c6f-270b-4c88-a80b-893d8c1b3b78,Mazroatul Khoiriyah,https://play-lh.googleusercontent.com/a/ACg8ocLjCgJ_m0bGYWJfasgWGjaEV7VxrBajYJNrghGheNzdQD0lGA=mo,kenapa di menu tidak ada opsi top up saldo?,1,0,,2025-12-19 18:36:10,,,
bb9b0e97-ca08-4591-b0af-7140e4e7573f,Kol Ldk,https://play-lh.googleusercontent.com/a/ACg8ocIfUkPntm8ozZ1fTufiQI8lYkgV7h6SljjEinaYly1qj44D5A=mo,gabisa dipake bayar trans semanggi,1,0,10,2025-12-19 10:29:17,,,10
245fbc4d-402d-4f49-abfa-0f56ccd8fed1,Lalida Maslahah,https://play-lh.googleusercontent.com/a-/ALV-UjX04sGUzQayAOKlvDsu6oeyhmT9n6iYs7pkCmWYHsHOTlFg7ljd,"akun suka log out sendiri, pas mau login susah padahal sinyal lancar",3,1,10,2025-12-18 14:47:46,,,10
fc2bb228-ad00-4085-b6a6-0addb4cc4187,Rizal Java 13,https://play-lh.googleusercontent.com/a-/ALV-UjVyhcSXsd9-MkmlLVt0HVxV53xm-xnzoCRWg-nM8HDGYoNMzEwJ,"gak bisa cek lokasi busnya cuma peta jalur aja, masih bagusan apknya Trans jatim bisa lihat lokasi bus dan jumlah penumpang.",3,0,10,2025-12-17 20:46:55,,,10
b71a1edf-d0ed-457a-86bd-28162b4d1ab1,Tinara Aisyah Nikita,https://play-lh.googleusercontent.com/a-/ALV-UjU_2pMm67CiqCb4RtUEvBcaX6hVF2Gl5jcjm0lZXxQfphvor5oG,sering banget error di android 9,1,0,10,2025-12-17 06:22:49,,,10
cae2ba95-e6c8-4a98-8bb3-c646ecf32eaa,tifani belle,https://play-lh.googleusercontent.com/a-/ALV-UjX1uZdnp7wzU6dIuxWX7K7lUed1tkhbFUgsWLu_7S5D7C79FNLy,aplikasi ini selalu error. error nya lama. jadi tidak bisa lihat tracking.,1,0,,2025-12-16 17:43:49,,,
5ef931f3-68c2-4a93-a6af-27da2bafd211,Bayuu,https://play-lh.googleusercontent.com/a/ACg8ocK-ReWnhcm8Mzt0DmPWwbPSS2h-MX6J9c6KeDhURaWQO3gQJg=mo,Suroboyo 🤑 oiya ini kan bahasa Jawa kan🙂 kan bahasa Indonesia nya adalah Surabaya sih😆,5,0,,2025-12-16 16:33:00,,,
bc2ab111-d354-478b-8b6d-4234e001a67e,Chikky Derico,https://play-lh.googleusercontent.com/a/ACg8ocIFHvljVmZhWicpYhSoKMb_fnH39bwxf-IXGkl--c3pKoPIJw=mo,kpa eror gk bsa dibukak,5,0,10,2025-12-16 10:38:33,,,10
51aaf2e4-a660-46eb-8e9f-2c9ed3ccc8da,Affan Ardiansyah,https://play-lh.googleusercontent.com/a/ACg8ocJ-zdfu6rJhPqQ4pPZmTlSXREC1b2ybMRlUyKXiF_ZUOy4K4g=mo,ada sulap nihh coba tekan foto profile kaliannnn!!!!!><,5,2,10,2025-12-16 10:19:30,,,10
d89601cf-9135-4af1-93af-f0e0d0379917,Virdiwardani Sulistyo,https://play-lh.googleusercontent.com/a-/ALV-UjWvDKvcPXe8aHscEhV6uLb-yg-4sboNXrO9uGQnIl_9vFQ5JD8,"belum pernah daftar tapi ada keterangan No NIK sudah terdaftar, dan mau cek lupa paswd email tdk ditemukan, terooosss karep e yo opo?? padahal email yow cuma 1",1,0,10,2025-12-16 09:07:04,,,10
696dcb61-bf13-4e7b-866c-79575743034e,Biy O,https://play-lh.googleusercontent.com/a/ACg8ocLbsgyXcXOr262uD7dMrARsBpBfxnfp7_TdqutVORameWTtGw=mo,eror kocaaak,1,0,10,2025-12-15 17:41:14,,,10
3f7c13cb-0b76-46f7-94d2-68d83f5963f5,Louise Velia,https://play-lh.googleusercontent.com/a-/ALV-UjUP_yFXkp5qsMAkLJMI_gWfQisY3EgKkXhCy1_k4SN-L7j1Nl0,aplikasi masih butuh perbaikan .. sering error,1,0,,2025-12-15 07:04:02,,,
83fc86af-d342-4b0c-9e93-7dc287c9eb5a,Dodik Cahyo,https://play-lh.googleusercontent.com/a-/ALV-UjWt64Gjs2sZMColhT84AUGql-iKBGrKoSZS-KGYpRhQfodZwfTy,dafta gak bisa / masuk gak bisa,1,0,10,2025-12-13 11:52:26,,,10
f6afd739-b407-478a-b415-89e4c770a54a,Ashleen Eleanor,https://play-lh.googleusercontent.com/a/ACg8ocLIav0t44goNWafJ-3vcAOeATEBQWfi9JTBUtyP3m0MqDtApQ=mo,"jelek banget sering gabisa dipake padahal sinyal lancr, tolong segera di update",1,0,10,2025-12-12 21:23:34,,,10
22b5b233-baeb-4043-bb40-6215fbfde174,Mery Putri,https://play-lh.googleusercontent.com/a/ACg8ocKENuQM3pnfL5nF7DfEoyDl4x4UvD2gMCfSsgAmHg5oX2C35w=mo,"fasilitas ini sebenernya sangat sangat membantu sekali buat mobilisasi area surabaya tp yng bikin kurang puas ada di SDM nya saya 2 kali kejadian di tinggal bis pdhl udh di halte kata kernetnya gak keliatan lah gelap lah ya hrsnya yg diperbaiki fasilitas bkn penumpang yg di arahkan geser ke yg terang, siapa suruh disitu ada kendala krng terang kok di biarin",3,0,,2025-12-12 15:32:17,,,
136d7113-b469-4e43-be66-39137bf5f422,Keysya,https://play-lh.googleusercontent.com/a-/ALV-UjV2yUjP_vD9jt2yC8jvOvsKEWpSHQMUbnNCffxYtuwbnKtUpiA,"benerin gak,ini saya mau liat bis gabisa mulu. padahal jaringan bagus",1,0,10,2025-12-11 13:43:11,,,10
7a80682e-33e9-4095-8530-11b70abd924c,Izzatun Ni'mah,https://play-lh.googleusercontent.com/a/ACg8ocIAe-zvGU4XfImJwfMEIYCTeU9LO-700tesrtra-zEYs-q6Vg=mo,"tolong dong diperbaiki!jangan sampai eror,masa kadang gaada track bus jalan siii, mau bayar pake saldo gabisa bisa karna eror mulu apknya",1,0,10,2025-12-11 07:37:49,,,10
d47e9964-b7eb-4e13-bc20-6088c4c331e8,Sonny Dwiasmoro Putra,https://play-lh.googleusercontent.com/a-/ALV-UjVAYqLfGW76zmcSk1ouctdn2cyxQK1AnCQN8dqXaZgr2MigRKGJXw,Aplikasi sering error. Menyebalkan sekali,2,0,10,2025-12-09 19:37:43,,,10
cf1a4d14-302b-4b9b-9860-9556c6f5e780,Mira Melati,https://play-lh.googleusercontent.com/a-/ALV-UjUGeG7p1QwGhlPH4uU7qpD_u5e_WS0HVK4HLQPety0QRCOR7bhd,"GPS sering error di jam-jam sibuk, tidak memberikan kepastian kepada penumpang mengenai lokasi feeder yg akurat.",1,21,10,2025-12-09 07:46:35,,,10
c89d72a8-9439-454e-aba8-de518326b2c9,Lestari Putri,https://play-lh.googleusercontent.com/a/ACg8ocLy-pEe63xIsFEJAI3c3s6IpC--n7cZ0dT-jS3n-2vm6bVIsQ=mo,bisa membantu,3,0,10,2025-12-08 10:58:22,,,10
9952b22f-aee4-4dd8-95e9-da3dc492cf2e,Farah diba,https://play-lh.googleusercontent.com/a-/ALV-UjUPxIwo_ywO2vFGof0hQjFCPO31B5xN6iUYIm82z38pJOlY3mZ2,sudah 2 Minggu ini aplikasi kadang bisa dibuka kadang tidak bisa dibuka. jadi tidak bisa pakai tiket yang udah dibeli paketan,3,0,10,2025-12-08 06:15:44,,,10
4c2d5ae5-0ecc-4bc8-b323-ff0839f5a444,Evelyna Alexandra Gunawan,https://play-lh.googleusercontent.com/a-/ALV-UjWiyhdT5JkEdLvP0FeXaK0DLSk5Fu-12wNTDpx019BpV5Uhq2d4gw,"aplikasi terkadang suka error, seperti semua bus hilang tidak muncul di map, dan pemilihan rute bus tidak muncul sehingga sulit melacak keberadaan bus. tolong diperbaiki, ini merugikan pelanggan",2,17,10,2025-12-06 09:53:07,,,10
4a98f8bc-cb6c-4ee6-88e0-4e718892f61d,ANGEN,https://play-lh.googleusercontent.com/a-/ALV-UjV3tYR2npaexi_cvluqmvgevDvlCcSbkZHcY0zbv6EW3tDr9w_R,kenapa gak bisa dibuka sih padahal dulu lancar,1,0,10,2025-12-06 06:58:51,,,10
971c109a-3e93-4197-b4a9-9f2a927361d6,Ferdyan Trisna putra,https://play-lh.googleusercontent.com/a/ACg8ocLQVqDChQpTPF7ed-AuzXHThfJFlGxKdWIe0EcjClcX_nPDBg=mo,sering ngebug. tidak dapat digunakan apknya. kalau sudah diperbaiki tak ganti ⭐5 dah,4,0,,2025-12-06 06:47:34,,,
dbb190a6-ae71-4409-b7f6-5528f63e9ccf,Yudhi Q Hambali,https://play-lh.googleusercontent.com/a/ACg8ocL88DYyRUn01wje7ybYxXFb8i8-uUW7KnDgiDUNmxT7pSMQyQ=mo,"pembayaran tolong dipermudah, menggunakan QRIS lagi. Kalau memang harus menggunakan apk ini, aktifkan kembali pembayaran dg menggunakan botol disemua rute bus dan wira wiri",1,1,,2025-12-04 09:54:56,,,
2f9039cd-6f34-48bb-91d5-8d33e8822f01,Gambas free,https://play-lh.googleusercontent.com/a/ACg8ocLPv-u6jJLjzQlZ86iXiKc-uxJVsw4NiPWwhxe2RSxz4q7Vzg=mo,lagi error kah app ? buat login g bisa,4,0,,2025-12-02 13:54:15,,,
d16645e3-7a71-45f1-aed9-cf8a8962ae26,Muiz Zoelqornain,https://play-lh.googleusercontent.com/a-/ALV-UjV4bwtqIZEeUVB2ECH8NVh6sockcAiVTGp6eXULpYXvWS547ppe,"dulu tanpa login,mudah. skrg harus login dulu, aplikasi sering stucked,error,pilihan rute GK muncul,SDH di install ulang tetap saja. mohon diperbaiki lagi",3,8,10,2025-12-02 10:01:51,,,10
a527b63f-7dd7-461e-a8b9-ae5632d32b7f,Bintang Surya,https://play-lh.googleusercontent.com/a-/ALV-UjWuyYitAjfUvo4CTen2uUcXW1d8LAuRhdaBO4AJAVx4YmPM2a0,"ga berguna, tadinya bisa kok sekarang malah error",1,0,,2025-12-01 10:06:33,,,
56d14afc-9b2e-4096-819d-d328befdf8d0,sribagus tirtowibowo,https://play-lh.googleusercontent.com/a-/ALV-UjW2YboHRaxXdjrjVPr37ZD_jwLm28ZaZEzGnQe6FTvmuZyUD4w,aplikasi nya error td pagi msh bs skrg log out sendiri gak bs masuk lg mski sdh coba log in syg bgt saldo msh ada,1,2,10,2025-11-30 08:35:49,,,10
0538c496-4310-4443-b349-64c339d463fd,Cintania Aulia Salwa,https://play-lh.googleusercontent.com/a-/ALV-UjVmFq7WlLut4oo5SPJb3CA57VnhUDGEtN4pNldCUG0FG5iHl5Yw,"ribet, kebanyakan update beberapa minggu sekali tiap mau liat tracking trans semanggi jg makin ribet karna HARUS DI UPDATE dulu apk nya update; bulan April menjelang pergantian sistem semanggi, harus pakai gobis/tap cash/etoll aplikasi error parahhh, mau beli tiket aja loading setengah jam sangat tdk efisien skrg sering bgt tiba2 error, mana trans semanggi tiketnya KUDU PAKE GOBIS, trs klo apk error gmn? login jg nggk bisa2, mana udah trlanjur beli tiket banyak ngerugiin banget ini",1,0,,2025-11-28 19:51:08,,,
49906e00-0e23-4263-a914-a7a554be4642,Eka Maria Christin Riski,https://play-lh.googleusercontent.com/a-/ALV-UjVEeYZuiobJPwcNQ6aOrCeeCmnRsKh1UgNQK47wth5bwkNVB_hZ,aplikasi bodong... saldo mbanking dan shopee udah kepotong tapi gak keluar tiketnya... sering bnget error dan gak bisa buat tracking ww nya.. saldo tiket hemat juga gak bisa di buka,1,7,10,2025-11-28 13:33:55,,,10
1bee8fa9-79f4-4d85-b81b-c0c4fe674854,Putri claras Ratna sari,https://play-lh.googleusercontent.com/a-/ALV-UjV-Dr5t7_GzT_bLUXkwN4d6Is8vd9ztrJDPqI4kz5HD5ldWvgQ,"aplikasi jelek radarnya g kebaca terus, kita jd susah liat jarak armada selanjutnya msh sejauh apa",1,0,10,2025-11-28 11:26:53,,,10
dae66c1f-8f34-4280-94e8-7ab75c5dafda,Benedicta Gavrila,https://play-lh.googleusercontent.com/a/ACg8ocLiQ8jCPLPZs60lf8_JKTxXJquKe-37WRGfPPmsVCFz7_mLgA=mo,"kok gabisa top up pake qris lagi? gimana caranya, harusnya klo update aplikasi bisa dikasih keterangan",5,0,10,2025-11-26 23:48:05,,,10
9894b3c5-6759-43f1-b17e-86cbe644a5a6,Dony Hardyanshah,https://play-lh.googleusercontent.com/a-/ALV-UjVzxZLkw-vQ_pHhIp_7sA0nhZ5jKGnF4rIQiGNcqIpQVI8GU92g,"Tolong yah kepada driver gobis maupun bisa apapun kalo ada halte itu STOP, berhenti dulu lah jangan ngobrol doang, ini posisi hujan jadi berteduh disekitar halte mana udah nunggu lama malah nyelonong aja, dikejar drivernya juga gak liat. Ini halte udah lah gak ada kursi tunggu kalo hujan kehujanan kalo neduh gak keliatan driver. Apasih yang dikejar ampe gas trus gitu? ini juga aplikasi gak ada tempat atau layanan kritik dan saran.",1,10,10,2025-11-24 15:54:34,,,10
a7a1d010-c2d1-4a85-929f-f520141f4abd,yantihoukpt herdini,https://play-lh.googleusercontent.com/a/ACg8ocKWLk4wjBcX8AaJrzkvOjrNhlx1qYu34AZrlFZZ3ZfjJk_fYQ=mo,"Sangat terbantu sekali dengan Invoasi Pemerintah Kota Surabaya yang menyediakan Fasilitas Layanan Transportasi Feeder WiraWiri dan Suroboyo Bus Listrik dan Semanggi yang menjadikan perjalanan ke kantor lebih cepat, nyaman dan aman",5,0,10,2025-11-23 16:09:36,,,10
312b185e-a2e5-4103-a408-598954968d9c,ida fah,https://play-lh.googleusercontent.com/a-/ALV-UjX8VRzeglL2kSnIM2Jwmy5dCcxDJK_Oqotjz3-l8hlBt2bTo_d9,"setelah di update kq jadi ga bisa lihat jadwal, harus login tapi ngelag",5,4,10,2025-11-20 05:12:40,,,10
aaa0b648-a6fb-43dc-acaf-129299c741b1,yahya hamim,https://play-lh.googleusercontent.com/a-/ALV-UjVwRW_IRrefiu9k9skYV3m54cRY-2QjUxqm0nmrH5gcnOhx_ap7,gabisa dipake scan teman bus sia sia top up,1,0,10,2025-11-16 21:36:43,,,10
56fe2765-35c7-44ce-bf55-e19eb2d568da,Manusia,https://play-lh.googleusercontent.com/a/ACg8ocL6HBWQ4hOkQym_vCIErvMdp_yukirtW5ndOFX9E5o7o_vLHvI=mo,"Tolong dong buat driver Wira wiri kalau misalkan ada halte berhenti dong, saya sudah nunggu lama + hujan keras bukannya berhenti di halte malah lanjut jalan hadeh hadeh",1,3,10,2025-11-12 19:23:24,,,10
8d7329d1-671f-4d1e-b166-e5d6a35ed1de,Alfi Aliyyu,https://play-lh.googleusercontent.com/a-/ALV-UjWSNU3qO-mdESS7yIC-j10-kjzH0_We_mrj5jmljWFDivGluuYZ,"sebenarnya saya hanya ingin bilang kepada teman-teman yang buat aplikasi GOBIS ini, tolong setiap bulan dan setiap tahun update terus aplikasi GOBIS ini biar terhindar dari error dan bug.",5,26,10,2025-11-10 06:56:33,,,10
4c2467d2-d7e2-4a8e-b127-fb8596109286,Moses ozora.,https://play-lh.googleusercontent.com/a-/ALV-UjVGvHHVnGjhdTYgn3qWrhWgJD-vtO1Rih6a_hnUf-18zZh1l-5Q,"Apk tambah ga jelas ae iki,bisnya ga ada,bikin apk yg jelas dong,pelayanan publik ini",1,0,10,2025-11-07 18:54:21,,,10
8766ceea-8284-4bce-87f7-eb2654735a89,Irfan Ardiansyah,https://play-lh.googleusercontent.com/a-/ALV-UjWoB3rWRcL5bSHoE5Nl8H85akSYkm-NNiu0TReC0tUbtfZkRQgy,gak bisa daftar alesan koneksi putus Mulu,1,0,10,2025-11-06 18:21:06,,,10
6af85c82-808d-4ab4-a34e-47058436f7fd,FARUQ ACHMAD UMAR,https://play-lh.googleusercontent.com/a/ACg8ocLVgX8Ksi1ISw4OAZc9L0HGImcDPTn3oh33lhruFQxo4ayxBA=mo,lebih ditingkatkan,5,0,10,2025-11-03 17:56:31,,,10
59ece450-b12e-416c-91e0-d041f2f47c17,Nailas S,https://play-lh.googleusercontent.com/a-/ALV-UjU0l3g7vlF-puuiBsJuYO8trU3JWAK7goL-RgP320ERTJqF5Pcu,"untuk saya yg gak hafal surabaya, petanya tidak membantu sama sekali. Kalo ada fitur pencarian tujuan kemana, terus nanti diarahkan harus naik apa aja turun dimana. pasti akan sangat membantu. semoga segera ada fitur itu yaa",3,2,10,2025-11-03 01:29:23,,,10
a8faa132-3b7e-408f-a92a-a05294f35628,Saiful Rochman,https://play-lh.googleusercontent.com/a/ACg8ocJ_--50ZjyVB6IVZzJjWw8k4NMkJB--w3-UoGyvvnpjBOaiRw=mo,"hari ini minggu tgl 02 November 2025 WW01 dan WW02 tidak mau berhenti di halte tandes, padahal saya dan istri saya sudah berdiri menunggu di halte tandes pas depan indomaret tetapi semua armada melaju di sebelah kanan dengan kencang seolah tidak melihat orang yg nunggu di halte tersebut, tolong kedepennya supaya tiap halte tetep di berhentiin klo tidak ada yg naik bisa langsung berangkat, tolong untuk management pengelola wira wiri bisa di FU disemua armada yg jalan, Terima kasih",1,0,,2025-11-02 18:02:02,,,
2dc18546-0738-4bff-96a8-40c62d4e6477,Surya Dwi Satria,https://play-lh.googleusercontent.com/a-/ALV-UjVg_vLEHHR5202u6EU-VQBZtN_Hgk9wpSHJeZ2yCB32G3_Vvtoh,lokasi ga akurat sama sekali,1,0,,2025-10-31 17:36:47,,,
ea80ccff-1d5d-48a3-b1db-9e61ce5d3430,Jihan Hanny,https://play-lh.googleusercontent.com/a-/ALV-UjV5fCvmer8vJWVCXDlslpaPvkj30Z7EqsBVWM2neaGBhkiSV_I,"tolonglah kalau belum siap luncurin aplikasi pembayaran ONLINE seperti TOP UP, QRIS jangan di luncurin dulu .. merugikan orang saja. benahi aplikasinya",1,0,,2025-10-29 15:45:32,,,
25b4c96c-bb98-4622-ba6f-cbd66cf566d4,rasio garam,https://play-lh.googleusercontent.com/a/ACg8ocIfm0LIiFFLjTFOEXMIyw56eSg0q9aCI8bNm0mOvWTpRaC46A=mo,"setiap update bukannya makin memudahkan, malah bikin tambah ribet dan susah. Niatan mau top up buat disimpan untuk pakai di perjalanan selanjutnya, malah hanya bisa pesan tiketnya saja gak bisa menyimpan saldo lagi, tiket yg sudah dipesan juga tidak bisa di refund. Setelah code barcode dari tiketnya di scan, maka tiketnya hanya berlaku di waktu itu dan tak dapat disimpan untuk perjalanan selanjutnya, kalau tidak sengaja kepesan 4 dan hanya pakai 1, tiket ttp tdk bisa di refund.",1,1,,2025-10-27 15:14:50,,,
a8c33aab-3fc6-45a9-8ceb-f499a3f041aa,ABD JALIL,https://play-lh.googleusercontent.com/a/ACg8ocIATJ2zxUjlx5TGR_pcEq29iJMEs9wq3LC88I6mRf2uQkH26A=mo,"saya lupa kata sandi gobis, sayangnya gak ada menu layanan lupa sandi di telpon ke call center jaringan sibuk",2,0,10,2025-10-27 14:39:44,,,10
db2fe070-bdbf-4b53-9a33-9ae533dcd829,Mifta Annisa,https://play-lh.googleusercontent.com/a-/ALV-UjXddoILFf9rYkAtqFLkMoqfEHZURI25NEvPcio6dsDH6l5khK-l,susah sekali untuk masuk. tidak bisa masuk dengan NIK dan lupa password. email-nya lupa. aktivitasi susah.,1,2,10,2025-10-25 05:25:39,,,10
738262c3-b2a3-43ec-92e2-7b1868b1811e,Bayu Santoso,https://play-lh.googleusercontent.com/a/ACg8ocKEeIFAVA2N7HX0ildodh8Wqi70LGNnigkTUDuab-nu6cOs-A=mo,"masih belum juga ada perubahan kualitas pelayanan, masih banyak Sopir nakal tidak menjalankan SOP dan kernet yang gak tegas menegur sopirnya apalagi banyak yang ketahuan dengan santai main game dan main judi slot untuk feeder WARA WIRI",1,7,10,2025-10-23 11:20:31,,,10
3612a13f-bfa7-446c-abff-beab7f39aa7b,Fatimah Alvinnuha,https://play-lh.googleusercontent.com/a/ACg8ocL_SdhjfAdiFT4UL1qGCNESFiOKkVhSqHMgOCTfuK12Bcsn4Fc=mo,"sangat membantu sekali karena saya pkai pket hemat lebih murah krena saya perjlnan setiap hari, tp syng aplikasinya kadang suka eror ya. tolong di perbaiki lagi.",5,2,10,2025-10-23 08:08:31,,,10
0cfbf601-4658-4898-a669-8c7c1db61312,Reza Ray Gordone,https://play-lh.googleusercontent.com/a-/ALV-UjVrENJxuU1kBQUa1sLITqzQ5f56VexaaEVBKQO34_YFAuTlIjrN,"pelayanan buruk Driver orang Lamongan nama Punardi sama Helper nya Achmad Arya Nurdians tolong kalau sama penumpang ngomong yg sopan, pelayanan buruk banget saya kasih bintang 1",1,0,10,2025-10-21 07:00:24,,,10
58ab4eb3-c533-4bf6-a692-431ad4168c83,Adi Catur sulistyo,https://play-lh.googleusercontent.com/a/ACg8ocJwFPOM94dh70E9nSzCDuGFTZHV82meIoPapjyIFm_iBKIY5A=mo,sangat membantu saya beraktivitas,5,0,10,2025-10-20 19:11:51,,,10
822763ac-0b72-4236-92ac-b1ed591a823c,Evi Nuraini,https://play-lh.googleusercontent.com/a-/ALV-UjV9IrM9kQL50N5U6ysDMCK5XEYspvuvdMKntXPNzMjlvweSB7iz,"sering udaa top up tapi saldo ga masuk, tlg diperbaiki",1,0,10,2025-10-17 11:26:56,,,10
589984d6-b55c-4350-9c59-dae5c8db5880,Wage Umbaran,https://play-lh.googleusercontent.com/a-/ALV-UjWZ2h2kab0LoG7PlwekJ4rUSjV-3No8ayvURBattmm88nXfAAEIBg,gak ada fitur complain... tgl 11/10/2025 jam 12:20 sopir bus nya tidak mau berhenti di halte perak pelindo no bis SB 07,1,0,10,2025-10-11 12:26:35,,,10
d85ab83c-03d0-4fc6-a270-27a730b475ee,Lalaland Cutie,https://play-lh.googleusercontent.com/a/ACg8ocKywA6gGYVEGUZOTkLoEeIt0skXCJ8uQZcHFQFM4lO616VTDA=mo,"BIS NGELEWATIN MULU LU KIRA ENAK APA CAPEK CAPEK BERHARAP BERDIRI DI DALEM LAMBAI LAMBAI BAE. PEN PULANG AE SUSAH, GUNANYA APK INI APA??? NUNGGUIN YA DI TOLAK BLOK",1,0,,2025-10-08 17:17:56,,,
b4ca28b2-2ba7-474b-891a-23fb78a63281,Hadi Wong,https://play-lh.googleusercontent.com/a-/ALV-UjW0dFfWbjY5-v4mBSWvp_t7Tlu7-26lA7WigoLGHu9-XsjQvnYl,"applikasi sering bermasalah, tidak bisa terkoneksi dengan baik. mohon lebih di tingkatkan lagi",1,0,,2025-10-08 16:15:14,,,
5826e10c-ab12-4551-964b-7d8fffbc3622,ahmad Rafasyah,https://play-lh.googleusercontent.com/a/ACg8ocJV26k5ZWuFnhGtnDvoPYh858tRdYqNLYra2yDlFmYVZ12fXw=mo,"di aplikasi keterangan masih ada sisa kursi, tapi selalu penuh",1,0,10,2025-10-07 06:45:44,,,10
588754fb-04e3-4fc4-a07c-d7ad4fd2553d,Pugoh Sugiri,https://play-lh.googleusercontent.com/a/ACg8ocL2gYqkuAlLOtgGQPhvDrxbFNdaYKUZ5PQTNPUezoZJRsSDow=mo,tolong tambahkan nama helper di setiap feeder nya😊,5,0,10,2025-10-03 12:46:14,,,10
4473d390-83d8-4dca-a8e7-b2c0a092e79d,Wahyudi Wahyudi,https://play-lh.googleusercontent.com/a/ACg8ocKj3rgrzdC30m8lpURX_CYmKpBV0j2TK23QCiAkW_0-yCxofw=mo,click vh,3,0,9,2025-10-03 05:06:50,,,9
09b543c4-7d82-452b-8b35-7cf19a8a3123,Ristiandy Godlieb,https://play-lh.googleusercontent.com/a-/ALV-UjVKj72H8z1kXQY5WTGyPGQEEVGhyqCHiMSzUBU1UwcknoH4GJMC,"Tiba2 log out sendiri, padahal pagi masih dipakai transaksi beli tiket. setelah log out sendiri, tidak bisa login.... setelah input email dan password lalu di klik login, maka tombol login berubah warna tapi tidak ada respon apa2...",3,21,10,2025-09-28 15:07:06,,,10
247a12d6-1de4-47db-a23b-4f6f4721e329,Yukitoka Yuhira,https://play-lh.googleusercontent.com/a-/ALV-UjWy1zPY5G453OH2s_auFZBAVtud7UhT7na2upLk2zMGsHmd1oM,"Mohon Aplikasi diperbaiki, tiap masuk aplikasi selalu mengulang untuk login, dan memakan waktu lama",3,2,10,2025-09-27 10:12:36,,,10
deb56411-3cbb-42d1-be0c-95c2a4e25abb,Valery Ochenkov,https://play-lh.googleusercontent.com/a/ACg8ocIHT5fULwvOW73wpAl0kFELLyk39AwjvJe7iRlZDjwnYzMfeg=mo,Perbaikin akurasi GPSnya masa jarak jauh dimap udh kelewatan aja ... saya jg pernah mengalami hal tidak mengenakkan saat saya keluar dan saya tunggu di halte hanya karena saya pegang helm saya dilewatin mobil persis didepan saya,1,0,,2025-09-24 15:15:57,,,
fbfaedbd-01e7-4e76-aeac-a7085566e80c,ONNY FEBRIAN A,https://play-lh.googleusercontent.com/a/ACg8ocKGtDtPIhKrkd74ji_t1-t9krcPe5WmPFn5BhyFBqtJ34_LD14=mo,Aplikasi sering gangguan,1,0,10,2025-09-24 09:53:05,,,10
2152166e-f801-4a28-9925-0648a0771a14,Musthafa Amrullah,https://play-lh.googleusercontent.com/a-/ALV-UjWURbLr6rCI2PuAuAEr_dMgnuP2ffXnNdkgjEi2XHjoUQgB_afVag,Bgstt malah gabisa top up,1,0,10,2025-09-22 22:16:09,,,10
1ae5f674-60a9-421f-948b-a66fb8d0fd28,Fadhlurrohman Zaki,https://play-lh.googleusercontent.com/a-/ALV-UjXxRStK82iF_7vRs6tud9iU0TTqysWF6pM-94jVmpjPaX7saB7t,"aplikasi sampah ketika koneksi terputus, maka akun otomatis terputus.",1,0,10,2025-09-20 22:39:01,,,10
a9878f5d-48ed-4a31-a307-7d4bfd2020e7,Nofi Hijayanto,https://play-lh.googleusercontent.com/a-/ALV-UjXvx3RTYn8Bmjt2Jsmoxlt8-2-9JBaEz0c709IC6a7-WaI5New,kondektur ww005 benowo tunjungan mohon diganti kurang ramah sopirnya ugal2an bikin ga nyaman ini program pemerintah Surabaya jangan dirusak oknum,2,0,10,2025-09-20 17:19:27,,,10
535433f4-4d52-42fb-b098-8584802709f2,Dwi Listianto,https://play-lh.googleusercontent.com/a/ACg8ocLg3G5EMdsktYkvgvsmLJFcLvXxn9lWkaKvgnLb3sFNp4Wocg=mo,"Barusan saya mau naik, di halte balungbendo depan masjid jurusan Mojokerto bus nya kok gak mau berhenti ya hari ini 19 sep 2025 pukul 14.50 tolong ditindak lanjuti drivernya.....halte Depan halte bypass barat 1, arah Mojokerto",1,0,10,2025-09-19 15:04:01,,,10
db1c1df3-7578-4558-86cd-3be807123c79,dea anjeli,https://play-lh.googleusercontent.com/a/ACg8ocLM6n6y3LWndsCgU7fXmlMHSXrlgWBF-6nLuCTs6JopPm56Kg=mo,"sudah 2× topup saldo, saldo juga udah kepotong tapi gak masuk di aplikasi. apaan coba? mending balikin aja bayar pake qris. aplikasi buruk. bukannya mempermudah malah makin menyusahkan.",1,1,,2025-09-18 23:04:25,,,
65da1f7b-c2f0-4ce9-8f7e-076502e7f63f,Chakra Onfire,https://play-lh.googleusercontent.com/a-/ALV-UjXNdZnhnMivH6fNIK9vfL0NYCDeqxlTTPCkCWPkRxs1_oqwkUSO,aneh udah login tapi keluar terus,1,0,,2025-09-18 17:27:30,,,
c926df08-6bcd-435b-befc-e23355fbac58,Wedus Wak,https://play-lh.googleusercontent.com/a/ACg8ocKy75qOP2mfD39NAUSS34-bkatHo-NS9fSw5sfCrrPyfghaBw=mo,"uang saya hilqng, tidak masuk gobis. hilang seharga 1 indomie",1,0,,2025-09-18 10:51:41,,,
aee5475e-06c9-447b-b947-17e5f3533d1a,Yuliayu Wulandari,https://play-lh.googleusercontent.com/a/ACg8ocI0_eRgyZWeuTv51TMAMD9AxASKhes6RnPRKsqo0IIXSs04rw=mo,isi pulsa 2x nggak masuk ini gimana jadi rugi jadinya,1,0,10,2025-09-17 12:57:15,,,10
d423aeb3-d451-427b-945a-a371fbd65eff,Rusydah Zakiyyah,https://play-lh.googleusercontent.com/a-/ALV-UjWKnokbIOMlcSoUpvex-nm79SytHhlpIL8H4p8yj1N5FIIyK0a4,YOPO REK AKU SUDAH TOPUP 10RB TAPI KOK SALDONYA GK MASUK DI GOBISNYA????? PADAHAL DARI BANK KU UDAH KEPOTONG SALDONYA???? GIMANA INI,1,0,10,2025-09-17 10:22:32,,,10
b7a821e7-7778-4752-9b86-395a70ef71bb,Ali ahmadi,https://play-lh.googleusercontent.com/a-/ALV-UjXtEe44FueX8lHZ-sYEVlruhBuvstMuU4yT1k0zLdhF8GJntc1R,baik,5,0,10,2025-09-16 20:40:59,,,10
bd0cf6ce-6fae-4c90-bc34-5f6be8db2d21,Axel Zefanya,https://play-lh.googleusercontent.com/a/ACg8ocLPO_cXGmbVplDJfIocD7syCSrGOYLY0dUHeEURJ7E4Eg-rWg=mo,"aplikasi buruk, kembalikan uang saya!!! sudah 3x top up, sado sudah terpotong tapi belum masuk di aplikasi ini, apa ada yang bermain-main di balik aplikasi ini? padahal ini aplikasi untuk rakyat, kenapa malah jadi ladang untuk kalian!!!",1,5,10,2025-09-16 17:39:29,,,10
3f258903-a6e3-4b6b-8893-06980f6fa3f0,Mousi Anoulie,https://play-lh.googleusercontent.com/a/ACg8ocIh3OzqQY01LEuC-1uEOM6iVyk8xvtVHOAcND440AeiHLuTAg=mo,"Tolong ya buat helper nya kalau ada yang nanya itu dijawab yang bener kalo gatau tinggal bilang gatau, ngomong yang sopan ramah tohh yang nanya juga kebingungan, ini selalu aja jutek orang nanya di omelin bahkan di permalukan. Bertanya itu karena gatau kalo udah tau ngapain juga nanya sumpahh pelayanan nya burukkk bangett ga sopan.",1,0,,2025-09-16 09:29:54,,,
012a5804-65ea-47c9-96dd-c5e2640b1525,putri ayu,https://play-lh.googleusercontent.com/a-/ALV-UjVVzPEvM3l7o05IYDojHXuSSN3UTihcxBqAz4L4sGJL7awPVNo,"lebih oke ditmbah fitur ""cari tujuan"" untuk memudahkan pengguna melihat opsi bis dan halte nya. karna di apps hanya ada rute untuk bisnya, jadi kalau untuk pengguna luar surabaya gak paham..",3,16,10,2025-09-12 14:43:46,,,10
4a57a2a5-64db-4a04-ade6-88c2df03a001,C R,https://play-lh.googleusercontent.com/a/ACg8ocJYdyFovy1SGZMAaxfZipOeFca_1PsdxNCizdmymakIippI8g=mo,"Saldo terpotong tapi di aplikasi tidak masuk. Ada proyek bagi bagi ini. Saldo sengaja sebagian gk masuk karena ada pemain. Saldo kalian yang ga masuk itu jadi keuntungan pemainnya. Saya developer apps, jadi paham betul bagaimana trik cari keuntungan celah yang bisa diakalin, bagaimana manipulasi database, payment gateway, API, dll. Saya punya banyak waktu untuk audit habis-habisan App ini. Gimana Pemkot? Dishubmu ini sudah berapa kali ngetrik. Bahkan timbangan aja diakalin. Om saya kerja di sana",1,101,10,2025-09-10 06:38:52,,,10
5a2d331e-e809-4e7a-a219-104154538d5d,RUDI ALLTV,https://play-lh.googleusercontent.com/a-/ALV-UjURRrRCKImpHhnndBeLV053wRReQknvxwPBk6Uq7QZrmoaJmMI,"kejadian aneh waktu aq nyoba pertama kali malah aneh,, setelah aq daftar gobis trus aq pantau di map mobil wara wiri, stelah aq tunggu ko gk ada yg lewat pdhal di map sudah lewat, lah tiba tiba saya cek map lagi sudah jauh mobilnya,, itu kenapa ya,,",3,2,10,2025-09-09 15:27:15,,,10
91820143-cbff-479d-a287-5124eb1046cf,kata kopi,https://play-lh.googleusercontent.com/a-/ALV-UjWOh6MOO6WbNMBPRGpgFAcaVoN7uFSXHerOWTWK609_9xHfDi0,"tidak ada menu reset password bila user lupa password, cmn ada menu ganti password saja, pdhl ada saldo sehingga tdk bisa digunakan user utk bayar tiket",1,0,,2025-09-08 14:59:20,,,
07edc328-fdba-44e3-aff7-f2636deaef68,accarmy cora,https://play-lh.googleusercontent.com/a-/ALV-UjUlfo0b8efAKIiaRe96ABszKNzU1uOEn0V6pbyIxAVhjPUigt35,masih bagus aplikasi transjatim... penitikan map dsn halte lebih akurat,2,0,10,2025-09-06 15:51:33,,,10
0e22cf0d-c696-4a98-973d-cadb23e4f2a2,Anda Ruuu,https://play-lh.googleusercontent.com/a-/ALV-UjU5VO38wEyDZSJatEy-pxBxOE7ETdEc8y0ggQsdku5wgzHqvI7s,ini gw kalo lupa password solusinya apa?,1,0,10,2025-09-05 07:13:25,,,10
a3b42960-10d5-44ad-ae3b-e4c64ef39c72,Eddy Juniman,https://play-lh.googleusercontent.com/a-/ALV-UjV_eicMoCPyr2k4rBbPkrY2dZ_NCVeat_wR0MfVchrjAK6XMVoR,"sangat membantu,semoga kedepannya lebih maju",4,0,10,2025-09-04 18:34:15,,,10
f33fd079-5b52-403b-b063-f0e3268945d6,Sherly San,https://play-lh.googleusercontent.com/a-/ALV-UjUMz2VqXDYgNNwtJk-J_AL5TMiD4zN_zcdVAF9iffQKhlkhsDi8-A,"isi saldo dari mbangking , saldo.TIDAK MASUK",1,0,10,2025-09-03 07:21:28,,,10
5bd4e3f4-4a8b-446d-beea-3a29c5745ad9,DAVID WIJAYA,https://play-lh.googleusercontent.com/a-/ALV-UjWffjWxuT9Wy3ya5yZGWPwsg4BDNfjiz_-yHKTVcpMvWAYGD7M-BA,Pada waktu daftar memasukan email yg salah. Kemudian untuk login lupa password... klik lupa password dikirim ke email yg salah... sudah terlanjur isi pulsa dan beli paket... solusinya bagaimana?,1,5,10,2025-09-02 12:50:52,,,10
198bb6a4-1186-4f3d-83db-b37faadaa985,Ari Bonek,https://play-lh.googleusercontent.com/a-/ALV-UjVHTTPrcoQ0Cp5XgWiwkQzp1Al2K_a6I-3la27lvhOugH4wfcd6,ok,5,0,9,2025-09-02 12:28:36,,,9
6af90bd8-3437-4183-92c0-ddbb508e7a9b,Budi Santoso,https://play-lh.googleusercontent.com/a/ACg8ocLu4TQ14JRjqpD5Kes8NZfGuBjLGkfUR9yukDXW-vOMIcY_oQ=mo,sy suka dgn aplikasi ini buat mudah sy klau mau brangkat kerrja,5,0,10,2025-09-01 16:00:15,,,10
f5e1a569-3296-455b-9b17-d70e05c83182,Nathan Rvn (Nathan),https://play-lh.googleusercontent.com/a-/ALV-UjXxZBg4ivK0J19Xr9f4RkEjX32MfNiHCSZ27pivuRSvppJuS6A,ini gimana si udah top up tapi di apk nya saldo masih 0,1,0,10,2025-09-01 09:40:19,,,10
0ae5ad22-f05f-49fb-b0f9-9b2df85f25d8,Fajar Santoso,https://play-lh.googleusercontent.com/a-/ALV-UjXGrgXiEkPZIl-JciWExVE7NoLXjqs_FU-UxoyrWt6pnC2DAQLt,"bagus, sangat membantu",5,0,9,2025-08-31 19:46:51,,,9
17c3ff9c-d34f-4f44-80ed-88ff4ac394b5,Diky Alfian,https://play-lh.googleusercontent.com/a/ACg8ocKddNDoIgBI4smUUYp4oUxRabNnxVGayvkkIVAp64dJxvCbiw=mo,sangat bagus.. andai bisa sampai driyorejo pasti oke,5,0,9,2025-08-30 13:51:45,,,9
3c7738c2-91b5-4945-99c8-4c21a512e065,Dopi 1927,https://play-lh.googleusercontent.com/a-/ALV-UjVNLgqk07veNfUx6rP3sN1_ETgEL_EIZCPE1ZIDmHEGaDqgxBrLaA,"sopir nya ada yang jahat, tapi lumayan bagus buat transportasi umum",2,0,10,2025-08-30 08:41:04,,,10
02a2bd3f-54a5-49f0-8d65-62e8fe1cf149,Nizam Fatih Al Banna,https://play-lh.googleusercontent.com/a-/ALV-UjVnvrRVDP7ugRCp7rD_uhLODHeVzQX4YzMQI6W0_nYmZuQ-cA4,"Kalau berangkat dari terminal Bratang itu yang cepatt, saya nunggu di halte setengah jam tetap ngk jalan2. Padahal saya sdh lihat berkali kali di map. Harap di tangani🙏",1,0,9,2025-08-28 12:30:24,,,9
eeac8778-7116-4294-8817-ea8f441c7d40,Gadit Neny,https://play-lh.googleusercontent.com/a/ACg8ocKDIp2pCFhbWQqh0laZJOafWhdDo6_WKQfyPPy19ijpgdHaOQ=mo,aplikasi mantap,5,0,9,2025-08-26 12:03:49,,,9
e80e12c5-7646-4b6c-9a43-137467ea7cd9,MoTeX Zliriritz,https://play-lh.googleusercontent.com/a-/ALV-UjXr9BBahb85cXiUSF0qnzry-OqNO6wiapq8LYJ06frhkrwn_T8,"Setelah di update malah sering error & nge-bug, overall ini aplikasi bobrok ga jelas",1,38,9,2025-08-26 06:40:16,,,9
5ae5ac32-2c74-4bdb-8ec7-941e87b4d6f6,Revo Lusiani,https://play-lh.googleusercontent.com/a/ACg8ocLhSGYhE8ZpG7DDk6p56j5Es_vzwHBM0yg2Z8-6L2Uo44PqbQ=mo,sering error sinyal nya KL beli promo....tp KL beli hrg biasa lsng lancar,1,0,9,2025-08-25 00:15:23,,,9
c02a4a28-607a-471b-9675-792fd92e72b1,Nurhayati,https://play-lh.googleusercontent.com/a/ACg8ocJ15Xhdrs0pqB8xOf-ppKwpRuG4MTBksjaVbi-uFZY8C28zJw=mo,"semoga nanti ada jadwal kedatangan bisnya, sama tanda jalan bis di aplikasinya benar² akurat, karena sekarang masih seperti ngelag², jadi takut ketinggalan bisnya, karena tanda bisnya kurang akurat, dan juga semoga bisnya diperbanyak, dan jam operasionalnya bertambah hingga jam 22.00",3,10,9,2025-08-24 18:36:24,,,9
565bf422-f267-4c96-8a7f-dfe155c1aede,Reyhan Farisi,https://play-lh.googleusercontent.com/a-/ALV-UjXVteQ617Piw0wuqxn_f3GkMcj92n0nkdkhQVf7DR5cU4yJElY,"Tolong tambahkan fitur ""lupa password"". saldo saya tidak bisa dipakai karena saya lupa password akun saya",1,0,,2025-08-24 12:05:32,,,
7acd4a08-be41-4861-908e-5a4f042d2f06,Opo Anane,https://play-lh.googleusercontent.com/a-/ALV-UjWC2QJzPx7qo9irPS-DiHmbHGs8YGE4P8f5wcel59ieFzYUIaOx,reset password ora diproses,3,0,9,2025-08-22 21:59:11,,,9
d12c43ff-1273-467d-8fd0-a2da0f8407b8,nania binta,https://play-lh.googleusercontent.com/a-/ALV-UjXVXiHpfakyvyb2E7KR2I3yMpbVR7TaUB_f0BYsAlKJPOUEtuc,Sangat membantu masyarakat,5,0,,2025-08-22 19:57:56,,,
406d8ac8-d28c-4f09-b610-62c0762832fb,hermin andien,https://play-lh.googleusercontent.com/a/ACg8ocJoWD4X8yVDLj9butFiiZpPWUWIMUmTamAV7mn7ldSZ67W1lQ=mo,"update mulu ahh, udh gtu kualitasnya sm aja, ga makin bagus",3,0,9,2025-08-21 21:49:09,,,9
40a88e0b-8c57-4c5d-ac56-ac665c48ac74,Naradila Tahao,https://play-lh.googleusercontent.com/a/ACg8ocKipRygMHahHF3-o_-qevyeF95k9fR7HmYBEpyvo-pl6wkQb7k=mo,gk bisa top up back🤌,1,0,9,2025-08-21 18:46:07,,,9
f81ea678-0f85-472f-9871-cb58b7adfab8,Priyo utomo,https://play-lh.googleusercontent.com/a-/ALV-UjUVZN05y4GasjPRMvIHYhZ_xI91wI8D2xisPe3Pt2viV9d0hAnQ,bagus,5,0,8,2025-08-21 18:03:43,,,8
1131dd44-649c-4c2b-b165-4157e314c883,HKI4D 33 Vanessa Amalia,https://play-lh.googleusercontent.com/a-/ALV-UjUAkOCjEt3jplCkUR1gmeFIlk368-QcmqhABGFzvxath_B_Dq-x,"Aplikasi kurang akurat, kadang lemot, kadang gps nya ga jalan, keseringan minta perbarui. ngeselin, kurang worth it 😡",1,1,8,2025-08-21 16:29:24,,,8
bf455034-bf4c-40e8-9c33-13e287e6f20c,Akbar Athallah Alfaridzy,https://play-lh.googleusercontent.com/a-/ALV-UjU2CUZ-j8iLKBUtirKvkMNTOGk8kaMsiZuCY-BO60A5GKvIic-G,Good,5,0,,2025-08-21 05:01:38,,,
31ad49a2-0c3d-46a2-bc05-0925a81466a8,frinda nisa,https://play-lh.googleusercontent.com/a-/ALV-UjXZlDm-QLef11uPHgPBK9uxgrClQ8qJKKr3jlix2siCU6E8_Prw,"TOLONG LAH, SERING GAK SESUAI, JADINYA SAYA SERING KETINGGALAN BUS!! MANA SOPIRNYA BELAGU GAK MAU BERHENTI, BUKA PINTU LANGSUNG AJA TEROBOS, PADAHAL LAGI CEK BUSNYA LEWAT HP",1,1,8,2025-08-18 13:57:24,,,8
a23123e0-bc27-4346-ab0d-552daa38f493,Ja'far Sidik,https://play-lh.googleusercontent.com/a-/ALV-UjUebs8t2EQIX9YnZBteS1l5E4nS-fYnJH_nCGAtKKp6CN-RLCgg,"saran untuk rute madura bisa di perluas sampai timur, dan yang bangkalan sampai pelabuhan kamal",4,0,8,2025-08-18 08:01:22,,,8
c597abee-b88e-46b5-bcc6-60440e821461,Nuryanti,https://play-lh.googleusercontent.com/a-/ALV-UjVaCq5tmVh1NEh6i9Yifq2BNciDMbEmsuQ5-2eMK3LMMh_KBUBs,sudah daftar oake 3 email lgsg tp gak muncul otp nya terus .mohon solusinya dong,5,0,8,2025-08-17 14:28:34,,,8
e0d2a31b-3982-469e-8fea-e095edf6ee52,Mulyono,https://play-lh.googleusercontent.com/a/ACg8ocJnPF9f2GREzFCJ6JCiQYKwJr3otmaBaqlQ0xQbJQ9qRPKBIg=mo,"kenapa di aplikasi monitor lokasi kendaraan tidak ada kode terintegrasi dgn rute lain seperti aplikasi mitra darat, sehingga tdk membingungkan penumpang kapan harus turun di halte terintegrasi utk pindah rute, jangan sampai penumpang dibingungkan dengan aplikasi kadang buka mitra darat tetapi juga harus buka gobis, dimana dana atau saldo yg sudah deposit tidak bisa ditarik kembali, penumpang skrg sdh mulai masukkan ke dompet gobis, tolong jangan nyusahin rakyat, ini sdh ketergantungan dgn gobis",1,4,8,2025-08-17 05:42:45,,,8
a0172f6b-0d08-4030-90b2-cdbbb8f83e88,Sahrul Nugraha,https://play-lh.googleusercontent.com/a-/ALV-UjUulvht1gcrhu6FWJMvFBLAA6qC-PNKVlUuJuBTRcJ4C-DAFkoL,apk tidak bisa diunduh dan di pakai,1,0,7,2025-08-13 09:57:14,,,7
002bc1ca-924a-4bf2-be35-de1c1ec0b0b9,Maria Monika,https://play-lh.googleusercontent.com/a/ACg8ocKwAn5iz_t0bI3D2k-V-5Phl9lLQgp6vevMYmpMlnQupV2Jdg=mo,mobilnya bersih,5,0,7,2025-08-11 08:38:58,,,7
c3a2771e-ba34-4620-9fe4-49dffaeeeeb0,Zanni Marjana,https://play-lh.googleusercontent.com/a/ACg8ocIOXEMyst8kdM5b5XvZbYUZu6GKAKEmVZnCCyGXhGyAv7dESA=mo,Aplikasi ini minta update terus.,1,0,6,2025-08-09 17:13:06,,,6
1ceb6bd4-0a3d-4e61-ac94-24eb67d79e83,Doni “Nangkan”,https://play-lh.googleusercontent.com/a-/ALV-UjUm9lrNfetRxJMVrkIJXAvEKRkq2szHzvvzYADVjm9yJl8__qjy,top,5,0,,2025-08-09 16:58:29,,,
107dd3f7-8c9a-4388-acde-0917ada43cfd,trending naf,https://play-lh.googleusercontent.com/a/ACg8ocJOn1Lq8Gk7U7-N7X67pC85h_km1uDU20SCf0eZmoSdt3EJzA=mo,"untuk ww arah Lakarsantri tolong ditambah kan unit lagi, agar di tij tidak kosong terus",1,0,8,2025-08-07 17:45:49,,,8
8a6c8714-f086-4f3d-9a52-4000d21bca48,Achmad Irvan,https://play-lh.googleusercontent.com/a-/ALV-UjWOjt1BbioJwUmaCpf7SPHVTTG1C_lQ97G1rcNieA1PyKMG-IXE,Lokasi posisi orang di GPS nya tidak akurat. dan tulisanya tidak terlalu besat serta. Lebih baik pakai aplikasi Mitra Darat tp sudah tidak menangani,1,2,8,2025-08-07 10:05:06,,,8
c4ca8ecf-1ce5-4e6c-88fd-847f37d8f4f4,annisa ansani,https://play-lh.googleusercontent.com/a-/ALV-UjUS31x5Kans2jCePZeCcLBpk-RTM1gpATojpRAwT7D9UsToPAtz,KODE OTP GAMAU MASUK TUH KENAPAAAA 😭😭😭😭😭 AKU UDAH NUNGGUIN LAMA BANGET TAPI GAADA HASIL MAKSUTNYA APA SIH BIKIN APLIKASI GAJELAS GINI ??????,1,0,8,2025-08-02 18:59:18,,,8
4f541666-6571-41b6-b8f1-4c1abd2eda0e,Fahmi Nasrudin,https://play-lh.googleusercontent.com/a-/ALV-UjVnMC7sD2-KSs7m0MQ6BaUg1sNoiY4-WiZvrrswkXkLAD1Ax98W,pas top up saldonya ga keisi tapi uang kesedot anjay bet,1,0,8,2025-08-02 18:01:07,,,8
5ae35b8f-15cb-451f-a186-0c9da9b3c4df,Aisyah Marlidah,https://play-lh.googleusercontent.com/a/ACg8ocKb38M_TqqjGEfN0Xo3imLR_UBzXOYRm0jwgGO5mIkiaEmEKw=mo,"sebelum di surabaya bisa login, giliran udah di surabaya mendadak gabisa login mana udah di atas bus",2,0,8,2025-08-01 23:23:54,,,8
5acd62f0-2182-4852-80bb-c8ce0ef413b1,Frida Lusiana,https://play-lh.googleusercontent.com/a/ACg8ocJx6oXMkKGNkWyujUzVJmTjDecj2uFEv8acwdBC0gNwXx_J5g=mo,App habis diperbarui makin buruk! Saldo tiba2 ilang. di top up lagi trs cek di notif udah masuk. pas cek di saldo masih 0. tolonglah dimaksimalkan. jujur merasa dirugikan bgt,1,9,8,2025-08-01 13:27:42,,,8
63b0e6bc-7b94-47b2-afd9-dab40607fea9,jovan Jr,https://play-lh.googleusercontent.com/a/ACg8ocJgZpzdkybquYcTZPGWDtqbxbNXfC6L9FK3kOWlYN_l8aYShg=mo,sudah top up saldo tapi saldo masih 0.aplikasi sampah,1,0,,2025-08-01 07:46:46,,,
0b5f83e8-921c-406f-94f9-c2634533fec3,Bagus DCN,https://play-lh.googleusercontent.com/a/ACg8ocIZ53J2nI8SiRXPVBnjrgFIBg5hzC1H8vOlve78N2Otl65gKg=mo,"Bukan perihal aplikasi, namun jarak bus terlalu jauh dan tidak sama rata. Waktu tunggu jadi lebih lama",1,0,,2025-07-31 20:13:06,,,
eb4a7d65-35ea-4229-a3e8-1e925cf34a08,Sunan Fanani,https://play-lh.googleusercontent.com/a-/ALV-UjXWbcAhkpHra18zENomWKlq5kw3n2QCHg106hJ4qdWasfyuxCSO,mantab,5,0,7,2025-07-31 14:30:34,,,7
887164ef-0db4-4e02-9958-6170125e46e5,Benny Boediman,https://play-lh.googleusercontent.com/a-/ALV-UjVqpWqDU3ujUP7lnIG48k-WAjEx9YN_cLSxt_U0zbNSrsmEGOwh,"angkutan rakyat yg btl2 sangat2 nyaman berkualitas dr segi keamanan, kenyamanan, keramahan petugas jg kebersihan, trs tingkat kan semua ini u mencapai predikat angkutan terbaik di seluruh NKRI. BRAVO WIRA WIRI SUROBOYO",5,0,7,2025-07-31 07:20:08,,,7
bd8a4e1c-f0d3-40a8-befe-d8e2e74abc2a,Natanaiel Yuwono,https://play-lh.googleusercontent.com/a/ACg8ocJV-rmTc4mM-bbPqUHIMDdYrDTsxFpskAqDhVgdXP9GpeQoNA=mo,good,5,0,7,2025-07-31 05:25:30,,,7
c30a41a8-a4be-4e9f-9e34-e8fe0be35397,Tia Rafani,https://play-lh.googleusercontent.com/a/ACg8ocK186bl-YLY3r5iPj-MtVLWq5uVom-jNu1AOygScW9bNn0eYg=mo,armada feedernya diperbanyak lagi...,1,0,8,2025-07-30 11:28:06,,,8
36805864-f49b-43eb-b0a0-eeee42db1970,Adinda Naurah,https://play-lh.googleusercontent.com/a-/ALV-UjW6bQG972kjjvIvwuePHt1a7nIF8OAciIulA6_KNuQvVNq3emU,Aplikasinya kurang bagus dan minim informasi. Tolong UI-nya dibuat kayak aplikasi Gojek pasti menarik,1,3,8,2025-07-29 14:09:14,,,8
70bcfb5c-a5c7-4ef7-9ad2-4e4df1610062,Ilah Kusdilah,https://play-lh.googleusercontent.com/a/ACg8ocJ1xyQfd-F2ZatV7rh1ytVfiGVBuSlcj3c6VXT2Xz0JI6Cl2A=mo,baik memuaskan,5,0,7,2025-07-29 13:07:45,,,7
d6eefd69-0134-438a-ba71-343f7439e140,tesalonika keishaa,https://play-lh.googleusercontent.com/a/ACg8ocIfeIaLa3YT2I_0a9tQ5t0quUm2iO0m0WQJ_GYkhetPeYTAeQ=mo,"gabisa daftar akun bejirlah, padahal internet udah kenceng tp tulisan yang muncul ""koneksi terputus"" terusss hm",1,2,7,2025-07-29 04:56:25,,,7
f18a2cd3-af06-4b9e-abe1-2ae0ccc6d9ed,Fasrin Yulianto,https://play-lh.googleusercontent.com/a/ACg8ocKYDRYm9cZrR9aPXYcRy1b0f9m8izJBdNBIj7DXVJCcRTpiqA=mo,"Karena haus, saya pun minum air mineral botol kecil yang saya bawa, betapa kagetnya ditegur sama mbak admin wira-wiri ""pak ndak boleh minum, ada kameranya"", saya pun kaget dan spontan ""oh iya mbak maaf"". Sambil mikir....""Baru kali ini naik angkutan ndak boleh minum air mineral""",1,0,,2025-07-27 21:45:05,,,
b1ad226e-9d47-444a-9f76-d15aaed7c8e2,jio ndeso chanel,https://play-lh.googleusercontent.com/a-/ALV-UjUWc5BvsB1WYJ09-T4lltmroVuWob7KoeMQDZJFnjxV-QPTSFjw,agak lama juga masuknya klau kita topup,5,0,7,2025-07-25 16:11:19,,,7
fe0bb059-1e0a-4851-be45-2d39bdea17d3,Ratih Nidia,https://play-lh.googleusercontent.com/a-/ALV-UjW2PvOU1NObHgCw0QlTPszNepwYDc4jy5HJTTR0yb-98ur3QjKm6A,"sukaaaaa, bisa pantau mau kemana, cuman kesulitan kalo mau ke suatu destinasi harus di runtut dlu, dicari sambungannya, mgkn bisa ditambah fitur arah nya misal dari kanwa ke pasar atom naik apa aja naik turun dimana",5,0,7,2025-07-24 19:41:50,,,7
4c1f7d2f-6a8e-4b1b-b315-18385c39746d,Darmawan,https://play-lh.googleusercontent.com/a-/ALV-UjUp-8ePscIWD-6Tx9jd08ob_-ts-qW_EAfVDL6PRLhkY-pYz5tM,"aplikasi busuk, top up sering delay hingga 10-15 menit mana kondektur busnya juga ga sadar diri kalo aplikasinya bobrok ngomel gegara gabisa bayar. sering log out juga tiba tiba dan ngebug di waktu yang tak terduga.",1,18,7,2025-07-23 12:36:47,,,7
3fe55fbd-3c83-47bc-b055-30b3bf16bd22,Adi Lukito,https://play-lh.googleusercontent.com/a-/ALV-UjVWN0Sjpof0LfPhjX48kCfNo6MvIDT7xr1paYwWCa1c2Tx627spMA,sarana transportasi murah meriah merakyat tp tdk murahan dengn model dan fasilitas kendaraan nya.....Trimakasih sdh mengantar kami dan keluarga.,5,0,,2025-07-23 06:55:59,,,
42497d2f-9cff-4c5a-9ade-c583394e4b29,"Maximillian Kenas Tarmidi, S.H.",https://play-lh.googleusercontent.com/a-/ALV-UjXpfA3sr5-s8to9igFBFNz0YdgQAm2KHyvuKvkTlh3gzKBj43rRfA,Error often. One day forced to pay as a normal passenger eventhough a student which is twice the price because the money transfer was delayed.,1,0,7,2025-07-21 17:53:15,,,7
ea2ed61a-abf5-40ee-a96b-0186004d1476,Hani Hariyani,https://play-lh.googleusercontent.com/a-/ALV-UjWzdgxRShpzd0xIevs5w1DXmS5ceLcUoSsJTsAH8NoKnY_tA-VN,Sering tiba2 eror gak muncul rutenya. Tolong lebih update untuk lokasi haltenya kadang halte disebutkan tapi tidak dikasih petunjuk.,1,1,,2025-07-17 08:19:34,,,
e03b518f-e66e-4a70-ab2b-ecdf425791cc,Dini Shafa,https://play-lh.googleusercontent.com/a/ACg8ocIc9So_te9Q8fdQ3oq4-FGjdzQglkBQnt2a0HuAR0rdE8fL6w=mo,"petugasnya ramah2, armadanya bersih dan nyaman",5,0,7,2025-07-16 14:22:19,,,7
02b80ea0-35ab-494f-91f3-1a259f24cced,Twitter Alfin,https://play-lh.googleusercontent.com/a/ACg8ocIJOBVIW6nK5F9n9mXeZDNOm0hsKE-Uame90qVbwvPtOYJF_w=mo,"aplikasi sampah, dikit dikit minta perbaharui",1,0,,2025-07-16 06:34:00,,,
551d0e02-43a8-44e2-a38f-9635856a90d9,Wanda Vitasari,https://play-lh.googleusercontent.com/a-/ALV-UjWYHeO_yZTUTMoJVZGwouw3o7_E6btqjUkeZDAqSibkj0X6D2bitg,mbaknya yg jaga bus judessssss,3,0,7,2025-07-13 11:45:26,,,7
334c51ee-0ae2-4016-a777-6b8a16ac79a2,Adi Atfan,https://play-lh.googleusercontent.com/a/ACg8ocIyFSLDWI44sAlw1ZleUUNhiX_nqSw12u-qec40vmNAERwbeYo=mo,lama lama kok lambat dan lemot semua ya minta tolong DISUB,1,1,7,2025-07-13 10:21:39,,,7
b92b44ce-f90e-4383-9887-076ada30afee,Adryansyah Aji,https://play-lh.googleusercontent.com/a-/ALV-UjU7tjwleM8dIySHWt2JqiUsEEvWx2-3DegiClg_-5Rhrx3W1qQs,"Juanc*****k, untuk Wira Wiri dengan kode ""WW 96"" udah di awe² jauh² dari pemberhentian gamau berhenti tolong dipecat sopirnya juancokkkkkk. Saya memberhentikan pukul 7 an malam. padahal operasionalnya sampe jam 9 malam.",1,0,7,2025-07-11 19:34:32,,,7
514df3e0-dbba-483a-9aaa-3d5bd6bab332,Muhammad dhifan Rizky Saputra,https://play-lh.googleusercontent.com/a/ACg8ocKLzdFMKuRTnTXlckQ02N5M2U9UTNsUivkfzAlpm4-X4jIu2Q=mo,bisnya makin hari makin dikit udh nunggu 50 menit gak datang,1,0,7,2025-07-11 16:42:40,,,7
1f488ac9-dbe7-478d-b887-1b76462712b4,Kasman Kas,https://play-lh.googleusercontent.com/a/ACg8ocL1bjSRnZ784lbhSCxI4DAnqPGojOrs68nn9feyDUXlwtJkHw=mo,👍👍👍,5,0,7,2025-07-09 14:55:11,,,7
b290e8ab-fbbd-4fd3-8d7a-cfe904069430,Kasijan Kasijan,https://play-lh.googleusercontent.com/a-/ALV-UjWaM5D06Ls53aTS64hfR5McJIKkAppdHwzfe5s6L6l6ziYeh0I5,"WW06 hari selasa tgl 7 Juli 2025,diberhentiin di halte wonorejo tetapi tidak berhenti padahal ada plakat gambar Bus dan itu adalah halte pemberhentian",1,0,7,2025-07-08 19:58:49,,,7
081b9b09-6bcc-43e5-9441-716f481768b9,Gufron Gufron,https://play-lh.googleusercontent.com/a/ACg8ocKX2Pix0b61ueJNTeXfT5wc7bMG_QaxvPusUY440tSOjIkGpQ=mo,sudah cepat untuk gobis,5,0,7,2025-07-08 04:53:26,,,7
981e09e6-f4c9-4600-a6d3-ff26e0142993,Dita Fadillah,https://play-lh.googleusercontent.com/a-/ALV-UjWCrkORQsiKdbo6pTf4KNg79OqiSjkXRobyX_DHk-2KFUP7L5c8,lemot banget aplikasiny🤦🏻‍♀️,2,0,7,2025-07-07 19:16:10,,,7
850ca1a2-3f11-4201-b77a-d53f2320c4bc,Ayun Dwi,https://play-lh.googleusercontent.com/a-/ALV-UjV6EweX5rX4b7mHpT-ITvQfIEe9iPOedw6p6OBsJwolta3tFHk,lemot,2,0,,2025-07-07 13:12:37,,,
3ed8b4af-c67d-4a3d-9879-dcfad434c0f0,Ismail Husen,https://play-lh.googleusercontent.com/a-/ALV-UjUzHcXteeMU3oxDFTW5m3y7dzJ1zxrky7tMT6YxtcZ_BWjLLb-iDQ,"sangat tidak direkomendasikan entah kenapa rasanya gampang pusing naik surabaya bus, kayak karna cara nyetir supirnya yang ngawur, pelayanan supir dan petugasnya gak ramah banget, jawab jutek, malah banyak penumpang yang di marahin, kalo gak bisa ramah gak usah kerja di pelayanan umum👎👎👎👎",1,6,7,2025-07-06 01:58:04,,,7
5440a123-c16f-48ca-bf14-acbad3b40b91,Made Cina,https://play-lh.googleusercontent.com/a/ACg8ocIrIYnM8_N6bpFyErEGhv_VNstTRbQphIoT3HI8iLQCzeTlWg=mo,sangat bgs pelayannya,5,0,7,2025-07-02 20:12:28,,,7
a592698e-fe9e-49e0-9f85-8d3c5b43c00f,fatoyah opie,https://play-lh.googleusercontent.com/a-/ALV-UjXeXqukK_Fy7rWuhVne57_fs2mCVrHiaf6DBAxZkA8O3HA9oQ,Membantu saya dalam bekerja sebagai sebagai informasi transportasi publik,5,0,7,2025-07-02 14:45:24,,,7
658557ca-b575-4d70-9027-3b95f7f5bc3b,Eko Prasetyo Sony R,https://play-lh.googleusercontent.com/a-/ALV-UjXB2p-NvfXjPRltJ76FUz6wULafl7ubjlOriWU78khBlsDDKrwE,tolong ditambahkan jam operasional bus Suroboyo terimakasih,5,0,7,2025-07-02 14:01:32,,,7
aabca1e5-c342-4247-af6d-f041b5c486c3,rasyahilmi,https://play-lh.googleusercontent.com/a/ACg8ocIV_mo72DPUn27ilb_gTkZQibtdfjEThZ0ckBTz_2xY78Cx-Q=mo,susah untuk masuk jadi member padahal ada internet,2,0,7,2025-07-02 11:33:07,,,7
7c538b8f-0448-4ba6-beca-1ef86c7086d2,Aulia Stevani,https://play-lh.googleusercontent.com/a-/ALV-UjV0awISDxq5YshWsVzkOdJftfOoV9r9-pk9gxmsP6AF_kfaaPQ3,bagus mempermudah perjalanan,5,0,7,2025-07-01 23:10:44,,,7
ad7beb29-0f03-423d-b5d0-82894731ca77,Vincent Gunawan (Bluray Hero ID),https://play-lh.googleusercontent.com/a/ACg8ocJ8k3pzTAjrjwkWrASLXWOkaXyaBs_8_Z5yUS4SUXE_K3ciPA=mo,reward poin untuk apa kalau nggak bisa ditukar? tombol untuk tukarnya pun sekarang dihilangkan,1,0,7,2025-07-01 09:39:42,,,7
36a286ce-7569-4e0a-8771-f4870ea793ef,Hariyanto Yanto,https://play-lh.googleusercontent.com/a/ACg8ocLKsrUWe8xM-gYmoYuDmvI50dhS7THN6AjtC1go2lJtKtkB2g=mo,q pertama kali naik bis surabaya rasa nya nyaman.,5,0,7,2025-07-01 08:15:53,,,7
3e58d811-344c-4c3e-a57e-c3a5b84df7c5,IBNU YUDISTIRA,https://play-lh.googleusercontent.com/a/ACg8ocLDgFN6asDMfzPk2iajAnySpqJM_CIRVNCJOTkstSAE7T2tVA=mo,gak mau berhenti di halte padahal belum penuh yg berdiri baru beberapa,2,1,7,2025-06-30 16:25:22,,,7
d437c8a2-61ca-487a-9266-06cf92fcdcc8,Margaret Cellia,https://play-lh.googleusercontent.com/a-/ALV-UjUb9hSmhjW83JKGR3l_GPdQVVi4hWb2fV3UPiIvYVwdEpk-pA,"lupa pasword utk bayar pakai gobis, mau diganti pun gak bisa, harus pakai pasword lama. lah gimana mau d ganti kl pasword lama aja lupa. tlg d perbaiki aplikasinya 🙏",3,1,7,2025-06-30 09:04:32,,,7
e4f3f5a8-5f6b-4174-a1ae-915c169d2e8e,Gear7 Pro (AnggurMerah),https://play-lh.googleusercontent.com/a-/ALV-UjVmAJcHT4nULuY1ta1C0cuu06RecS48TCg0n0C0hCoQz_-Ob5tY,"sudah Bagus dengan aplikasi dan kemarin sebelumnya juga bisa pembayaran melalui Qris, sekarang harus top up, sebenarnya lebih ribet lagi, walaupun sudah bagus untuk mengembangkan aplikasi, tp tolong pembayaran /Top up juga bisa melalui indo**rt, alp**rt, dll agara lebih mudah, karena tidak semua punya rekening / Qris, dan kembali lagi permasalahan nya tetap di pembayaran. terima kasih. saran saja",5,35,7,2025-06-28 20:22:26,,,7
974da1f3-8dd8-4076-a043-785411ffbe97,Sumardi Sutrisno,https://play-lh.googleusercontent.com/a/ACg8ocIEW5wfdpTGX7f0T0rHmtetdhvsbH-fRtjCpvvrqxlwBU-c6g=mo,lebih nyaman aman dan efisien,5,0,7,2025-06-28 18:36:08,,,7
e9020c5c-454a-4262-b2fb-fef846e187f9,Bsdjdnyifnr,https://play-lh.googleusercontent.com/a/ACg8ocIZ3xHsoSfFHlhHXtb70bzl1gQYZzqFDBbJs0uYz3oBQlX5Rw=mo,"Minta Tolong Banget Di Evaluasi Supir nya🙏🙏 klok mau tutup pintu perhatikan dulu baik baik orang yang mau turun atau naik itu.. jangan terburu-buru, keselamatan lebih penting!! saya sering lihat nenek yang kadang agak kesusahan mau naik atau turun dan nenek nya salah pegangan yang justru itu sangat berbahaya... mohon di perhatikan lagi, jangan tunggu ada korban dulu..",3,0,,2025-06-28 11:17:07,,,
809c4af3-621d-4bf9-a58c-6042e361a5bd,Imam Safi'i,https://play-lh.googleusercontent.com/a-/ALV-UjX_FC22bQn1_s5StaUgGvGMCxJa65trmWN5N6TOvNyN6SIBVi4c,"kebanyakan update trs applikasi ini,,gk smpe sebulan update terus",2,0,6,2025-06-26 23:43:17,,,6
2e7872a2-f83a-4477-842b-6da4c143bbd4,Sword Lingg,https://play-lh.googleusercontent.com/a-/ALV-UjUkpsGW1-BLdkJ0PAulfDmY5Ly_UVXbDbsq0qy2cRQQa5BGA-qL,lamban woi saya isi saldo ga masuk masuk,1,1,,2025-06-22 18:32:07,,,
008ee266-e826-42ee-b9df-39e94910b3be,Ndari,https://play-lh.googleusercontent.com/a/ACg8ocLOu_cthc66Sy91o1C4t2c1v-p14jCmTkEBRdQgpSrywPl3VQ=mo,Udah Top Up saldo.. eehh malah ga berguna. mau payment lewat apk ini malah gagal terus jadinya Saldonya masih tertahan di apk sini.. respon juga lambat mohon diperbaiki.. kalau misalkan gakbisa payment di bus semanggi usahakan uang bisa dipake buat apa aja jadinya ga nahan disini !!!! kecewa sama apknya malah gak guna sama sekali,1,0,,2025-06-22 16:52:26,,,
2916dacb-0449-4db8-ad68-9aec9185e43a,ANDREW Kurniawan,https://play-lh.googleusercontent.com/a-/ALV-UjXT9a2hbBAOWerqvc5BiTxpynRrEwCJWxrFK_U5z1aACvb1tAfS,aplikasi sering error,1,0,7,2025-06-21 18:01:29,,,7
6e0d3397-615f-4a32-9ed4-6077591cac1c,Satrio Sugondo,https://play-lh.googleusercontent.com/a/ACg8ocKhjhWggUW3-uSd928FxuPZ7tTRUIHKaFN4fUttM7A2rRt_Hw=mo,sangat memuaskan,5,0,6,2025-06-21 10:41:03,,,6
c16f94df-9e7c-45d9-b561-0193eba00b16,Januar Tri Kurniawan,https://play-lh.googleusercontent.com/a/ACg8ocKWh050uB-OMQkfyV0jO_ruvUS8yoHi14Vcn64vuMDudd50zA=mo,"lokasi saya saat ini dan lokasi halte di map tidak akurat, selisihnya bisa 1 km",2,23,7,2025-06-21 09:08:26,,,7
ccdc2eac-e06c-41e4-8a48-412ff8c4ae01,Evan Edgar,https://play-lh.googleusercontent.com/a-/ALV-UjW-wnlc_tKG585xas50cy6HRW52jROyjOSXDAJ-hhqYbl9tOL2O,"kalo bisa, jangan keseringan update. setidaknya perbaiki lokasi dan arah bus... bahkan apa mksudnya buat keseringan update kalo semisal g ada perubahan, tolong sebisa mungkin admin lebih diperhatikan lagi buat apk ini... mohon dibaca ya min🙏",1,53,6,2025-06-19 12:30:55,,,6
9c9d20cf-9b75-4e6c-8c98-2d861534a5de,Murdjito ST,https://play-lh.googleusercontent.com/a-/ALV-UjVXdruSeGx4l2d6z9ZASNG-3r844C6d67WJ6ecORBMCsolhGZmuuA,baik👍,4,0,6,2025-06-19 11:23:53,,,6
f21b5a3c-fb3f-46a0-8598-863ca2d62a8a,Jav Corp,https://play-lh.googleusercontent.com/a/ACg8ocKY8JNtInsLemptGP3iy4Nz3ZOSgYJZXvxC0vaV7woVzop2hA=mo,"ini rute arah pemberangkatan aja, rute balik kok engga ditampilkan juga halte2 pemberhentiannya?",3,0,6,2025-06-16 11:41:31,,,6
1360770e-a7ca-4f38-9fae-2446628b68d2,Agus Anta Muzakki,https://play-lh.googleusercontent.com/a-/ALV-UjWA_SpRKS1zsA_4jxmevhTk5XnVl1JwFUocxYhull0Jb9XdGgZq,"dulu pernah daftar, tpi lupa password terus pilih ke fitur ""lupa password"" diminta email, padahal dulu belum di sambungkan email",2,0,6,2025-06-14 18:51:22,,,6
1adcf4f5-ec17-49af-a6dd-5ce372af1ae3,Wag Yo,https://play-lh.googleusercontent.com/a/ACg8ocLmU4_wHVbpJozVxyePCkAVKmdBN3VN7bNALq21sx7LXIDkdQ=mo,udah top up tpi saldo blm jg muncul sih. ini aplikasi ga jelas bnget,1,0,,2025-06-10 15:19:19,,,
9d649bf4-0f04-47d2-b156-ebcbbf0125cf,Sri Rahayui,https://play-lh.googleusercontent.com/a/ACg8ocJZVRnyUV6cJq3M9xJTlGi8nRQhxtV02MgRT_CmHRiheo2WDg=mo,gimana nih katanya username nya terserah mau berapa karakter tapi 10 karakter bisa bikin akun tapi nggak bisa masuk login habis itu data juga nggak bisa di hapus gimana nih caranya tolong developer dijawab saya☺️,1,0,,2025-06-08 17:34:33,,,
177deed0-8091-49fe-80ff-d73b8894bd0c,Ulil Abshor,https://play-lh.googleusercontent.com/a-/ALV-UjWAGb17DQ0tKydKYHrfEZg_M8S_P3mDy_TMrDZl1eMYmHJzlLOB,"SB 23, naik 7 Jun 25 jam 19.04 WIB. Saran aja, bisnya sering-sering dibersihkan. Banyak kecoa kecil-kecil di area tempat duduk ban belakang.",1,0,6,2025-06-07 19:48:56,,,6
31903347-dcd7-4058-b620-d84b99838c9d,Mohammad Nurrohman,https://play-lh.googleusercontent.com/a-/ALV-UjUUEWxh2iWPVwGvRJQJBXvRYKjbXzHfuIU9GTVQjTo7GbZKunIF,"aplikasi nya bagus dan sangat berguna untuk pelanggan gobis, namun masih sering sekali terkendala koneksi putus, dan juga sering tidak bisa login.",2,1,6,2025-06-03 07:09:45,,,6
b0aa626c-5fcb-47f0-a3f5-985f92dd9db4,alif aulia fadilah,https://play-lh.googleusercontent.com/a-/ALV-UjWiiyxV5dmuAe199yHLgVFG2Q22OzQZ7uwUv9TRfLCKPK8bvQCL,"4 me yg rada buta maps dan ""ga bisa baca rute"" mungkin bingung bgt dimana aja pemberhentian nya & dsb, coba dong tolong di upgrade fitur kaya Ai biar aku sebagai penumpang juga bisa menanyakan secara langsung dimana aja pemberhentian nya, beroperasi selesai jam brpa dan masi banyak lgi. karna emang minim informasi bgt jadi tolong untuk di upgrade biar penumpang jga ga bingung",2,18,6,2025-05-28 19:43:34,,,6
c5dbb65b-81d3-499d-bb37-bdfcc600e7c4,Luthfi Sodiq,https://play-lh.googleusercontent.com/a/ACg8ocJ8R-UepaTakU3IxJhW1h_vgyglHLerFSY90H3rTdUhKhI6TA=mo,Sangat membantu masyarakat,5,0,5,2025-05-28 08:19:33,,,5
edaccdde-7bed-48ff-b561-6a100ed3bb15,meryenugraini,https://play-lh.googleusercontent.com/a-/ALV-UjXfjai3FcnTqUqqFHa90bqhQeEZO7QYTtcLVSjrm13dentBcWAH,g sesuai jadwal semua. molor jam nya. saran aja klau bisa ganti personel busnya . biar bisa sinkron ama jadwal yg di sistem. seringgg telattttt jamnya molor,1,2,6,2025-05-26 08:31:15,,,6
01e5b034-1a19-4997-a590-d379b9ec8726,Celo Colo,https://play-lh.googleusercontent.com/a-/ALV-UjXE_7HD5tgdl-O1KKRx8VQolnvhGfS_airHpxUgR3WT4iBSqr0,tolong adakan fitur ganti foto profil,1,0,,2025-05-25 13:09:13,,,
c6602014-2d54-4bdb-bd7c-c09d761580c9,marwan nurdiriyanto,https://play-lh.googleusercontent.com/a-/ALV-UjVA2L7lfXZA-Ia2Y29Ee64-whc8x9X4g2O2-ho_kCo9jPkd7avN,"gak ada jadwal keberangkatan atau kedatangan,,,kami pakai tranportasi umum juga butuh ketepatan waktu, kami butuh tranportasi umum yang gak terhalang macet,",1,2,6,2025-05-24 17:57:37,,,6
8b407eeb-1caf-4851-9b19-e18dea234313,Agung,https://play-lh.googleusercontent.com/a-/ALV-UjW2RIzOwiKBrin2CpJ_ip0uM2fEmzfyXruo5nSumabb1PfVBvG_,ini knapa ya kok tiba2 jadi gabisa login setelah diupdate,1,1,6,2025-05-22 20:21:37,,,6
439efe58-ef7c-41be-b6c1-99dedd3dc860,Naar Ariana,https://play-lh.googleusercontent.com/a-/ALV-UjXlLeNkB_H2ksYQzCW4mJXEwXxDrNVDzdwuaK6GmytTCP-jagYC,"login susah, padahal kuota masih banyak",2,0,,2025-05-21 07:49:56,,,
91b10692-0b7e-4a5e-a3bb-80748f9394b7,Niko Fendi Lienata,https://play-lh.googleusercontent.com/a-/ALV-UjXCMcnQ1OUdaMlsCcZWnqI0ohRYH7vjxFqaz3MF8qhbizQbK8Yj,"Saran saya jika top up saldo dengan QR segera digunakan. Apabila ditunda, saldonya tidak akan masuk dengan qr tersebut. sudah hubungi CS nya katanya ada delay dari Bank Jatim, mohon menunggu 1x24 jam tetapi ditunggu-tunggu lebih dari itu tidak ada saldo masuk. menghubungi kembali cs nya tetapi tidak ada tanggapan. mohon hal ini diperbaiki. dan diberi informasi berapa lama qr bisa digunakan. jika sudah expired sebaiknya qr tidak bisa di scan(dibuat gagal).",1,8,6,2025-05-19 16:13:51,,,6
5bb2ce6a-6f52-4aeb-9a3b-2650d1dd35d0,Muhammad Alif,https://play-lh.googleusercontent.com/a/ACg8ocLwPhr-82-Gb5D-Vl4noQ_3-wM20iL73sagttv_DIVaz_9S4g=mo,"aplikasinya lemot, tolong diperbaiki",1,0,6,2025-05-17 07:00:15,,,6
d2adc631-cc71-4792-8d1c-dd44a2798dbd,Suryanti Yanti,https://play-lh.googleusercontent.com/a-/ALV-UjVzz-XgwNXtA6qRr9cmZKT0dAQR_Rl0BWu4Z9SJ_ZJgMmVPN-dP,okay,5,0,6,2025-05-15 19:01:13,,,6
bb6c5fee-cd33-4357-93fa-5146fc8e1ccf,Gredy Christian,https://play-lh.googleusercontent.com/a-/ALV-UjVY3oDKVw06E8235s0ctLMmr_v1cJR6gciJ4rXsFEF0qBw9KXhH,"Dulu udah install ini dan uninstall krn app ini sdh nggak berguna lagi semenjak ada mitra darat. saya kira itu sebuah kemajuan integrasi transportasi indonesia. eh gataunya per Mei Juni disuruh download lagi dan mewajibkan semua penumpang untuk melakukan transaksi tiket disini. Sungguh, sebuah kecanggihan gimmick yang memper ruwet keadaan saja...",1,33,6,2025-05-07 07:53:12,,,6
9009e843-08e3-433d-8c61-843363540f95,Edy Soelistiyo,https://play-lh.googleusercontent.com/a/ACg8ocIRjBfR9aVUt9gqwlQfR6iC7yNqfHpsjJjitcEmJtagZ9OiAw=mo,"Aplikasi sebetulnya bagus untuk penggunaan transportasi umum dlm mengurangi pemakaian kendaraan pribadi, Akan tetapi tampilannya perlu diperbaiki. Karena sangat memusingkan terutama di peta integrasi antar moda transportasi. Apalagi untuk pengguna dari luar kota seperti saya dari jakarta yang belum begitu paham jalanan di surabaya. Harus melihat peta yang tampilannya sangat memusingkan numpuk2. Tolong diperbaiki agar semakin lebih baik lagi tampilannya. Semoga kedepan halte juga jadi satu.",3,13,6,2025-05-01 19:20:57,,,6
609d9f08-7b22-4f29-88a5-bbf031841211,wiwin melathi041,https://play-lh.googleusercontent.com/a-/ALV-UjViYYec-FPrgm1MwrRgLbkOfALkunzYh4jqKWS_FjoI0ZiVdsU,sangat membantu untuk mencari feeder sesuai tujuan,5,0,5,2025-04-30 06:32:13,,,5
627e4f31-0f73-4ddb-9705-1aed50f75bad,hengkywangge hengkywangge,https://play-lh.googleusercontent.com/a/ACg8ocK_OE3fPsguFQSDGXldxB-XXiE1_H38f6re24-vfldCzgi1uQ=mo,mantap dan bersama gobis dan wira wiri,5,1,5,2025-04-29 19:07:19,,,5
a2a4158c-ed3e-437c-894f-d83bb542ba0b,Wahida Nurul,https://play-lh.googleusercontent.com/a/ACg8ocLQeJfllqpKOxul5hHWP4aC1_roRsqcYACtLJsDDwJ0bYClfg=mo,"naik city elektric ketempat kerja lebih irit biayanya, tentunya sabar menanti bisnya...",5,1,5,2025-04-29 15:23:13,,,5
e1782cfc-e9e5-4ebf-ac57-e742858683ed,Muhammad Nobel wiranata,https://play-lh.googleusercontent.com/a-/ALV-UjWUlRhINL3VoVU69l-_nTg9gv7u96X86PyBsGUNlIEZsLO6DdXr,KOK MAKIN LEMOT SIH?? MAU CEK MAPS BUSNYA LAMA BANGET BARU BISA KEBUKA,1,0,6,2025-04-29 12:21:19,,,6
d4fe42e3-dd4e-4483-956b-ae57e9879225,ARY POERWO,https://play-lh.googleusercontent.com/a-/ALV-UjUimcz7nwSFvrIQ927t9v6GfDFTeUeP2mR2VoyByeyj6oKBhRFm,helper sopan-sopan mau jelasin pertanyaan penumpang...,5,2,5,2025-04-29 09:31:32,,,5
18cd0baf-2104-442f-98af-8abea5453bfd,Akf Genteng-SM Ekstra-Safira Imaniah-SM3,https://play-lh.googleusercontent.com/a/ACg8ocLn_3vf4vE0HNCDbrSHCY4NM3fQUdv0Jr8u40cbUDDeCwp-6A=mo,proses daftarnya lamaaa bgttt :(,1,0,6,2025-04-28 18:42:41,,,6
57ee4895-497b-4041-8455-468c9d6932e0,Nur Istiyah Spd,https://play-lh.googleusercontent.com/a/ACg8ocJ_C6R5z4h4u9Lds8UZM6XPh2MI5ShHfWqO7KyxSD4vU0wghA=mo,"nyaman, aman , terjangkau",5,0,,2025-04-28 14:23:35,,,
f3c3dc18-c091-4f9b-a959-bf1f1226a2ff,Muhammad Sabransyah,https://play-lh.googleusercontent.com/a-/ALV-UjXGt3wbUKnmBDlfgctoXZoYt3yU-NwXlFXMy_W2bpNaslWzmo3I,"Dengan adanya aplikasi ini sangat menguntungkan bagi kita pengguna transfort dgn bus, bnyk arah tujuan yg kita inginkan mau kemana, keliling kota Sby mengasyikkan dan murah meriah.",5,3,5,2025-04-28 13:45:06,,,5
820ae258-4ba1-4162-b163-67f9a94c13e8,Pyth Goras,https://play-lh.googleusercontent.com/a/ACg8ocIn4vteiCLGdgXlUhQQynogu424liMQK108_1OaU9mhEh2_mw=mo,"Mohon untuk pengisian/top up saldo diperbaiki, karena terkadang saldo lama baru masuk, bisa sampai 1 hari bahkan ada saldo saya yang belum masuk hingga saat ini, padahal sudah top up 3-4 hari sebelumnya",1,0,,2025-04-28 13:03:46,,,
750a440d-416a-4d97-be57-0828291793a1,meutia syaharani,https://play-lh.googleusercontent.com/a-/ALV-UjWCB9qjF8RoxzezuDKbhFq-ieXL_Z5cY6RGEk_OLzCOx9pM5gzu,"padahal sudah top up 2 kali tetap tidak terisi, malahan yg ke isi cuma top up yg kedua top up pertama tidak",3,2,6,2025-04-28 11:45:16,,,6
5da0e523-0fa5-4ae8-93da-94fd9488edd1,"Konstantinus Rizky Wibisono, S.Pd.",https://play-lh.googleusercontent.com/a-/ALV-UjVHPKpcm3oD2V-zrlZel60LBsL-fJtx070PKuOqktS7djTrVp5k,tambah ruwet bayare.,1,0,4,2025-04-28 10:49:30,,,4
120ab055-c4bd-4e27-a7fd-b0fafebbc2d2,aurellio reyfander Novianto,https://play-lh.googleusercontent.com/a-/ALV-UjWVii9Y2FTvMxhW0TCaTcDxGXbjIGaYV8mJBd06JT8k9VUWEgE,BAGUS TAPI KAPAN YA ADA PENAMBAHAN NAMA CREW KETIKA MENEKAN IKON BUS LALU MUNCUL NAMA CREW,5,0,6,2025-04-28 09:42:00,,,6
3ea3d099-af77-44c1-8caa-d396c750f4a8,H. A.,https://play-lh.googleusercontent.com/a-/ALV-UjVea6wAtyxMMVAo7BQAJzVlQVEQNp27fWHJxbrmFMxWUStIVMvukA,aplikasinya masih sering lag dan eror,2,3,6,2025-04-28 08:15:55,,,6
b8380bfe-82e4-4ac9-a217-84264492a821,YmvBrahmana,https://play-lh.googleusercontent.com/a-/ALV-UjWkpwY4GDNodFgZ-apfMz_7HpEWTFVPVjR2OXBQVV7_d26HnF-y,"perbaiki lagi sistemnya, buka aplikasi saja lambat, tidak langsung muncul, sering error",1,5,5,2025-04-25 17:06:43,,,5
c52ba085-993f-4a86-b304-e702a73d7af3,Kevin Taufan MKv,https://play-lh.googleusercontent.com/a-/ALV-UjWErzhW0EF9l9Lobsy5DAuFSacq6ZNbQTKH8Qe9vP-zmbQRyt91,"ini mau daftar gimana dipencet pun gk bisa, tolol banget sih",1,0,5,2025-04-24 07:58:27,,,5
5e890542-2bc5-409b-86a2-48e50ffcfe95,Diva jihan,https://play-lh.googleusercontent.com/a/ACg8ocKFBWrUqC9pw9vsLJT08wXwShIXLp63ih6sTGhibhB2ygr_zQ=mo,"TOLONG YA untuk diberitahukan kpd SOPIR-SOPIR BUS SUROBOYO KALIAN ITU HARUS LEBIH HATI-HATI. Saya salah satu penumpang BUS SUROBOYO SB06 tgl 21/4/25. Naik dari Bungurasih ke SMPN 5 Surabaya, Saya jatuh dari bus suroboyo tepat di depan halte SMPN 5 saat hendak turun tapi si sopir malah lanjut menjalankan Busnya!!! NAMA BPK KERNET BPK BENY BUDIANA. Dan pinternya lagi, SI SOPIR GA TURUN DAN GA MINTA MAAF. DAN UDAH LAPOR KE IG SUROBOYO BUS TAPI TIDAK ADA RESPON. KALIAN GA ADA RASA TGGUNG JAWAB!!",1,4,5,2025-04-23 14:48:21,,,5
c935ea68-72ad-401e-96bd-e92486fd467c,Silvester HP Itel,https://play-lh.googleusercontent.com/a/ACg8ocKZ0zE2rzdmMkdJ8AQoHYYuLXV6zmv_dHvsMrMn7QDz9CaHrQ=mo,tolong di edukasi supir Wira wiri untuk update jumlah penumpang.. saya sering tertipu aplikasi dibilang kosong waktu mobil datang ternyata penuh.. dan juga beberapa supir kurang nyaman bawa kendaraannya,1,1,,2025-04-21 17:10:25,,,
23f62c6b-ca85-4a46-a007-54f3e777b135,Pur Wati,https://play-lh.googleusercontent.com/a/ACg8ocJ48Aa-KjtPVQT6fuYpDALcNE3xW7TTueMCrnBgvSmFuT2lyA=mo,bagus semua.,5,0,5,2025-04-20 22:16:53,,,5
f0d9146d-c0ad-4a19-b753-6432dcd06a5c,Ali Akbar,https://play-lh.googleusercontent.com/a-/ALV-UjVgg-XYoOxescQbphrRyLgUWfwgEzVrRVBk2YnfHjOZhW0K1AU,"gara,, aplikasi eror waktu saya setengah jam sia sia nuguin wira wiri pas dia lewat ee ternyata aplikasi eror",1,0,5,2025-04-19 07:35:06,,,5
8f290c83-ed5d-460a-88d9-f304ddcf8a6a,mochammad syamsul arif,https://play-lh.googleusercontent.com/a-/ALV-UjVrq2VZpD8IwXKZ5z8lOdZSobFWC9C9jocxvlng2rPMS-7e48Zx,𝙎𝙖𝙮𝙖 𝙨𝙪𝙙𝙖𝙝 𝙙𝙖𝙛𝙩𝙖𝙧 𝙩𝙥 𝙥𝙖𝙨 𝙢𝙖𝙪 𝙡𝙤𝙜 𝙞𝙣 𝙥𝙖𝙨𝙨𝙬𝙤𝙧𝙙 𝙨𝙖𝙡𝙖𝙝 𝙩𝙚𝙧𝙪𝙨. 𝙥𝙖𝙙𝙖𝙝𝙖𝙡 𝙥𝙖𝙨𝙨𝙬𝙤𝙧𝙙𝙣𝙮𝙖 𝙨𝙪𝙙𝙖𝙝 𝙗𝙚𝙣𝙖𝙧. 𝙢𝙤𝙝𝙤𝙣 𝙥𝙚𝙣𝙟𝙚𝙡𝙖𝙨𝙖𝙣 𝙣𝙮𝙖.,1,3,5,2025-04-18 14:53:00,,,5
0ce9e16f-34ce-4978-9642-b6d6810678cd,Giosandro,https://play-lh.googleusercontent.com/a/ACg8ocJdrvFDee4hlAELbWgwnpDeMv3Iubb-pe0lBD_lMjmr7nySCg=mo,sering error,2,0,,2025-04-17 18:44:33,,,
bad862a5-e9d7-4455-8837-7fcc63dc0440,Jems Ewin,https://play-lh.googleusercontent.com/a-/ALV-UjXaezWr3Tzqd01ARgEpaEmZRamz3YLSs5R6ilrGUh5Q2uHmVQ,Untuk wira wiri tak kasih Bintang 1 krn mapsnya yg di kendaraan (wirawiri) entah helpernya atau drivernya gak di update kalo sdh penuh terkadang masih belum penuh gak berhenti di halte yg kita tunggu bolak balik telat terus gara2 feeder...kalo gini terus mendingan hapus aja transportasi wira wiri sama yg lainnya percuma ada di surabaya bukannya menolong malah mempersulit,1,4,,2025-04-17 14:41:40,,,
96d0d881-c043-4a4b-a838-51f5d60b555a,Tonggo Samosir,https://play-lh.googleusercontent.com/a-/ALV-UjWn_mN1PClRfrPU7JoSrx36rZDPrHLUKkH5DhCM-3qdqlT2jXaB,"saya top up lewat mbanking, di mbanking sudah terpotong tapi saldo di gobis belum terisi 1x24 jam",1,3,5,2025-04-16 19:02:11,,,5
8afaa5ba-6765-4b90-92fd-4efeb17d4132,Warkop Bude Pen,https://play-lh.googleusercontent.com/a/ACg8ocLTO8zmCunbU_LOWWErva76YQ3JOe91Guyhb0yzLxry-gMQ1w=mo,kenapa pembayaran qris dihilangkan? SANGAT MENYUSAHKAN. SUDAH SAMPAI DI HALTE HARUS PERGI DULU KE INDOMARET BUAT TOP UP. TOP UP LANGSUNG PAKAI TRANSFER MOBILE BANKING PUN GAK BISA. SANGAT MENYUSAHKAN....,1,1,,2025-04-15 16:55:19,,,
ef3cd19d-4454-4fc0-a7fe-1b070e3b1ceb,Enang Prianto,https://play-lh.googleusercontent.com/a-/ALV-UjW7i-8Bm1Vk4Pcfap9ZeR8NeL1IU85hT1g8M89qsrt-usCGqsIu,aplikasi gk jelas..daftar udah d.isi kok login gk bisa..biasa produk karya anak bangsa lemot,1,2,5,2025-04-15 16:19:44,,,5
f353e5c9-59b1-458c-9de4-50f832f01385,22-Yusuf Qardhowi,https://play-lh.googleusercontent.com/a-/ALV-UjUEynbQqX3GPSdHKruf6GQIrOM1xez2J5Sz0MEStUzydbRlirJ5,"Orang cuma mau liat posisi bus malah diwajibin login. Sudah diperbaiki. bintang 1 lagi, TOPUP GAGAL GA ADA FITUR REPORT, AYOLAH FITUR SESIMPEL ITU KOK GA ADA",1,3,5,2025-04-15 07:58:26,,,5
6fd2d182-9570-4da2-99e6-e53e65e7030e,Kahfi Rizqi Wibowo,https://play-lh.googleusercontent.com/a-/ALV-UjUMOKOVCOl-A8EFJIJh7xATsIDJdgzhLEsaSh5iNQZbnqt33njHvQ,"saya tidak tau sudah berhasil daftar apa belum karena proses yang lama, hari ini saya cek ternyata NIK saya sudah terdaftar... tapi saya bingung ini password yg saya masukkan salah semua. apakah bisa dibantu untuk pemulihan akun? karena email saya juga saya lihat tidak terdaftar",1,8,5,2025-04-13 22:10:35,,,5
bb9694c5-de2d-45a5-a3ff-496dee5dbeaa,Wahyudi Yidi,https://play-lh.googleusercontent.com/a/ACg8ocJ7fM4QA1RlB8ClHHr7JXIwkkmZgeKa0ZkHMwvJIT4erbxNPw=mo,lumayan,5,0,4,2025-04-12 20:41:30,,,4
9efc8fd5-c88e-4dca-83c5-01d4a371aa53,Nurul Hidayah,https://play-lh.googleusercontent.com/a/ACg8ocJiXyD0yJ8UU8ySA4yRNi4p2z7uFAMLhgoIG7ocsmSlEW0peg=mo,keren,5,0,5,2025-04-12 20:22:45,,,5
fe2ee114-20ff-4fd0-99a1-374444f941e9,Muhammad Dandi,https://play-lh.googleusercontent.com/a/ACg8ocJXx_xAVM8DR-8fCL9807amgfBU3cC-V1L6oH85kzOZQfxOBw=mo,aplikasi gabisa dibuka sama sekali loading putih gitu doang,1,0,,2025-04-12 19:30:40,,,
1f915612-3d0c-47a6-b295-6dd951590b81,Faishal Sudatama,https://play-lh.googleusercontent.com/a/ACg8ocJAuNNlr3nwAtD4kAWrnT_r_CTCpi1Xm7A0YXktG0J4Mg9oQw=mo,"haha aplikasi belum selesai, coba beli 1 tiket, pas beli aman serlah dicek riwayat pembelian aja ngga ada apalagi tiket , rugi 5.000 haha",1,0,5,2025-04-12 19:13:03,,,5
3c19ba99-7206-456a-baab-232c375da80e,achmad yari,https://play-lh.googleusercontent.com/a/ACg8ocLYwak3ILLTVzXHeHItlO3usToEdahtG2J3SJz2IoVgbODLLA=mo,terus berkembang Lur,5,0,4,2025-04-12 08:35:24,,,4
da8010cf-32c9-462b-9122-a3a4ab52a4d9,Jacob papibel,https://play-lh.googleusercontent.com/a-/ALV-UjUUj9S1Ea_nSezMzvfeiWjPy2pY_xNesAhd8mg6ZFY8L2Vrx6Uy,"Mantap aplikasinya, mantap pelayanannya...",5,0,5,2025-04-11 19:59:09,,,5
3476ec24-d99f-48ca-a579-048f60376d4b,Sius,https://play-lh.googleusercontent.com/a/ACg8ocIVBOvk8iT1QhIiNyNm_UzN1_5hHbKN8APm0zw4DbLAaAmNrw=mo,aplikasi gak bisa di buka tolonglah dishub kami ingin naik bus suroboyo jangan bikin susah masyarakat surabaya,1,0,,2025-04-10 12:46:02,,,
dcae6a53-fa1a-4160-a420-b09159f91236,Kopake Shop,https://play-lh.googleusercontent.com/a/ACg8ocK0mO8NOsNuZtBBvrIkwDZdawgf2ffMiCa6X4PqfbV38Iku9w=mo,ga bisa dibuka di Redmi Note 4,1,0,,2025-04-10 08:59:13,,,
412a364d-20e9-4e2c-9a58-ec96675b4517,Paundra Ardianto,https://play-lh.googleusercontent.com/a-/ALV-UjUpLqtdpxQaZiwIuxanNHIlCABnAeTDFpkHNXsN_A2kWm_MJK8,"ww25 8/4/2025 sekitar pukul 20.20 armada tidak awas akan penumpang yg ada dihalte , sudah saya lambai sampai kejar tetap tidak berhenti padahal kondektur sempat melihat kearah saya ,, terlihat juga armada belum penuh posisi saya menunggu di halte darmo permai timur",1,1,4,2025-04-08 20:34:45,,,4
f9ce8ff6-f2bf-47fb-bfe5-6b5d97636798,Mumhammad Izza Narendra,https://play-lh.googleusercontent.com/a-/ALV-UjXIwTUh-mr2B52VwtOAlsP2RvPUdkcBeXgUikdmhLNW6k_FvV1H,seperti aplikasi pemerintah biasanya lemot suka eror dananya kebanyakan buat korupsi sih gak becus,1,2,4,2025-04-07 11:04:27,,,4
d4901eca-e566-456b-b2a5-8440579b4374,Adi Nimin,https://play-lh.googleusercontent.com/a-/ALV-UjWzy-cCgSyfzp3zQmvo4_OFqCSCdA47Os1LLOZFHI2zQfVLlGI,"susah daftar nya lemot GK mau jln, kayaknya apk nya males kemn2 klo bisa di jgn di pake tuh apk maaf soalnya SMP skrg Lom ada niat untuk merubahnya apknya",4,1,4,2025-04-06 10:27:33,,,4
def862b6-c28c-4559-8732-698809346498,Moch Okta S,https://play-lh.googleusercontent.com/a-/ALV-UjVHqcAToaX8XyYySSfmQtkriDbxDCX3KgD-WrykNdaVGJt4WzCo,"bagus aplikasinya untuk memudahkan pengguna transportasi umum di SBY, namun harus ada beberapa update terkait fitur2 yang belum selesai meskipun ada menunya.",5,3,4,2025-04-05 04:47:54,,,4
8843e02a-f3a3-4319-9ffc-5539f006b823,Dimas Wibowo,https://play-lh.googleusercontent.com/a-/ALV-UjUTWpF5ZtKdEyW_AdE3Y_cPrkFGJZzYwnhdzKV8jWmmqSKPjw76oQ,ruwet dan lebih mudah pakai qris,1,0,,2025-04-05 04:42:50,,,
cd75ab40-a1a3-4a3f-9a08-596457ee2023,Dean Pratama sutadi,https://play-lh.googleusercontent.com/a-/ALV-UjX-tpjGSFdLfKWdpXJL8t4KCE1c86pGtNzBFmb3epGIwAU_6itH,Aplikasi sering bug.. tolong para IT yang sangat berkompeten dapat memperbaiki masalah ini. karena sangat tidak membantu. Terima Kasih Salam sehat dan sukses selalu,1,4,4,2025-04-04 18:51:43,,,4
a7dfc027-f368-46e4-b55c-7d574d55b046,Gusti Wira,https://play-lh.googleusercontent.com/a-/ALV-UjVm8O13hpcRGU6IZ0E_-rHVj9UYlEb0wBF57v-EbBkf2mSI015j,"Assalamu'alaikum, Bismillahirrahmanirrahim, Alhamdulillah, Wasysyukrillah,,, Admin menyampaikan aspirasi dan saran, memang aplikasi dari Go Bis Suroboyo tidak jarang eror, namun tetap bisa dibuat akses untuk perkiraan posisi personal maupun kendaraan. Harapan banyak bug fixed dari aplikasi ini. Untuk program Go Bis Surabaya menurut saya sudah sangat baik, karena relatif murah, pelayanan baik, dan mekanisme yang simple dan nyaman. Harapan kedepan supaya penumpang lebih dibatasi bila penuh",5,1,4,2025-04-04 14:49:07,,,4
43cf552d-8f1a-4cd8-9d51-6e5a49865cfe,Hilwa Idah,https://play-lh.googleusercontent.com/a-/ALV-UjXv0xs4Qg47cJicXOfdVK6lhQPYe_vaqa3QW4aAffprN3lTXnoi,lemottt pollll,1,0,4,2025-04-02 22:07:11,,,4
2f0bcbcb-f6b4-44b9-a3cf-cfcc4eb44964,agus hariyanto Handjaja,https://play-lh.googleusercontent.com/a-/ALV-UjWprtiG2IsGgQnFzXA3S2o60QqAMrTf6G4vbgKt9G_i3Yz08cyn,transpotasi yg cepat dan bersih,5,0,4,2025-04-02 14:13:53,,,4
bcc490ed-d42b-4a16-aa3d-b3bb171b19f9,Mantek Surabaya,https://play-lh.googleusercontent.com/a/ACg8ocLoliRyPogXxj4VtOAioBgNtdNF0EQeJ2eByyF45hsGLXXrJw=mo,"aplikasi seperti ini dikelola pemerintah? sangat memprihatinkan, kyk aplikasi buatan anak sekolah dasar",1,0,,2025-03-31 16:27:10,,,
663b637c-7abb-43b8-833e-ecd2e42ac711,Aji dipta,https://play-lh.googleusercontent.com/a-/ALV-UjXIbC93N8oIwwZVhH1vvHbkqajhKCLZXDPRftOv-nu_uQpa5uB4,"aplikasi dibuka sangat lemot buat daftar member aja nunggunya lama loading terussss seharian. aplikasinya ga bner nunggu bis juga dari jam 7 , set 8 ga lewat lewat... kalau memang gtu diperjelas aja jam kerja mereka kayak apa... kalau krn besok hari lebaran dan mempercepat jam kerja itu aneh.. kendaraan umum untuk dalam kota mempercepat operasional. nunggu dua jam di halte . sangat merugikan",1,16,4,2025-03-30 20:44:29,,,4
3ec9b9ac-2263-4c7e-b389-b0dc5579508f,Chairil Iril,https://play-lh.googleusercontent.com/a-/ALV-UjUEK5wrDDXE7x_YdjZTqNeN-7hcN2cOqrHeku-Bu2pPBUVHW6xv,history perjalanan nya sering error sama arah bis yang sering ngebug,3,0,3,2025-03-28 09:21:00,,,3
a9faf8c8-720d-4293-a3ef-fae94266f4fa,Sevril Siagian,https://play-lh.googleusercontent.com/a-/ALV-UjWKb_zn6xnELFJNjoXmpCnuqfmgSE7BvLpqzxpW8tUVneBAR9wF,apknya bisa dibuka cuman pas mau lihat lokasi bisnya ngk bisa dibuka sama sekali udh coba download ulang ttp ngk bisa,1,4,4,2025-03-27 14:35:42,,,4
d1cf7d20-20c9-40ed-b0b8-51f876a2648a,Pak Harto,https://play-lh.googleusercontent.com/a/ACg8ocIu-F04BqgqLHgOKot-dE6Fqh71kHEiTwC6RJu7rSk_wUlWfQ=mo,Muantep poll,5,0,,2025-03-22 14:16:03,,,
f72b6a80-22ec-4a89-a257-973c87ea142c,Selvia Zahra Riskiyah,https://play-lh.googleusercontent.com/a-/ALV-UjUgetK21cmROxfmk6kSEENOw378XX4M-uEbcg8n0eaMdIznrqnp,gabisa tuker poin reward lagi,1,0,4,2025-03-22 12:53:04,,,4
62857516-efe4-4781-bfd1-c9bfbca4a6eb,Raf Der,https://play-lh.googleusercontent.com/a-/ALV-UjVOLVmPYoaEel96LmrT3zU6CT7f5Er8NPXCFNLJfRfd2JdyseE,iki lapo sisan QRISS E DIHAPUS. NYAPO SEH PEMERINTAH,1,0,,2025-03-20 22:34:51,,,
703a6c5d-07d0-415b-9e3d-14dfdcd155e2,nurul husniyah,https://play-lh.googleusercontent.com/a-/ALV-UjXCwrOOfHKqkhhNU0Guf0PYQ6tJ_m6sWBZDSBpoYqYjBqpFrEjh,sangat membantu transportasi sy,5,0,3,2025-03-19 14:59:56,,,3
4a0aa4a9-8a2e-41fd-b409-d9b445333314,Komo Joyo,https://play-lh.googleusercontent.com/a-/ALV-UjVRyLzbFtxIGjfpwtmFS5GPWJ29PCsxRzcxv7jwSfHnQjZksDrF,Itu kalok lihat rute nya emang gak bisa kah???,2,0,3,2025-03-15 23:29:21,,,3
6cab3b69-448a-4410-a3e0-251b1f8bee7d,SAMpoernaMLD Channel,https://play-lh.googleusercontent.com/a/ACg8ocKf3N_PIq1BaBQdWzqEiqYNNJoRX9UO4BULWxogdyDVGakr5h0=mo,update terbaru malah ngebug,1,0,3,2025-03-15 17:23:50,,,3
cce04ee0-7aaf-4364-b588-b794a020e95e,Alif Ardiansyah,https://play-lh.googleusercontent.com/a-/ALV-UjXnDnBZlmcvc8GZYZXHhbhVNmdejmAWgHc6S-IKgMuDdRVaK0jf,Bagus,5,0,1.0.6.6.5,2025-03-12 10:18:34,,,1.0.6.6.5
3c9eafee-a255-4368-83f1-5544defe78cc,Zainah Munaaya,https://play-lh.googleusercontent.com/a-/ALV-UjW-nYAjDTHHuV7YeTYsBOm4ykol04Mk9g9tKs89rO7-FauqnEPF,"Next diperbarui aplikasinya. Kalo ada penumpang mau naik (dari jauh sudah menunggu) mungkin ada opsi untuk penumpangnya klik ""naik / lainnya"" biar ada notif juga ke driver / kondektur",4,1,,2025-03-07 17:31:27,,,
e7dc4f01-34db-4063-b176-5009da702763,arum wardani,https://play-lh.googleusercontent.com/a-/ALV-UjXOoMv1EuVUl_SrDDc_Ui6lgpWl-2LrnKw2-YOwLMdIKv5EEUeS,Saya coba top up 10rb.. tapi saldo tetap nol pdhl udh bbrp kali saya refresh.. saya top up di aplikasi gobis.. untung blm top up bnyk.. gmn min ?,4,1,3,2025-03-07 15:26:43,,,3
4fc98538-17c9-4623-9369-a5330d8305da,Vania Putri Rinjani,https://play-lh.googleusercontent.com/a-/ALV-UjVsfGwD4Yw52SImYbiJz6Qd3qtn0zr-8VD8_84eTCRvD4BM3WhE7g,"Kenapa yahh ga bisa login ke akunku. Pdhl akun saya masi ada saldonya banyak. Mungkin user experience nya bisa dibenahi. Kayak kalau passwordnya salah, dikasi peringatan pass salah atau gimana gt. Soalnya ini saya pencet login, ga ngefek apa apa. Pdhl email dan pass jelas"" benar. Jadi yang salah saya atau aplikasinya yg gak connect mulu. Mohon dibenahi",1,3,,2025-03-07 11:25:46,,,
b336e0de-e0b4-4a11-988d-ffec9c0e0398,Lintangayu Rahma,https://play-lh.googleusercontent.com/a/ACg8ocLBvvbuIeeYo2SJUuD5Bx4KoRc2dfBM6aG3fxGJ-VyWzcSrpQ=mo,"tolong dong buat supir Bu sama kondektur nya kalo busnya sudah penuh jangan di paksa, soalnya saya pernah pulang sekolah mau ke kota sebelah capek capek nya eh sama ibuk ibuk yang baru naik tiba tiba di suruh berdiri, kata nya karna dia lebih tua, tolong dong kalo emang udah penuh kapasitasnya jangan angkut penumpang lagi, sangat membatu tapi kalo terlalu penuh kadang ada ibu ibu yang semaunya sendiri 😔😭🙏🏻🙏🏻🙏🏻🙏🏻",5,27,3,2025-03-05 22:04:36,,,3
a0676313-3c0f-4e40-a27b-b76d9560b978,mukhlis rizal,https://play-lh.googleusercontent.com/a-/ALV-UjXytzdHhq38wZ6Y5fY1PFjqzctFdAyLlId2auVT67AjthjMHekr,Ok,3,0,,2025-03-03 05:43:07,,,
20e2c971-6cb9-411a-9a6b-01b78d45e1a9,titik putri,https://play-lh.googleusercontent.com/a/ACg8ocIIP8kv73LYumXSf4peRT-l1lqwAOOT2i92c7nmI5wGfSts4bs=mo,Saya nunggu di halte embong malang jam 21.15 & lewat wira wiri mobil sampai 3 katanya sudah tidak membawa penumpang. Sebenarnya jam operasional sampai jam berapa?,3,1,3,2025-03-01 21:21:12,,,3
c2c87d8f-0db2-4b44-90d2-a18b5972986f,Stevanus Sastro,https://play-lh.googleusercontent.com/a-/ALV-UjWKmwvdwtiPTndoAsalzqR8eqKRJoK_NwoeZD6kpIp_Ll49cLU7,"fitur top up nya apakah sudah bisa digunakan? saya diberitahu petugas bus semanggi bahwa setelah ini bus akan mengganti metode pembayaran hanya bisa lewat aplikasi saja, namun ketika saya top up 25K dengan pembayaran gopay, saldo masih belum masuk sampai sekarang. apakah ada yang salah?",5,9,3,2025-02-26 07:09:56,,,3
a07ad30a-c39b-4191-b439-c1450d2f6fb5,Syamsul Dargonamkacong,https://play-lh.googleusercontent.com/a/ACg8ocLNVh9dVTwqVeOMy3kRZlFbVou2lyY5BVUYvP5FKScY9n20Pg=mo,Ok,5,0,,2025-02-21 21:20:39,,,
6e1680b9-44ed-4867-b0c6-7a1264e4aef3,Alfiyah 21,https://play-lh.googleusercontent.com/a/ACg8ocK-RJ89ZZ8IuFut9sdR6VqSY54TNUf8BYypJYjVYXw9X8vjig=mo,Apk resmi malah gak bisa buat pembayaran #Lawak,1,0,3,2025-02-20 09:04:34,,,3
b9fb5b00-4522-44be-8275-7f2a74d0f224,BintangGA,https://play-lh.googleusercontent.com/a-/ALV-UjVxZ4IW66830KhRUC5jb6fqMImxzi_yNM8ih2ELnzs6EooF8QPt,"Terms and conditions nya buruk, jangan dulu buat akun untuk aplikasi jni",1,1,3,2025-02-18 08:36:09,,,3
198df39d-a0fb-4f75-98a9-385642b366b0,Muh Mahfud,https://play-lh.googleusercontent.com/a-/ALV-UjWL76rQFLYWq0KgYPLn1uZXiPS4OIYHVRV8t1aNJOujK657HqVX,Aplikasi error terus ga guna pengembangnya mana ini,1,0,3,2025-02-15 13:32:52,,,3
a96d8a6c-cfd3-49e7-8ebf-3a724726b1c7,Irwanto Wanto,https://play-lh.googleusercontent.com/a/ACg8ocIy2pqIPooT5N3w2q93wLCfvYqZ_7xtzUMi7jStp_RHriiIZA=mo,SB 01 di kota lama saya berhentiin gk berhenti. Saya kecewa ...... Sampai telat saya kerja. Tambah parah,1,0,,2025-02-14 05:44:36,,,
d9d51afe-0ec5-44c5-9b0d-4b9142a61df4,Dedy Arjuna,https://play-lh.googleusercontent.com/a/ACg8ocIHVJ1YGaC5ZmHkocToZ2N0XeO8ss8soohrYVme3AZAwRuMsA=mo,Armada perlu ditambah agar tidak terlalu lama menunggu,5,3,3,2025-02-13 20:39:49,,,3
bab4fa36-4053-436d-8b27-565517325e08,Bela Kartika,https://play-lh.googleusercontent.com/a-/ALV-UjXWG0OqNHNLDm4tu6vnV-dJoQUGYpEsbzS_Jedlq_hx6E3_RlqM,Update teruss,1,0,2.9,2025-02-10 15:04:48,,,2.9
82a9b987-1e6e-46fb-80a2-5c1e561105e5,khen holong,https://play-lh.googleusercontent.com/a-/ALV-UjWnHwvwzPiZfe6C-WplDTzm49WiCVvvmworK-EHQ4KIFoxWRM3T,"update terus,ntah apa yg di update",1,0,,2025-02-09 18:27:00,,,
7b3deb49-cf6d-498a-a281-832ada0a441e,rangga warsita,https://play-lh.googleusercontent.com/a-/ALV-UjX2oxLgzI2uHID0KDcHIIgJSa7gsKaA0xJkQH6Bq1G_DTzb6Op0,Sopirnya di training lagi biar ngerti SOP dan tidak boleh emosional.... karena bawa orang banyak,2,0,,2025-02-07 08:32:59,,,
dcd4e119-9e71-482b-ac9d-f96387d8218b,Abdul Majid,https://play-lh.googleusercontent.com/a-/ALV-UjVBmGYjgYfZLKL4XeGqrKI_2h1DOZ2KujKULgHVZYxak7XjVRKX,Peta integrasinya kok malah ilang sih,2,0,2.9,2025-02-06 18:35:40,,,2.9
26ffbef6-6cbb-4220-bb06-af370ab49835,Arjuna Taufiqul Firman Yusuf,https://play-lh.googleusercontent.com/a/ACg8ocL56mcoEw-qmUrtyt5e33GG5RUMuK-eW1Y7KHT-SJyAhte8sQ=mo,Apk gk jelas apk terusak yg pernah aku pake gk jelass menyusah kan ngerti kalau punya uang dibenerin lagi apk nya buat apk aja gk bisa,1,0,2.9,2025-02-06 17:43:55,,,2.9
9bd127f4-03fa-4d1c-8921-e1fab86363ae,astrojiesung,https://play-lh.googleusercontent.com/a-/ALV-UjUhwC2D-yIVWxvrCRPqyMHX8CAwhO7DHbgK9njaR58e5IN63-o,"Tolong tambahkan lapak aduan agar perasaan tidak nyaman yang didapat oleh penumpang karena sikap helper atau supir dapat disampaikan dengan baik, terima kasih.",2,0,,2025-02-06 15:49:52,,,
78b3cc04-485f-4aa8-bb88-b008d2354042,Nancy joegoan Mercy,https://play-lh.googleusercontent.com/a-/ALV-UjWyB10ZNJc2eF0XbJr78zUCgc9CHnaQy_TIQCEliguWN0pQMcFV,After di perbarui malah ngebug gk bisa di buka,1,0,2.9,2025-02-05 17:31:15,,,2.9
3dd370b0-a40b-405d-a933-4bbcdd5ede3e,Nyct,https://play-lh.googleusercontent.com/a-/ALV-UjU5pkTBoutQKZbhA4RHb1YFzZWQxAiZgnPyeMO5VAikQ2SVFlfvGg,"Rute ke ITC kok gak ada , tolong lebih banyak di update untuk rutenya.",1,0,2.9,2025-02-05 14:41:37,,,2.9
8a0849fd-33f6-4e37-83a3-fb846e1ce8ad,Laudia Sera Latifah Maspeke,https://play-lh.googleusercontent.com/a/ACg8ocLvdTVvjBsbtXoyDW1Y81EqbzGsOls4pdbz6hU-05H37XtXyg=mo,Aslinya enak ada aplikasi ini bisa tau posisi bus yg diinginkan tapi kenapa setiap hari harus update sih!,3,0,,2025-02-04 09:28:33,,,
49f7d776-a66a-4ed5-bb76-d9f4a66c0892,Anies Santoso,https://play-lh.googleusercontent.com/a/ACg8ocJNr2yEmzL_7vpCXT0OXmVoZ7iC_nin1pR9UvNZouH1vOEXwQ=mo,Tiap hari update,1,0,,2025-02-04 05:51:05,,,
da75e402-90be-4181-9e22-484074ad45c9,Imanuel Dwisatriyar,https://play-lh.googleusercontent.com/a-/ALV-UjW0ibfhdfhp70sIWlZ6VgOFtWbGY3HGoZ52Q2y4kjHzojpWaWE,Trackingnya ga pas,1,0,2.8,2025-02-03 16:30:26,,,2.8
c5a0255e-9b33-49fe-94c5-5463992a78ba,Iwan Setiawan,https://play-lh.googleusercontent.com/a-/ALV-UjW7YntrPyFejqmUGjaEBhA3mukpmkeaYcJiuNSwZjK8fQ2Djmg,"Moda transportasi murah dan terhitung armada nya banyak, terbantu sekali, bisa di cek posisi bus secara online,Surabaya memang terbaik",5,0,,2025-02-03 06:53:11,,,
be639301-4216-4d7b-9b92-4353de9626cb,Teguh Susanto,https://play-lh.googleusercontent.com/a-/ALV-UjUzSCL-Pcj61XNmkj7tPXCzjVUvsnAuwpUC60aKB2VGltUq0fmKHA,OTP nya tidak bisa keluar,1,1,2.8,2025-02-03 06:01:30,,,2.8
d710768f-bec2-4b50-8677-3493aac2d388,Yu Me,https://play-lh.googleusercontent.com/a-/ALV-UjU1-svdhOuDbxPnvEdlW3iYIo1lb_EVJ7KLotf8oS7FQPFex28,Bis surabaya bangkalan sudah lebih dari 50 mnt ga ada yg lewat. Antriannya udah banyak. Ada 3 armada istirahat ga jalan. Mau tanya jam operasional tapi gada CS yg bisa dihubungi. Sedih amat hari mingguku.,2,7,2.8,2025-02-02 13:46:50,,,2.8
893ee18e-80fc-4362-bb38-1c91f090501f,Jesana Patola,https://play-lh.googleusercontent.com/a-/ALV-UjW3mP3W4XDFfbcop2WsG9ZSvDIbZPSBNqmk9sTy8JA8Zd4NNivs,"Pelayananya Cukup bagus, tlg halte yg sdh tdk terpakai segera dicabut agar penumpang tdk kecewa. Krn sdh tggu dihalte ternyata tdk dilewati, sdh dirubah jalurnya.",5,4,2.7,2025-02-02 11:03:19,,,2.7
c85020b5-c91f-4f02-ae67-393a751089b1,Aliy Yusuf,https://play-lh.googleusercontent.com/a-/ALV-UjXRX8Kr8YWECeCC3TlFTLAq-VqSyTRBpoo_Dp4BoHEkSnQVl9Y,"saya sudah 2 kali naik bus ini, kenapa tidak bisa bayar pakai saldo di aplikasi ini ya, apa belum ada untuk electric city bus??",3,0,2.7,2025-01-30 15:43:39,,,2.7
63766b43-a55f-4575-99e9-31c178f09209,M.Rizki Maulidi,https://play-lh.googleusercontent.com/a-/ALV-UjWoAZzgWzwBhENncqdWPQyq-eknSQDM-QicvOjgjr24ig0-NO73KA,Topup tidak masuk ke saldo,1,0,2.7,2025-01-30 10:32:55,,,2.7
2d413194-e4c1-42d4-b586-14eb09f6d33e,rachmania farida,https://play-lh.googleusercontent.com/a-/ALV-UjXwCtl-gSEtedOYXSJdWNxgXh0mBVARmT0KF_y5-EBWSnjmmcnA,Baik murah,5,0,2.6,2025-01-28 18:52:26,,,2.6
5f07e733-f589-44fd-93aa-4e78c96f4cf4,Azelia Zaafarani,https://play-lh.googleusercontent.com/a-/ALV-UjUYzbqkHNSH8FGIfudJ9ZFXYrMa3MNQyXq8M1lLOt-zlni4oJs,"Tolong dikasih fitur ganti info profil 🙏 Foto saya jelek banget, gabisa diganti (sedih) 💔",4,2,2.7,2025-01-28 09:42:50,,,2.7
03eca22e-3f5b-49ab-a3d9-462754ee39b8,Ms. Nofia,https://play-lh.googleusercontent.com/a/ACg8ocI9e3XxrDDqn065XL0Jjvu1lSbcGB3cJZhQIY5rLY_z3JlOqQ=mo,Gausah sok²an update app .. di update kok malah kualitas menurun koneksi terputus trs,1,3,,2025-01-25 10:38:50,,,
23db89bc-178a-4aa8-a8b3-a2d7b0ea45e6,yustinah Widjayanti1967,https://play-lh.googleusercontent.com/a/ACg8ocJv40cav7MgNxwkHUZ3tM5z7LHkxi0wCwHcRog794-fNrmyyQ=mo,Bagus ada Wirawiri kami bisa naik dng baik dan cepat Untuk halte nya mohon di kasih bangku ya pak supaya kita menunggu nya gak berdiri sampai datang Wirawiri nya,5,0,2.6,2025-01-25 10:19:06,,,2.6
9149d900-7806-4c55-b228-06305ffd915f,siti arlizah,https://play-lh.googleusercontent.com/a-/ALV-UjWXmKoTak7v2-IYOs1ZQz6Asg9AYFL6yv9MqdhKCppWCoExQzmD,"Armada sdh banyak, sayangnya kurang bisa memenage jarak antar bus... terkadang kayak kereta sampai berderet2. Sedangkan armada selanjutnya sangat jauh....",3,11,2.7,2025-01-24 20:04:05,,,2.7
1db0eae6-59bf-45d4-a4f2-e1f334202b3e,michael hendrico,https://play-lh.googleusercontent.com/a-/ALV-UjXqilpYo1MjUs85KGYqwRMAEnje87azruml_XWo9QhSIgojzB4A,Berharap ada fitur live chat gitu sama kondektur nya hehe,5,0,2.6,2025-01-18 16:13:30,,,2.6
4d9be8dd-2e89-41d8-955a-026b828d0f31,sibad aja,https://play-lh.googleusercontent.com/a-/ALV-UjUoC-Kju9R5g_7F-1Sx0qSllWP38QZ6Eh4IU5YnmWJZdg11bUk,Manteb,5,0,2.6,2025-01-14 15:01:38,,,2.6
45b57bed-25e0-49d7-b158-8c073b81e7d8,depano 1255,https://play-lh.googleusercontent.com/a-/ALV-UjVPvMv3kTXyEeUfUmOuQpd5JHkxVZOb94UzY0s7mVXrh9HuiIg,"APLIKASI TIDAK BERGUNA Semoga admin cepat respon ulasan saya.. Sy mau cerita.. Waktu aku jalan jalan ke surabaya ingin bgt naik bus atau feeder ini.. Tpi pas donlod aplikasinya bingung bgt tidak ada tujuan kemana dan titik lokasi Contoh: lokasi anda ^ Tujuan anda ^ Dan itu membuat saya kebingungan dan tidak tau cara memakai bus dan wira wiri ini GARA GARA APLIKASI INI SAYA SEMPAT KESASAR DI BENEWO, YANG AKHIRNYA SAYA PULANG NAIK OJOL. TIDAK RECOMMEND BUAT NAIK TRANSPORTASI!!",1,8,2.6,2025-01-08 22:22:13,,,2.6
2d3e0edd-da9b-4849-926f-112295898bba,Farhan Wes,https://play-lh.googleusercontent.com/a-/ALV-UjXzzy8_fTwqSxsAuQ-h8l-brmBzfZlqJQMgalKNfcJUy-FGn4qM,"Adewe mek numpak tok yo mbayar, lapo kirim nik barang",1,0,,2025-01-08 15:27:42,,,
c24119ab-b4f4-45a0-96b5-97b0d0964cf5,Dinda Wijaya,https://play-lh.googleusercontent.com/a-/ALV-UjUMy8j-tSSnghznHB9G-wsOBIF3plK0WlmlaR61kOHS804ElEPu,"Harusnya ada keterangan nya kalo emang bis nya full, sudah nunggu bis yg berikutnya ternyata full jg jd buang2 waktu. Bis nya kalo di klik ada keterangannya kan jd bisa tau penumpang yg nunggu itu bis full atau engga nya",3,2,2.6,2025-01-05 13:15:29,,,2.6
1dc3b618-8030-4f14-9664-0620baa4482e,Didik Eko,https://play-lh.googleusercontent.com/a-/ALV-UjXPnDAqTn8o7ag5zxN8z7CV1IG4ny50AQXguTXg3OzrjAEMWiIx2g,"Sudah daftar, menunggu kode otp tidak kunjung respon masuk sampe sehari, tdk ada notif sama sekali di email",1,4,2.6,2024-12-30 21:13:57,,,2.6
d22c3b2f-2cca-4423-a493-ee64560b683f,Indra Arias,https://play-lh.googleusercontent.com/a/ACg8ocLhBfvFzv7SMMTn1x1qJELC7UyMjwsIlOPICG33joX-A7ev-A=mo,Aplikasi tidak bekerja dengan baik,1,2,2.6,2024-12-30 10:01:59,,,2.6
06471278-00a1-4977-b037-e11250c31287,eko moko,https://play-lh.googleusercontent.com/a/ACg8ocKEn3VPw0br6SmFWLhABuyuC5nwB2eCCsYGsOy8yhEf_5cbpA=mo,"Untuk rute padat seperti arah terminal Purabaya selisih keberangkatan atau jumlah armadanya mohon diperhatikan,karena selisihjya jauh bisa berjam jam karena muter dulu sampai Perak, sehingga waktu tunggunya terlalu lama, atau kalau bisa arah perak di buatkan jalur tersendiri yg terintegrasi dengan jalur lainnya,dl muter sampai Rajawali sudah sangat bagus waktu tunggu maksllimal 15 menit an",2,0,,2024-12-23 17:34:27,,,
a0fae40b-e9a5-4726-9f52-fb4192d4b67a,Pah Bella,https://play-lh.googleusercontent.com/a-/ALV-UjUSuc8kHXtD1H2S1vK6U2gF5IZbG-FYq6crJtCp-m87J7S6yj4,"Nyesel udah daftar jadi member,,, apk nya makin ribet digunakan, nunggu verivikasi dari email brpa minggu gak muncul2 kode otp nya, akibatnya g bisa d pake sama sekali apk nya meski udah download ulang....",1,0,,2024-12-23 10:08:56,,,
30242969-612a-4e71-b6b7-c4a2cb3df69d,Inone Neka,https://play-lh.googleusercontent.com/a-/ALV-UjULNMODDWZB1nc4R9pMIz2JXGsaJchs-T2Bq2VAwgq-XC1ZPcE,Bus yg dari genpark arah ke purbaya klau jam 15:00 lama banget saya nunggu hampir 2jam gak ada yg lewat akhirnya pake gojek ke JMP buat naik bus yg dari jmp ke purbaya,1,0,2.6,2024-12-20 15:39:03,,,2.6
d456db04-f0b4-49e7-b6fb-d5dae53a9667,Sulfia Maulita,https://play-lh.googleusercontent.com/a-/ALV-UjXCbvxSUWyOinlp8dcMbs8b3PpETv5h8nH7oDKXddJDXby_AEHc,"Kok ga ada jadwal mulai jam berapa sih, jadi takut telat kalo mau naik ini",1,0,2.6,2024-12-19 20:36:42,,,2.6
9858bb2b-d41b-4388-80f2-5561ca649a3c,"Jasa WebHosting, Email dan Domain",https://play-lh.googleusercontent.com/a-/ALV-UjUj-vxGDsX1hYdeZC23g1ZAs5VPCW5T7DvoviFcrrkbQjO7anM,"Ga bisa untuk pembayaran, percuma isi saldo",1,0,,2024-12-19 18:04:22,,,
edf8a16f-e00b-4da3-a3b2-7235face69fd,Muqit Nur Salam Marsam,https://play-lh.googleusercontent.com/a-/ALV-UjXlY58RWk71_erL_3latmUmRbPy1Z3S-T2vIjqPaz_b5W_yHrPB,Sisa kapasitas yang tertera di aplikasi tidak sesuai dengan real time,3,2,2.6,2024-12-16 07:06:56,,,2.6
060fcf2b-3377-4df4-b68f-5ce76686703b,muhamad arifin ilham,https://play-lh.googleusercontent.com/a-/ALV-UjXiMD-DaODeobIoeTxDY63a2cMGN60B0zn5_RYjqffgNFbTcfED,"TOLONG UPDATE BERIKUTNYA BERIKAN FITUR PENILAIAN UNTUK PENGEMUDI, SAYA SUDAH SERING BANGET NUNGGU DI HALTE TPI DRIVERNYA TIDAK BERHENTI. UNTUK LAPORAN SAJA HARI INI 11 DESEMBER PUKUL 9:30 BUS SB 11 TIDAK BERHENTI PADAHAL SAYA SUDAH NUNGGU LAMA, TOLONG SEGERA DITINDAK LANJUTI.",2,0,2.6,2024-12-11 09:51:49,,,2.6
488d440c-0940-456e-92ae-daeef9b252cd,Ainnaya Aulia,https://play-lh.googleusercontent.com/a-/ALV-UjVhXUtRoLlkslsydNwnF6bu7omnL6PvZVY-NfuU1vwBXSzgViOf,"Harusnya ada ada scan penumpang di halte ditulisi marka pemberhentian bus agar tau ada penumpang yg akan naik. Krn banyak wirawiri yg gak berhenti di tiap halte, mana halte gak ada lampu jadinya gelap mungkin driver dan kernet gak liat.",3,3,2.6,2024-12-08 20:09:27,,,2.6
23059791-146a-4dbe-a26e-8bac82f7cd9d,015_Annisa Salma Afifah,https://play-lh.googleusercontent.com/a-/ALV-UjU_dWt3u48n6b0GlcmlzP38blC10zTMKImXWqgRAGrVcoILTmU,"Wirawiri nya buru buru banget. Aku nunggu di halte tapi wirawiri nya gak berhenti, padahal isinya belum full :(",1,2,2.6,2024-12-05 08:41:27,,,2.6
7e8c4c2c-bd16-41db-8a66-deeb44784e91,Bara Apta Risqullah,https://play-lh.googleusercontent.com/a-/ALV-UjVgZNnseuHYPr0vkFpIknd9k_RGc8rsEPUsl6CogK5SWQY4o8kfWA,"please aplikasinya diperbaiki, sering error ga muncul rute",1,0,2.5,2024-12-04 19:54:08,,,2.5
37513899-941d-4361-91f0-75c0cbaa8cf6,Aprilia Fauzizah,https://play-lh.googleusercontent.com/a/ACg8ocJqtTuxp9gHGbNb4VZRciZ7-hqrluEAYyTVbWaOyBUm4zQgmg=mo,Kok di dwonlout di iphone gak bisa ya,5,0,2.6,2024-12-01 03:34:20,,,2.6
4d82b072-492f-46be-800b-44335b6fecc4,WIBI RAHARJO,https://play-lh.googleusercontent.com/a-/ALV-UjVySu2QwXSxwD4vNRoQK-osG9ev2vtPdnpctLgprKNyDViP8P-S,APLIKASI GOBLOKK COKK DANCOKKK,1,0,,2024-11-28 09:17:37,,,
5ea0dedb-449d-48dc-a4ad-914ea83e30f6,DIMAS SAPUTRA,https://play-lh.googleusercontent.com/a-/ALV-UjWS1OdhjCiu3o0kYA81A-tbnyeusg_DYAuwjWoro33sQA_SpPXE,Maap cuma 3 dulu bintangnya Karena saya daftar gagsl terus karena tidak mendspatkan otp nya jadi ga bisa daftar,2,0,,2024-11-23 10:25:25,,,
a3ebd04a-2c96-4760-88cb-f2c8ca0a4b02,Rafi kurnia,https://play-lh.googleusercontent.com/a-/ALV-UjUKPy6tZ0x7gzNv80GHoOZdpjEK3vtxvclmpMu0erwEZi8mrqRCzQ,"Mana kode otpnya, ditungguin sampai ngantuk gk keluar",5,0,2.6,2024-11-20 13:46:26,,,2.6
30d01d09-9437-46a9-94c8-65c085541988,Muhammad Barra Rafansyah,https://play-lh.googleusercontent.com/a-/ALV-UjXG0P4cCdP8oU9sjPC7V3eMFIQ-51MgF46rSKyP44fzHYZdX7yl,"niat gae aplikasi ga seh. wis bosok, rute ne titik, login gae nik lah, ktp lah, fotolah, mentolo tak protes nak buk risma karo admine gerindra ben di apikno gobiz, mosok wirawiri isine titik ngene pengen gae dadine gak sido, ero gak omahku iku dukuh pakis ayo kene serlok tak nasehati",1,0,2.6,2024-11-18 15:12:07,,,2.6
dfca1c00-c429-49f2-829d-512f5b11e382,ivane eka chriesmaya,https://play-lh.googleusercontent.com/a-/ALV-UjUj_d26b9tIF13jx6gjkajmeoud5fwnfzbSQ-ZWTlJZ13774CU,Bis 02 padahal banyak yg kosong ga mau berhenti padahal di halte simpang dukuh selasa 12 Nov 2024 ada 3 yg nunggu di halte. Supirnya ga mau berhenti malah pura2 gak liat,1,6,2.6,2024-11-12 08:19:12,,,2.6
9d697155-d6b5-4b7a-a595-bf3fd3610cb5,Mifta Nisa,https://play-lh.googleusercontent.com/a/ACg8ocLA4l9TQttiDMiV5ZKyncL21ecJtTTI3J4crI7PQIdi0reIbg=mo,Sulit sekali untuk masuk ke akun. Apakah ada petunjuk?,1,0,2.6,2024-11-11 22:25:35,,,2.6
4018947c-c2a4-426d-b8f6-b27c812b40d2,MAHDYARI,https://play-lh.googleusercontent.com/a-/ALV-UjWXWsA91XseXAdvKpNiJeBdex0yFFjDPqymJnq1-VjAr8XaECog,Mantab. Tambahin rute ke pasar malam kodam plis.. makasih...,5,6,2.6,2024-11-05 17:04:38,,,2.6
544e380b-ce89-43a3-abf1-6f323e681dea,Singgih Setiawan,https://play-lh.googleusercontent.com/a-/ALV-UjXR1HE6T98MYXK66J1cklexJQpmYqwpkiOn_wzUVQ4F4hvTF4ce,"Aplikasi ini tidak layak dipublikasikan, saya sudah top up saldo via QRIS, saldo aplikasi Gobis tidak terisi padahal di rekening bank sudah terdebet. Tidak jelas dana top up saya masuk kemana, dan tidak ada layanan pengaduan / chat costumer care yang efektif dan efisien. Saya juga tidak tau sudah berapa banyak saldo orang lain yang tidak masuk seperti saya, yang jelas ini sudah merugikan konsumen. Tidak adakah niatan OJK untuk mengaudit sistem pembayaran di Gobis yang sangat tidak layak ini?",1,8,2.6,2024-11-05 16:56:18,,,2.6
a81ec8ff-6eb2-4e57-9c22-b4bca7c08488,Faris Ardiansyah,https://play-lh.googleusercontent.com/a/ACg8ocIUymtzRS9Se3dZbOSth6ICtTz1mhQ8Jnkqgb5u2q5w9HJSfA=mo,"Masih ada bis yang kalau dicegat nyelonong,gatau siapa tuh supir sama kernetnya sb22 1 november 2024 jam 09.00 am.Supir ama kernet tolol bawa bis apa babi liar dicegat nyelonong aja.Dasar supir sama kernet gak ada otak.",1,0,2.6,2024-11-01 09:21:03,,,2.6
68ab16f7-f816-4105-9a68-530165088297,Sayu Tik,https://play-lh.googleusercontent.com/a/ACg8ocJf7dhhesht4ydm3-zsIV373stJNrfUnFgwbt0yTd8Gr941ng=mo,"S''. 346__7__73’4,,,,,,,,,",3,0,2.5,2024-11-01 05:12:14,,,2.5
5d8fc325-8eae-4624-9437-3fb56e78b578,Muhammad Arfan Hajam,https://play-lh.googleusercontent.com/a/ACg8ocIVIHYkLbOcYPXM-l5jRwkiIMQjTzGFyzNHEenlRUqZCiDU8w=mo,"Aplikasi updatenya terbaru sudah seperti semula, keren",5,2,2.6,2024-10-29 16:26:30,,,2.6
7e09ef3a-6f29-4c38-82d9-ad02ba19b801,hn1231,https://play-lh.googleusercontent.com/a/ACg8ocKjKNG0EFRFIxThIsI7Tf0cSx2RPUj8spVCC_vv1t9LEef8UQ=mo,Semoga jumlah armada makin banyak sehingga jarak angkutan tidak terlalu lama,4,0,2.5,2024-10-29 14:13:09,,,2.5
01539bfb-9d52-45ac-8e28-bc39e4119d3e,steven beta,https://play-lh.googleusercontent.com/a/ACg8ocLWfDoxBIZg_Z3FUtJmngeiRfdCgMsI9j65hdtI-F-RdDJuoQ=mo,Sudah login msh di suruh login lagi,1,0,2.6,2024-10-28 11:37:17,,,2.6
08bbac1d-87ec-45a9-8d04-053efc602797,Rizkyary Prasetya,https://play-lh.googleusercontent.com/a-/ALV-UjU8qhEjodCd7yOQn-JNK-yvDztgeWKqs6S_GZEUJHryH1WLG8HU,"Apaan sih, udah diundang malah gabisa lihat bis/feeder ada dimana. Disuruh login mulu, giliran sudah login tetep muncul tulisannya dan tetep gabisa ngelihat lokasi feeder/bis Kerja yang bener, kita naik ini juga untuk berangkat kerja",1,1,2.6,2024-10-28 08:47:37,,,2.6
97f026e2-7aa9-40ef-bf0e-f0e5090fb699,Daniel Adi,https://play-lh.googleusercontent.com/a-/ALV-UjUXkqPCdA4gW18ydVdGP8DtRKxxGw5GMCxQyVCyClW_Vla5Ed36,Apk ini mengumpulkan data2 pribadi sensitif seperti NIK dan foto. Tiati guys.,1,0,2.6,2024-10-28 05:25:24,,,2.6
f2dba353-93d0-4858-bec7-a24420a52960,Taqiyuddin Ja'far,https://play-lh.googleusercontent.com/a-/ALV-UjWYd3dxdhaVsB7XeTFdKVo316nhyBem0QWaXQS3JrLX2BTN092y6A,"Dipaksa update, harus login. Sudah login saja masih belum bisa akses.",1,0,2.5,2024-10-27 16:31:05,,,2.5
c4ceed83-186e-4bcb-8e56-09100bb9364a,Dina Ms,https://play-lh.googleusercontent.com/a-/ALV-UjUG47LWItR8Tn8dsNb1mB7hCQxqv-_PbH8L-lsedO6s7Bi2VhY,"Sebelum di update untuk track feeder maupun bus ga perlu sign in atau pun jadi member, namun setelah di update jadi perlu sign in dan jadi member apalagi pakai NIK dan mewajibkan foto. Lebih ribet, tolong dikembalikan ke pengaturan sebelumnya yang lebih mudah, kalo pun diwajibkan member juga seharusnya email aja cukup, tidak perlu NIK yang mana rawan disalahgunakan.",1,83,2.6,2024-10-26 12:58:13,,,2.6
f839d0fa-14c5-4f4c-9a8e-9af3ad79804d,hanifa novitasari,https://play-lh.googleusercontent.com/a-/ALV-UjVYARNgo25uYMohdZhppO9LUZFD0LS7bWKgEM1RBJH9auiBO-U,"Untuk segi pelayanan dan transportasi nya bagus cukup membantu dalam perjalanan yg jauh. Cuman dari segi aplikasi nya kadang eror, kdg tidak bisa di lacak gpsnya. Ditambah lagi skrg barcode di aplikasi gobiz nya tidak bisa di gunakan dalam pembayaran. Mohon untuk di benahin lagi buat aplikasi nya karena sudah isi saldo ternyata gak bisa di gunakan. Terimakasih 🙏",3,17,2.6,2024-10-26 12:43:30,,,2.6
4c7a2a23-3ea8-4240-9274-34a9f0682303,M. Ganda Abdi Wibowo,https://play-lh.googleusercontent.com/a-/ALV-UjWF_Pym1rwaK-0V1HFUubJTbUty90DDC7aCgT78b8B7iuZdeXX_LA,"Aplikasinya kurang sekali, perlu ditingkatkan",1,0,2.6,2024-10-26 11:40:57,,,2.6
0770e968-457b-4fdc-b4b2-4f3e7da059a4,Siti Hatijah,https://play-lh.googleusercontent.com/a/ACg8ocIyDTW-OIhjwY7FE_jB72HncaBl6U3WSeVEO5TXBmst_sPu=mo,sangat senang,5,0,,2024-10-26 11:37:48,,,
4c7c5053-9169-41d2-8f10-2e8603e868d7,The Sun,https://play-lh.googleusercontent.com/a-/ALV-UjXzegT4Fjtre2YpfnyyL2Z14cuHHzQhpMsgxQfp68Vm3iKXnUhm,"Sebuah kemunduran dari aplikasi gobis, masa untuk mengetahui rute harus daftar member, harus isi NIK, alamat, foto segala macem terlalu ribet!, bayangkan orang luar surabaya/ turis asing harus isi NIK untuk daftar dan login, menyusahkan, sebaiknya login bisa langsung tersinkron dengan akun google tidak perlu isi macem². Inovasi itu yang memudahkan jangan sok pinter malah bikin ruwet!!.",1,27,2.6,2024-10-25 21:44:30,,,2.6
1dd6a3fd-be4b-4622-bd81-0ecd9f3c48b8,Ann Hermione,https://play-lh.googleusercontent.com/a/ACg8ocI4QvBOu3I6ZdrhJq8qtcNtpr2vn0L6vH5Dg5DpAiZaQx3EJQ=mo,"Aplikasinya lemot bgt, gak bisa muncul bisnya. Lokasi juga gak sesuai sama titik di mapnya.",1,3,,2024-10-25 17:24:08,,,
ae96f5b4-a3e0-4e11-92c4-32088769a6fb,Zulfa Aulia,https://play-lh.googleusercontent.com/a-/ALV-UjVlkvlrHdKkkkXMacqY7nrQFpCZO3Q2xjkuUGkQjKnE8wo4OJyY,"ga guna, buat cek rute bis tapi bis nya aja ilang"" an",1,0,2.5,2024-10-25 15:57:49,,,2.5
30c88202-512e-49f9-800c-1c3009c59ed9,hari Kalisari,https://play-lh.googleusercontent.com/a/ACg8ocIrwYmWumCr8GVuUQIkxQaT48wwHHY7UJv_r9EflUkNJUxoAg=mo,Sangat membantu,5,0,2.5,2024-10-25 10:30:01,,,2.5
ae9c40dc-f372-497d-9a73-708deee06758,Hermansah Debi,https://play-lh.googleusercontent.com/a-/ALV-UjU6Ort9Kz1CJqxBlvhym1mMombY1nRt3UIaXOALC4xOsyalL_ha,"Setiap kali mau naik wira wiri, jarak antar moda selalu saja.. ada yang terlalu jauh dan ada yang terlalu dekat sehingga terkesan tidak ada pengaturan jarak antar moda 1 dan lainnya. Mohon untuk diarahkan sopir-sopir nya",1,6,2.5,2024-10-24 07:41:11,,,2.5
309b8876-8630-4ec4-853e-0577fb352aed,ede em,https://play-lh.googleusercontent.com/a-/ALV-UjXQAUODIGrcpCqtt1Xp3LXJXcbEN37z_7iu4NflwTazebfig2Y,"Cukup menyenangkan, tapi minus nya adalah tidak update data penumpang jdi sering zonk.....",3,0,2.5,2024-10-23 19:20:18,,,2.5
0578e403-9b72-4481-8a9e-7d2461db241a,Cak Arifin,https://play-lh.googleusercontent.com/a-/ALV-UjXSVAiF3pvteVz2hrYX6Ao1r5tTO6KcjGJIl35InqnOhMIz-2Hv,Kendala di pembayaran sudah tup up saldo tapi tidak bisa di pakai.. Tolong di perbaiki lagi soal singkronisasi data pengambilan gambar pada QRgobus tidak bisa singkron.. Jadi saldo yang di topup tidak bisa di gunakan.. Untuk pelayanan sudah 90% baik.. Tolong kendala di aplikasi bisa diperbaiki... Lebih baik lagi jika saldo bisa di belanjakan..,4,3,2.5,2024-10-22 08:57:15,,,2.5
ae7e3d58-23c8-4e4b-9b71-a0c8fde4aacc,Feldi Tri Kito,https://play-lh.googleusercontent.com/a-/ALV-UjVSiM86lgLuXc7Tdb-YATampyosIhWnoG6zBDLUxFm86jwdxc_h,cukup membantu untuk tracking armada tapi kenapa terkadang susah login hadeh,1,1,2.5,2024-10-19 18:39:58,,,2.5
1b6fbd43-3fcc-4325-b444-eed580e5b9e9,A Man Channel,https://play-lh.googleusercontent.com/a-/ALV-UjU9LduGpsdrJToPeKmhzQYutsejwNog1IAkcE24qCncuiAOR2-h,AC PUUAAANAAAASSS....COK MEDING GAK USAH GAE AC TAPI KOCONE DI BUKA AE.......,1,0,2.5,2024-10-13 14:50:00,,,2.5
b6a924e9-694f-4078-8404-7fff6994f7fb,Eko W Nurcahyo,https://play-lh.googleusercontent.com/a-/ALV-UjVQpDQ8WdrItBRNpUEpmSVvjVc7q0DR1d9LIJoBbOZHYVMwN9M,Ini saya sudah terlanjur isi saldo. Tapi tidak bisa digunakan . Cara balikinnya gimana ya ? Mohon petunjuk,2,0,2.5,2024-10-09 08:33:21,,,2.5
6c75bb22-6ee6-4895-aa2c-fe73cde21be5,DEVIL CRY,https://play-lh.googleusercontent.com/a-/ALV-UjVFupOtbhZLk0kPg612bGvAv-3eBBdiIZS7dD83KEPRFKJIO2BV,"Sebetulnya sich Bagus aplikasi ini,Tapi Tolong Ditingkatkan Lagi Sistem Info haltenya. Masa Kita Ingin memperbesar Peta jalur Haltenya Mesti Selalu ada notifikasi info halte berulang ulang",2,3,2.5,2024-10-02 16:06:46,,,2.5
5b0b866e-db43-4651-b6d8-e407d0d80055,Terate 1922,https://play-lh.googleusercontent.com/a-/ALV-UjUA6aYaD6m5ZIFVje2JoGbpVRqrlYl1eqgZLrPGAGkX3-nkaJsB0A,"Laik kali perbarui kapasitasnya! Nunggu lama"" di aplikasi kapasitas 10. Nyampe halte penuh. Gimana sih!",1,15,2.5,2024-09-30 18:50:03,,,2.5
aa41377c-5f8f-4dab-b2de-d40b26f22dea,Mersi budiono,https://play-lh.googleusercontent.com/a/ACg8ocL2FDdXXH58p1QxPA_74WRgNU6zGB7tVs6ND5jUMzFabvxaFw=mo,Sangat membantu melihat perjalanan tiap rute,5,0,2.4,2024-09-24 09:17:28,,,2.4
d053230b-2638-4dad-9029-79f1bf7adff2,Bang Nick,https://play-lh.googleusercontent.com/a-/ALV-UjXgAZIbrlaoHxJmAq7NKG5W5A3sgZo8WnTjli72HGOBHfgVUl9Q,OTP dari jaman nenek moyang kok belom dapet² 🙄,1,0,2.5,2024-09-24 08:54:45,,,2.5
ba4a6575-cce2-46ce-9269-93f8f2a5ac3f,ARI WULANDARI,https://play-lh.googleusercontent.com/a-/ALV-UjXP3nIx5gkfsqODJ90gUlmBndW6xoGfWTfH8f2sC1_1V7DVDx5l,"Kak ini kalo mau pengaduan kmn ya, ini aplikasi sy tiba2 tdk bs dipakek, lokasi bus tdk terlacak di hp sya, sdh sy un install bolak balik ttp aja.",1,1,2.5,2024-09-18 08:54:54,,,2.5
f3d99894-0a18-4bad-a369-49837ab918f9,Pengguna Google,https://play-lh.googleusercontent.com/EGemoI2NTXmTsBVtJqk8jxF9rh8ApRWfsIMQSt2uE4OcpQqbFu7f7NbTK05lx80nuSijCz7sc3a277R67g,Otp tidak muncul Susah login,1,0,,2024-09-18 08:43:09,,,
95b89817-9456-4995-a2ce-eeddb2807747,Kedasbeauty Boss,https://play-lh.googleusercontent.com/a-/ALV-UjWa2hEeCkx3wixaEbmgN3pqtmzT8f287FR04Pm67EgvLbO4xX3R,"G ada fitur lupa pin nya ih....saya jadi bingung gimana make saldonya,sayang aja udh diisi tp lupa pinnya.FAQ nya juga minim banget,g ada yang lainnya lagi jika kemungkinan member membutuhkan sesuatu.yuk perbaiki lagi aplikasinya supaya bisa lebih maju..",2,0,,2024-09-16 22:41:19,,,
51efcea8-10c7-47fb-ba11-c4d693b19e5a,Arif Rahman,https://play-lh.googleusercontent.com/a-/ALV-UjWWMtLC7lH5XUV2jXIe0ZKmLoa_2Smrlye6K2VCxjk39RS9h-if0g,"Sudah bagus, namun alangkah lebih bagus lagi jika ada fitur reminder jika kendaraan feeder maupun bus sudah mendekati halte yang ditentukan sehingga tidak perlu lama menunggu di pinggir jalan",4,5,2.5,2024-09-14 20:58:11,,,2.5
08e05df9-10e2-4222-93e1-e7d3d9dd0621,Satik Februana,https://play-lh.googleusercontent.com/a-/ALV-UjVTwMByQ2z87j9sC1OvjMZQz7N4cVTyvOuCkebkA_i4JPIzX_WR,Sudah terdaftar tapi gak bisa login payah,1,0,2.5,2024-09-10 13:52:22,,,2.5
87358a83-8d43-417d-839a-806fca0e150e,Wulandari,https://play-lh.googleusercontent.com/a-/ALV-UjVy_cYesrGutjCR7XAOhZ_3UR63WZQ9MMdI4NU606Djag5o8v-X,bisnya gamau berhenti dan main pergi saja padahal belum ngecek di halte ada orang atau tidak,1,4,2.5,2024-09-09 11:14:54,,,2.5
4f5077f9-3ce9-486e-ab80-3caa94e908ba,Alief Hafizh,https://play-lh.googleusercontent.com/a-/ALV-UjWV9yBfW8T_clIfhAsPdcLS02AZTIEbZMAzz7CVuhbwYpNNW_4L,Sayang sekali aplikasi ini tidak ada fitur lacak posisi bis dan jadwal tiap rute,1,1,2.5,2024-09-07 10:03:37,,,2.5
87b30fa4-115d-412b-bc1e-a35b09e6a1e1,Ajeng Pangestu,https://play-lh.googleusercontent.com/a/ACg8ocJm0GgPsUf8ZBVYx7WdPZaIaFR3VMA4ucAMMFXPmHTSDcZ7IQ=mo,Kok gak bisa di hapus foto pp nya,1,0,2.5,2024-09-06 13:46:17,,,2.5
cd3e40da-7d58-41f3-aaff-641142f4a0e4,Afandy Ilham,https://play-lh.googleusercontent.com/a-/ALV-UjWmByMqPJfssrlwJ9EghAr5jVrDWZmLNh9wOgRUnOe-u9GvZyP6,Ngaco,2,0,2.5,2024-09-06 13:08:54,,,2.5
8905287f-d800-4ff5-91ff-292d85040fb9,Eca Putri,https://play-lh.googleusercontent.com/a/ACg8ocLsb6y4NwopckAOw3TKDLzya7e18my12wcRMzbBHLlqq5YXiw=mo,aplikasi sampah,1,0,,2024-09-05 05:42:26,,,
2d9d01f9-3ca3-49e2-b388-895f9c369c53,Nila Sari,https://play-lh.googleusercontent.com/a/ACg8ocIaT65s8hBiyYl47bTMYja56l1v59z-coc79rNX7wbGizrLuw=mo,Saya sudah top up dan tidak bisa menggunakan dengan nyaman. Tolong yang wira wiri arah ke wiyung atau gunung anyar ditambah lagi bisa dijemput di halte RSAL karna saya akan berterimakasih dibantu dengan hal itu🙏 mohon kebijakannya,2,5,2.5,2024-09-04 14:59:44,,,2.5
8ad19aea-f2b1-4ef1-ae04-a8d286e12e30,Totot Kayanto,https://play-lh.googleusercontent.com/a-/ALV-UjVxXbKSn7P4UnOJrE0FqnsbT0nK2nL2Ve2OY6OXiU8GRcK8aswBTQ,Mohon untuk rute terminal Benowo Tunjungan dilewatkan jalan bubutan depan kantor polisi .....,3,0,2.5,2024-09-03 06:25:15,,,2.5
863e98e3-9a8b-487f-9429-2deaf7acea4d,Ria Aditya,https://play-lh.googleusercontent.com/a-/ALV-UjW4_y-lFKOrjFn-3ENxIyYSfr649L7f1VDLF51FQwbLD4D5UueF,kenapa saya daftar member kok tdak bisa2 n belum dapat kiriman kode otp,2,2,2.5,2024-08-30 13:50:03,,,2.5
41adfa6e-b959-4655-8500-932ad29db91d,Moch Sofyan,https://play-lh.googleusercontent.com/a-/ALV-UjWqudoMHIVfYM0HdC6kpZ1xGwD8ZUdN7s_R9NqADGKPwdQipeMa,kenapa utk trans jatim koridor 4 blm ada di aplikasi gobis,5,0,2.5,2024-08-29 10:35:12,,,2.5
fb08d871-1abb-4808-a0b2-a69710dafafe,Bayu Wisnu,https://play-lh.googleusercontent.com/a-/ALV-UjUx1qK8DqKt8XN6UwZE83NQAO22-9nmM0VeV5Q56XZxtO8JaGJf,"Aplikasi sampah, daftar rumit dan kode otp tidak dikirimkan",1,2,2.5,2024-08-26 12:34:15,,,2.5
56b374c5-52bc-403b-8ce7-fee5d67eaa18,Julian SaqUmmah,https://play-lh.googleusercontent.com/a/ACg8ocIp94giSXt9ZU_hyYUeSVcN9f4fm3r5u7yb4y4RUUO5Xn7FGPk=mo,Baru Daftar Tapi ga bisa login gimana sihh,1,0,2.5,2024-08-25 08:23:39,,,2.5
b3a3b55e-7917-4a6a-b15f-ac465ed95686,Dennis Nugroho,https://play-lh.googleusercontent.com/a-/ALV-UjWm5Fz_4td5k5f4Xa2rkciFEpL98vuxOVf7na5POEDWgLsLC4c7,9.z,4,0,2.4,2024-08-24 13:50:48,,,2.4
edd02ab2-1e1c-4b6e-9b94-7074eb3e9a97,Agoes Sch,https://play-lh.googleusercontent.com/a-/ALV-UjWTN8cMQCQ5qrDEZI6CQ-y5oMeZK3WtXRC3ixhyN_S5CcoFbtdP,Lebih efisien dan murah cocok buat masyarakat &membantu,5,1,2.5,2024-08-24 08:03:47,,,2.5
7b3bb7dd-b511-42f7-a0dc-95fa660e6afe,Syaiful Arifin,https://play-lh.googleusercontent.com/a-/ALV-UjXD7sNK_-qpKcoADtkQ1uopZJ8OFhyjc_iWwxpHbE5kSEvR_kNQPQ,"aplikasi taiikkkk eror teross...sopir sama kondektur kebanyakan jajan dijalan kebanyakan ngoceh..sampek telat kerjaku apalagi FD2 taikkk ancen sekarang banyak kondektur yg gak sopan juga sama penumpang,,gak ada etika sama sekali..taikk",1,1,2.5,2024-08-24 07:29:57,,,2.5
926ee754-2326-45d6-a94b-4472ab0543a4,Febriani Nur Rohimah,https://play-lh.googleusercontent.com/a-/ALV-UjXg_XfHEzHkdBDmJV3TEpnvdy74jjCE_3VpMBH_Vnmrp9LdOcbZ,Gajelas . Data nyala tp gabisa koneksi,1,0,2.5,2024-08-24 06:38:49,,,2.5
131a472f-fa25-4c0b-84bf-3689be77e172,Febrina Dwi Lailatus Siam,https://play-lh.googleusercontent.com/a-/ALV-UjXp4dsnXkqjJTczq54DDEXz8afX3I1Ro9yzKvT2ZSJfteVJglG5,app apa an ini. baru registrasi dan berhasil tp gk bisa log in. Dg kendala akun ato nik tidak ditemukan. Gak jelas,1,4,2.5,2024-08-23 18:19:21,,,2.5
e3ef018d-d43a-4f15-b5cd-43662761404a,cahyo nugroho,https://play-lh.googleusercontent.com/a-/ALV-UjVG-SU9_Ye2wvOzepFGlIgkm3qxcRFZwYgJFs3hvFXnaaZk1_Y,"sejauh ini naik SB maupun wira-wiri pelayanannya sangat baik, baik helper maupun sopirnya juga ramah terhadap penumpang.",5,14,2.5,2024-08-15 09:34:45,,,2.5
ef6d4df3-7518-4d35-9b9a-752634f4d886,Dwi Sushandhoko (HANS_),https://play-lh.googleusercontent.com/a-/ALV-UjXhPSh32zfy521iVw87mWCYdMeABCsGC5Y6dXtdAfC4k7zTI11X,Masih butuh perbaikan dari segi aplikasi... Kode otp lama puolll,1,2,2.5,2024-08-10 14:20:16,,,2.5
204e582f-b33e-4ee6-83cf-21aec1439ae2,Nikke Citra Ayu,https://play-lh.googleusercontent.com/a-/ALV-UjX7s5SFGmdOxk3cUYvBoflX-an16woOGzeDifghrUTrED_OrqQ,Kondekturnya yang cewek judes2 tolong dibenahi lagi pelayanannya,3,0,2.5,2024-08-09 17:38:22,,,2.5
43602de6-0a1d-44bc-b622-94d0b87adc2e,winarno Slamet,https://play-lh.googleusercontent.com/a/ACg8ocJVJmtkmbWifiMnthrcIBCeMU5G5OXOAbSyVEg7X7cAGE6QjQ=mo,Pelayanan bagus . Akan tetapi tuk tata udara /ac banyak bis kurang dingin . Tuk pemberhentian d Halte tuk suroboyo bis ..bungur ...perak kenapa tidak berfungsi skrng ini . Pakai konvensional / helper teriak . Tks saran saya,3,4,2.4,2024-08-09 10:26:22,,,2.4
bfb08fa7-ffc9-462b-930f-dff445ae4467,Rara Ratna,https://play-lh.googleusercontent.com/a/ACg8ocKCitw-PIGWF_Mk6zREoNgpovyNrUN1JeCNjQTv4LX97fialbQ=mo,Gobis gaada di app store? Saya cari tidak ada,3,0,2.4,2024-08-07 19:25:47,,,2.4
0394656a-616f-4c29-988a-d26c2cf7ffb9,Cindi Rahmawati,https://play-lh.googleusercontent.com/a-/ALV-UjWEE5gTABJN36DSkexXX1_WfWRyyJwxFH6AfPeXf8wm8YsjQlTO_w,"Sebenarnya ini aplikasinya bagus, tapi tolong dong diperbanyak lagi tempat penukaran botolnya dan penukaran botol yang di terminal Purabaya/Bungurasih jangan dihilangkan karena menurut saya itu tempat yang strategis untuk tukar botol. Lalu saat botol ditukar, poin yang didapatkan jangan hanya berlaku seminggu saja. Kalau bisa kembali seperti dulu, poin dapat digunakan kapan saja, tidak hanya seminggu.",2,5,2.4,2024-08-06 21:52:26,,,2.4
fd2c8ccf-0abb-499a-b6af-7ae2c2880d70,Danny Tetap tersenyum,https://play-lh.googleusercontent.com/a-/ALV-UjXDjNiHQG3dHgbqA-LnVy0L8N6zkr7cGdFgu97aUuIkPDtjqgk,Suroboyo bus jam operasional nya kalau bisa jam 11 malam . Biar menolong karyawan toko yg pulang jam 10 malam . Contoh bus semanggi sampai jam 11 malam . Bus listrik tujuan Kenjeran juga jam 11 malam . Cuma ini bus kelar nya sampai jam 9 pdhl banyak peminat . Semoga seperti jakarta bus trans 24 jam,4,3,2.4,2024-08-05 22:38:22,,,2.4
d6a7781d-b176-4b7f-b707-ca4c8605e75b,Aldos Bahari,https://play-lh.googleusercontent.com/a/ACg8ocKBBT5_2QZ3ReXNMTT4P4klAzCmDbIVSd4ZjQ27OxO0H2POrQ=mo,"Armadanya dibanyakin lah, masa nunggu sampe 3x penuh terus",1,0,2.4,2024-08-05 06:32:05,,,2.4
c51ee149-1781-4f7d-8c55-3a98c37c7e42,Sophie Laura,https://play-lh.googleusercontent.com/a-/ALV-UjUJlTpgW5vJ9-9PjyNe1xLhTfQuuRf4PIsmeF1DVmJsQo6WGJ0,Kegunaan Daun Bidara/sidr: - Untuk terapi ruqyah yang insya Allah berfungsi sebagai racun bagi bangsa jin biidznillah - Sebagai sarana pelaksanaan hukum janaiz (jenazah) dalam memandikannya sebagaimana yang disunnahkan Rasulullah. - Selain itu dapat digunakan masker atau lulur untuk kencantikan - gangguan pencernaan /mencret serta untuk menstabilkan kadar gula dalam darah pada penderita diabetes. - Manfaat lain pada wanita untuk mandi setelah haid sebagai rangkaian pengamalan sunnah sebagaimana,4,0,,2024-08-02 06:25:38,,,
0839ed5d-a82a-4a90-9a46-16c92ae9b9df,Reza Rang Chaniago,https://play-lh.googleusercontent.com/a-/ALV-UjUkL0N6DHGlHFMOXTssag2wNF2G3xXdER0IQjl156ILXqYd43fU,Itu kalau bisa kernetnya kalau masukin data yang benar ada berapa penumpang yang masuk/udah penuh.. di aplikasi sisa 0 tapi di nyatanya masih ada yang kosong kursinya buat wara wiri Benowo-tunjungan,3,3,2.4,2024-07-27 07:46:04,,,2.4
e77771fa-58b6-40fa-894d-58cafbed0212,Erlang WIJAYA,https://play-lh.googleusercontent.com/a-/ALV-UjVKUjJ5YB9CeOqTC8aqcFFIO6TzHZOsolpRRlCTw-s2KEKiK0YH,Nyaman Tp klo pas jam brkt dan pulang orang kerja berdesak2an🙏,5,0,2.4,2024-07-23 18:49:52,,,2.4
8f3313aa-70ee-4ba8-ba8d-47892fad5446,Aqidah Islamiyah,https://play-lh.googleusercontent.com/a/ACg8ocI--uWoUL2owWuI1f_s4_U-ZxfZfPuiKig2-tCbQqrg9ipY6w=mo,Applikasi terbaru terkait Informasi jadwal bis di halte jadi tidak tersedia jadi susah untuk memperhitungkan waktu ketika mau naik surabaya bus... Tolong kembalikan informasi terkait jadwal ksdatangan surabaya bus di aplikasi ini..,3,0,2.4,2024-07-21 21:43:49,,,2.4
b5e7f819-4fcb-4fb3-90c3-39a1bc18ad29,N_ Mu,https://play-lh.googleusercontent.com/a-/ALV-UjWRJWf0WwqLg7Y7drbNyPh6p6kJC7WAUOqp3zNlvV2xbK-dqXkK,"Menurut saya aplikasi ini masih belum cukup bagus untuk orang yg belum pernah ke surabaya dan ingin menggunakan bus sebagai moda transportasi. Seharusnya perlu ada fitur petunjuk trayek bis mana yg bisa digunakan untuk berpergian. Misalnya ingin pergi dari terminal purabaya menuju stasiun pasar turi lalu ditunjukan keterangan bis jurusan mana yg perlu dipakai, perlu berhenti di halte mana jika perlu menyambung bis sampai ketujuan. Semoga kedepanya bisa lebih baik lagi",3,65,2.4,2024-07-18 22:55:54,,,2.4
d0f02478-5cd0-4c4d-b862-5d7a32bf0ddb,progres max,https://play-lh.googleusercontent.com/a/ACg8ocIBXpHOjuJvJbSchxqpTQXUwNN9yrleFIRmhM9y71jx_ZAztQ=mo,sering sekali ada nya error,2,0,2.4,2024-07-18 15:19:17,,,2.4
aad4dae2-e7e8-4192-b499-1e04d68351e0,Zakiy Bagus_21,https://play-lh.googleusercontent.com/a-/ALV-UjWOhnKtH7HysOwQEf-U-UDxuLL4bCsocxdSYXZD6c1hYAjVQQqf,"Rute bus TB-2 eror, live track bus nya tidak ada, gps tidak akurat",1,1,2.4,2024-07-16 12:13:20,,,2.4
2123f460-5d92-43f3-92d6-1c489c42c543,Sawitri Soetandyo,https://play-lh.googleusercontent.com/a-/ALV-UjUsteHVazl4OFrG5VcYvOhPjZ39CiPaJArJ3a9grNd0wpNb2Irt,"kenapa harus pakai NIK ? dan foto segala ? NIK itu Khan privasi banget, apalagi aplikasi pemerintah skrg banyak kebobolan hecker .. apa gunanya nik itu di sini ?",1,6,2.4,2024-07-15 11:34:59,,,2.4
b7f3fb12-e82d-4a4a-89b4-5cc559cd2e7c,Daffa Muhammad,https://play-lh.googleusercontent.com/a-/ALV-UjVBBk45qdaUV25j9CbBtFovFClu7zEeAaI_suU7J5HVXlgbues,"pelayanan sangat bagus, bis juga bersih dan nyaman. tapi cuma mau ngasih saran, untuk akurasi lokasi daripada bis dan calon penumpang mohon lebih dibenahi supaya lebih akurat. terimakasih",3,1,2.4,2024-07-13 21:32:36,,,2.4
3e261d9f-8c5b-40ab-b7c7-faf03d889911,King Armada,https://play-lh.googleusercontent.com/a/ACg8ocIjmh0ix9CZ1Xqio_OnIfwF9vpOq8bOD4hlUDVKpXxT2pHRXQ=mo,bagus sekali sangat membantu,5,0,2.4,2024-07-11 07:22:30,,,2.4
037e3e94-32fc-473c-9c0f-962f7c68a7bb,Hanan Putra,https://play-lh.googleusercontent.com/a-/ALV-UjXWtITpE9GpZ8RLiAKEIrVw0m82fuk2tyieivVbtr3UV5eJgh0HVw,Petsa susah untuk dimengerti,1,0,2.4,2024-07-08 19:05:39,,,2.4
e76cd9fd-4f63-42b0-8372-5e0ad10bc926,fifi rakhmawati,https://play-lh.googleusercontent.com/a-/ALV-UjVWshYz3QIj7pF_wlDxJ9EI_HWLXYOgkOc5xrlI8DEJuWk5KFW_2Q,Apakah tidak ada rute dari arah surabaya barat ke perak?,3,0,2.3,2024-07-06 05:45:26,,,2.3
602a64e9-f4a1-4eab-968a-70df2d58c634,Hendrik J M,https://play-lh.googleusercontent.com/a/ACg8ocL7WyMhX_J4a2InIjpOmRsVNAZlTdzo6DFB5KgFsVUm4hDRLg=mo,Aplikasinya setelah update tambah jelek + tidak muncul jalur dan rutenya,1,1,,2024-07-04 21:51:12,,,
6bc07225-3d25-4a25-836f-8d1792abb088,Verra Dwi Yunita,https://play-lh.googleusercontent.com/a-/ALV-UjWLeKz71UcE3q6BfSMqMDw8-U5v181vCLgSaBo-nmmm_v_eXm2_,Untuk Feeder / Wira Wiri. Lumayan memudahkan sih karna rumah juga deket sama halte cuma ada sedikit minus kadang Helper tidak mau update kapasitas tersedia. Udah terlanjur nunggu di halte pas lewat ternyata penuh. Padahal cek di aplikasi ada cukup banyak kapasitasnya.,3,27,2.3,2024-07-01 17:46:22,,,2.3
978099ef-4f7c-47b7-9bfa-5458732edb36,Satriya Yoga,https://play-lh.googleusercontent.com/a-/ALV-UjVG6tOwJYifVkdR9BsmVbF7yKZMskUdHszZxRWpWgViI5ERcTtr,"untuk transjatim belum terkoneksi ke apk dengan benar,",4,1,2.3,2024-07-01 11:08:32,,,2.3
a3b35500-31ac-4604-ba28-3c7bb38a37d0,Ghulam Zaky,https://play-lh.googleusercontent.com/a-/ALV-UjWiRDKHaiHu7L4oV17h6Qc_pgXSVfg0RwF8mxVbTVEURLe-4bs,Servisnya gak makin bagus malah makin jelek. Jarak keberangkatan bus satu ke hus berikutnya dari purabaya bisa 20 menit lebih,1,3,2.3,2024-06-26 06:45:21,,,2.3
e385cbae-9df0-4187-a385-b17a67df9612,anto okta,https://play-lh.googleusercontent.com/a/ACg8ocJIvmkhyHjndSqyYn3j5FsELfwRYh_vBHRfvp50ShTEvGQfVA=mo,Aplikasi tolol otp ae g masuk2 mau liat jadwal ae susah tolil sumpah,1,0,,2024-06-25 10:46:16,,,
d4f7555c-2bf9-446e-a55a-2ccba9d621c5,A.R. Bagas Danang Haditio,https://play-lh.googleusercontent.com/a-/ALV-UjWP9F0vYn7MOkspzmeIaWmWixrSdZtWZLsQnlU6MHdSE7VABhs,Aplikasi aneh masa pembayaran qris tdk ada riwayat pembelian hanya bayar lewat aplikasi baru ada riwayatnya terus driver ngebut tdk sesuai dgn titik terminal ada terminal lgs main tinggal,1,4,2.3,2024-06-13 16:46:27,,,2.3
71429351-85e4-42b2-874c-9b9c1901e439,Dodo Putro Alam,https://play-lh.googleusercontent.com/a-/ALV-UjUejTtfEcspErAnIUjbGziExZIdqFp0B_c6IjpR1kZdEGfEQA-z,"Sudah bikin akun, sudah verifikasi dan login lama gak ada hasil wifi maupun data lancar hasil gak ada masuk di aplikasi. Gak jadi naik naik karpet terbang om jin aja biar cepet",1,20,2.3,2024-06-10 22:32:55,,,2.3
3cff9b39-f464-4e41-8a01-133a8d560b61,Nisrina salsabila firdaus,https://play-lh.googleusercontent.com/a-/ALV-UjWIcv34Udypqw0yooDRYMpiRnxXPgi1rGiykocLNBCypJjv1bse-g,"Edit ulasan jadi bintang 1, karena ga ngebolehin minum air mineral dr botol plastik (yg sampahnya juga ga bakal di buang di armada, dibawa turun) kalo tiba2 penumpang pusing, butuh minum? Masa ga dibolehin? Yuk dibenahin yuk aturannya ... Jadi lebih spesifik mungkin jenis makanan dan minuman apa yg gak boleh di makan dan di minum di armada :)",1,0,,2024-06-05 20:33:34,,,
7b571b90-e97f-42d2-8271-085cd38c8687,Srylphoniea,https://play-lh.googleusercontent.com/a-/ALV-UjUILVOfzdSLeuuRwB8dbQdpiCRf1bk-h70ONlNRC41uZ29r3FrV,"BUS SERING MELAJU DENGAN CEPAT & TIDAK BERHENTI DI HALTE PUSVETMA, TOLONG DIBUATKAN HALTE, SEMAKIN DIPERSULIT PEMBAYARAN NYA",1,0,2.3,2024-06-04 18:15:11,,,2.3
621d0546-fc97-46fc-abe2-02e6177bfae5,IMAM ANSORI (ansoryimam),https://play-lh.googleusercontent.com/a/ACg8ocLzb_WSE3uYsCZqOVT-c6vDsGLbzUd03gnECBOviDP1uQeDCA=mo,Aplikasi ini membingungkan pengguna lebih mudah menggunakan aplikasi bus suroboyo,2,0,,2024-06-02 08:13:29,,,
6973a976-9dd0-4f3a-840f-b8e13fbeb17d,Fizh Nav,https://play-lh.googleusercontent.com/a-/ALV-UjVRoUX0rrRErIOndfdIajqCMASxw0VSg8tihKgjOjIIy-B3ryf0,Armada busnya sangat lama sekali kedatangannya. 40 menit menunggu tidak ada bus yang berhenti di halte.,1,0,,2024-06-01 18:56:41,,,
6d6d64b4-157d-40df-b9ad-e9eb998e57d7,Rahadian Ajeng Nashita,https://play-lh.googleusercontent.com/a-/ALV-UjWNcICp6JTrN72w931_wZKBYtwP0o3H2-bzbdFMfy2iZzaNzRE,aplikasi yang bagus,4,1,2.3,2024-06-01 14:22:05,,,2.3
fd0d08a8-9212-4f9b-befb-8a706b1ef6c4,Ila Rochilla,https://play-lh.googleusercontent.com/a-/ALV-UjWkBt8vh-48HA-tD1TnYY5xn50FGL5mDJIGQ3EPQ33-QS-n6aZO,"Aplikasinya ga stabil 2x kejadian mengecewakan, Histori perjalanan tidak tersedia padahal histori transaksinya ada. Dan parahnya transaksi pembayaran terpotong 2x dengan nomor transaksi yg sama.. dan jawaban cs yg ga masuk akal..",1,5,,2024-05-29 14:49:23,,,
48ee8669-d73f-4ab4-b8db-c80ac595f68d,ofadiella mega,https://play-lh.googleusercontent.com/a/ACg8ocLYPevCsXPW7-pxbUX8JGStViEq2_QC7fg3sOfyQBIetbbiCg=mo,Eror ngak bisa diperbaiki,1,0,2.2.5,2024-05-29 07:03:16,,,2.2.5
3de73ab6-b78e-43a1-b9ca-af14069815cb,Herocyn gaming,https://play-lh.googleusercontent.com/a-/ALV-UjUdXl34EFRi85DUDq9m4EwW6-XfS0MTJTXqFRLNQAj5sVWTMTZ_,"Cukup membantu, tapi gak ada pemberitahuan ketika perubahan rute.",3,1,2.2.5,2024-05-24 20:32:34,,,2.2.5
e049bedf-0c66-4ed2-aa5b-496c69749e46,Febryan Nurramadhans,https://play-lh.googleusercontent.com/a-/ALV-UjUofFj5VBaSH8Rmw4KwZsE6kp1fIA4AnKgdAcsC19aO3C-EISM,Saya habis top up 50 rb gak bisa buat bayar akhirnya Mengikhlaskan ada cara jitu ya tolong dong developer di perbaiki lagi sistemnya,1,0,,2024-05-23 08:36:48,,,
8f997058-4227-4253-bfcc-fd8b8a512994,Pradhipta Ima Nasution,https://play-lh.googleusercontent.com/a-/ALV-UjUSl_ElAhg92pA97Cd1oc5unA9D09ghTTAC9o1a9WqDWilX4tmv,"rute nya Suroboyo bus kok cmn ada 2 rute, trus tdk BS melihat bus nya ada di mn kok GK kyk aplikasi yg dulu, trus point' sy jg hilang.",2,1,2.2.5,2024-05-22 20:24:56,,,2.2.5
8385876f-a8ff-4546-90ba-c58910e7ba09,Eko Susilo,https://play-lh.googleusercontent.com/a-/ALV-UjVz2ymqmdO8xx5t5kbQCtlSV8G7Emceh0zGMygGieQXsAf0XlorUg,Seperti nya bagus mau coba,5,0,2.2.5,2024-05-22 18:13:56,,,2.2.5
d3eace6e-ca99-4134-be8b-c02dd8570a4b,Ardan Firdaus Mauludin,https://play-lh.googleusercontent.com/a/ACg8ocJmFELbnw_6G5OYtgeVdvybx1dRMHMW463bTbpgU3mR4NW1Tw=mo,"Iseng iseng coba Tidak pernah daftar dan coba Ketika daftar, ada notif (NIK sudah di pakai) Kok bisa 😏🤔🤔🤔",1,0,,2024-05-21 15:41:05,,,
70535a91-a6d9-4422-903a-d4525fa5d900,Yusuf Prasetya,https://play-lh.googleusercontent.com/a-/ALV-UjUAGw4WlcyO-wN-DLc-ptxZMSIKE1T3uDZbEmv2CGsWtp8kPa0o,Saran aja sih kalau bisa peta integrasinya itu ambil dari gmaps biar jelas halte mana yang bisa dipilih,1,4,2.2.5,2024-05-19 20:51:44,,,2.2.5
586ffaf9-eb39-4d74-87e0-f5867391f26d,ELVAN HARDYANTO,https://play-lh.googleusercontent.com/a-/ALV-UjUiXL4_okusorsZKesaI78kMKIxvKPKk0ux3x_YFxOvS1OXZdcqvQ,Mantab aplikasinya,5,0,2.2.5,2024-05-19 17:47:14,,,2.2.5
9971f92c-19a6-4d16-921c-05a5fc958c54,Ellys Simanjuntak,https://play-lh.googleusercontent.com/a/ACg8ocLZ3UeOEZXBr-xLbP0vh_wPh-RAK2n7_dCMHIl_wBle3t0j=mo,Sejak dbuka rute k tg perak mhn haltenyadbikin dkt indomaret .dan klo boleh dbikin atap tempat duduk krn klo berdiri 1/2 jam bagi yg lansia tdk kuat.terimakasih,2,0,2.1.6.5,2024-05-18 21:58:07,,,2.1.6.5
6187ff04-ff17-4ed5-83e1-af7bd1c48a8e,Heru Xpressi,https://play-lh.googleusercontent.com/a-/ALV-UjWZoDSbGCgq2YzqgwOckxNsd0RK6s9AeNNisO_Ohek0Cs60FzDm8w,"Tidak ada menu tanya, kesulitan untuk pengguna luar kota",3,4,2.2.5,2024-05-07 14:01:03,,,2.2.5
8e33cc3f-cfc4-467a-acd8-afa0527ea36d,Anisa Rizki,https://play-lh.googleusercontent.com/a-/ALV-UjWmP-8DidQotb-u2w_ggb8syiH-T8Jc2r8sHMrYqYTJYQTyxZM,Update terosss sak ulan update peng suwidak jaran tp ga onok perubahan lebih baik,1,1,2.1.6.5,2024-05-07 00:53:49,,,2.1.6.5
16569b26-aea6-4b9d-9daf-c6d69fb7af6d,Maliha Nafia Putri,https://play-lh.googleusercontent.com/a/ACg8ocK_qk516_gim7_2ZMsupoU1DiJGu8mG6MCqU6lFXsbV_fE8w2c=mo,"Overall bagus tapi tingkatkan fitur edit pada profile, karena saya tidak bisa mengedit email saya.",3,3,2.2.5,2024-05-06 09:26:28,,,2.2.5
1e0dc9a8-0ec7-4dd7-be49-4079c68cb9f3,Nur Cahyono,https://play-lh.googleusercontent.com/a-/ALV-UjUp2BFm55iUFw7KVmsyOk6r7yjzA3WNgA-3D9X70DJdVMTiEslp,"Mohon diberi pemberitahuan pada aplikasi bis yang akan dipakai trayek pada hari itu. Hari ini ada kejadian, 30menit lebih menunggu hanya karena bis tidak jadi jalan, sebelum sebelumnya juga sempat di oper ke bos-bos yang lain jam 06.37 petugas dishub masih tidur .",2,1,2.2,2024-05-06 07:27:30,,,2.2
1c8e66e4-7420-4419-9bfd-1e52ec3507c2,Elvira Rosa,https://play-lh.googleusercontent.com/a-/ALV-UjVhqRrgLAYmQpaVlwpEzLIwKXDbsdrP6ctCPW0EKnWStGlBj9M,Saya sudah daftar. Waktu login saya sdh tulis nik sesuai dan passwordnya. Tetep ajah password tidak ditemukan. Lupa password email daftar sesuai waktu di klik email tidal ditemukan. Saya uninstall lagi tetep tidak bisa,1,1,,2024-05-04 10:47:27,,,
efd7be38-ca29-42fb-b922-02bd38c165b2,Syifa Harnadi,https://play-lh.googleusercontent.com/a-/ALV-UjXZF8gfajuPTLWAUFwR2225x_iWvogcx7tOk0fWRk_bo_hno0DX,"Lebih suka versi sebelumnya, ada info tentang tempat wisata dan kuliner yang ada di Surabaya..",3,5,2.2,2024-04-29 23:51:10,,,2.2
025bdf20-f302-4dc0-a283-d2b10905c5c0,Yogi Mahendra,https://play-lh.googleusercontent.com/a-/ALV-UjX-wMk8WGjf28w6q5mr5b9HzQxGeDPvIRp9znBhBZDg6u6dKD7-,Kernet wirawirinya banyak yg tidak ramah,2,0,2.2,2024-04-29 12:12:58,,,2.2
f8bc7146-f18a-4d55-8641-f26bdf057319,Rijol Rocket,https://play-lh.googleusercontent.com/a/ACg8ocLAxBRitoKXmF-pBJl80Qke5Y_oBthCeTb_JIMROYO7hpBOHw=mo,"Kondekturnya gila, songong banget sok sokan sama customer gk senyum mencuret mulu kayak gk niat kerja",1,1,2.2,2024-04-28 17:55:44,,,2.2
4906a70a-b351-445a-b902-c201955d57f6,Sukro Cokro,https://play-lh.googleusercontent.com/a-/ALV-UjXAQdrmxxW-HWge1EYn4nF8kupSlddhJDIud5-7q7vlbXeYtdS4,Sangat memudah masy,5,0,2.2,2024-04-27 08:54:54,,,2.2
0dfa2e90-a344-4b42-80c1-c5654e1fa3f2,Dimaz Ganjar Harry Pradana,https://play-lh.googleusercontent.com/a-/ALV-UjXhHRYNS66e7Ve0s0R2yG0ZVN1zpvWUvWwfLgDf4LP4KIyWgPna,Tidak bs masuk..mengirim kode verifikasi tapi stlh buka email..nggk ada email masuk terkait kode dari apps gobis.,3,5,2.2,2024-04-25 16:30:16,,,2.2
629dfa85-3b87-4f65-b5b0-683c19a05d0b,Marsceline Prabu,https://play-lh.googleusercontent.com/a-/ALV-UjXCIIa5dw1nULZMbjaMzNTGDZrQRWiRSZZqAFYmcftv8rYLty5hsQ,"Udah download dan uninstall berkali kali kenapa ngga bisa ngelihat bus nya sampai mana, tidak bisa log-in, ada tulisan sambungan terputus setiap saya membuat rute..😭😭",1,13,2.2,2024-04-23 05:29:44,,,2.2
d243f71f-4a62-4b3d-b5b2-cd1f93a2e149,Purwati,https://play-lh.googleusercontent.com/a/ACg8ocJpX2x6RK0igevppyW-R6MBvssiO077EMj9WNo488jYFvI8oQ=mo,sangat bermanfaat,5,0,2.1.6.5,2024-04-20 07:26:59,,,2.1.6.5
fbe94214-01a0-46f6-8a2a-4e267a325a25,Kantor 3625,https://play-lh.googleusercontent.com/a/ACg8ocKFeJAp3V83ajxsErbh3qVHeqVzOewA2V2eUCnQlqqu_M9ShA=mo,Aplikasi sepertinya perlu perbaikan,4,0,2.1.6.5,2024-04-18 12:05:28,,,2.1.6.5
73148be9-e811-4bcf-b0ea-382c8b351503,Zulfikar Nur Rahmat,https://play-lh.googleusercontent.com/a-/ALV-UjX0gzdw5aXWqQMdaIBwTzL6CB5eNaqN0MsR1xK8wlgV9v7uS3ph,"Ketika pembayaran melalui aplikasi sering error, yg seharusnya kena biaya 5rb per orang di aplikasi muncul nominal yg harus di bayar Rp.5.250.000,00 .",1,2,2.1.6.5,2024-04-16 11:15:23,,,2.1.6.5
f4358d75-e69d-47be-8f6e-c1bb33a48499,Yoyon Anandoko,https://play-lh.googleusercontent.com/a-/ALV-UjUb072Lfh2NfnOdjjb8Hrvc3J_sB1FDoZ1td-loa9g-6pqU07dc,"Mung jik butuh diapiki maneh, cak lan NK ning. Wes tepak aplikasi iki gwe warga Surabaya.",3,0,2.1.6.5,2024-04-09 10:28:33,,,2.1.6.5
12fa9cff-cae9-4908-9bd9-789246ab3fc5,Lila Knia,https://play-lh.googleusercontent.com/a/ACg8ocJEWgKVniLdiEb-t_QoOaSEOCrcYnuSw4lh1mcJbb7fBs-iRYQ=mo,Aplikasinya bentar2 uda suruh update,3,1,2.1.6.5,2024-04-04 19:28:45,,,2.1.6.5
a7a04173-dcaa-4e52-b6b9-6e529de64bd4,kark Lup,https://play-lh.googleusercontent.com/a/ACg8ocL52CEP666MgqO8GUaH-eNehcRKPr8c-WAza4Cw4wyykmhCQg=mo,"Koneksi terputus terus, padahal sinyal sangat bagus",1,0,,2024-04-04 15:14:20,,,
a4afe110-1b03-4659-accb-3d77ff8cf15f,Will CF0,https://play-lh.googleusercontent.com/a/ACg8ocJA1k22pYTbdllY5hFHCprq6MYzoOIS6q7koG3NatDg3fJ-vw=mo,Aplikasinya semakin jelek. Kadang posisi bus tidak tersedia,2,0,,2024-04-03 09:38:43,,,
391c0a74-18b9-4cae-9267-52b67e8e7f9c,Tirto official,https://play-lh.googleusercontent.com/a-/ALV-UjU5rOqFG1rRw-0LNek2rc1OyN0H9MoCt9VEIM5hR87rgEbG-BiI,"Saya nunggu bus terakhir jam 9 malam kurang, tapi hanya di lewatin aja. tolong utk setiap ada halte di check lagi",1,6,2.1.6.5,2024-04-02 21:06:31,,,2.1.6.5
02c33a87-3d6a-49e5-ad18-7cf23b6b7bde,Yusron Fadly,https://play-lh.googleusercontent.com/a-/ALV-UjWczrmfohdvS_drtwh2JHUxaQtFjB7k2kkWkkY5xe9x2kT1j6Xx,"Masukan , semoga ada tambahan atau rute yang menuju ke perak pelabuhan SNQ dan pelabuhan kontainer",5,0,2.1.6.5,2024-03-31 12:29:19,,,2.1.6.5
4aa2f7d7-4c5c-4c5d-82c0-5e1e0b6d1c22,M Rudi C,https://play-lh.googleusercontent.com/a/ACg8ocIa0o86D7XNLyZbk1z_wNocdN0Se20SdQjWZ574FWyvKbOo93nE=mo,Lokasi pengguna kok tidak ada?,2,0,2.1.6.5,2024-03-29 19:38:47,,,2.1.6.5
a4d54fe9-5871-4358-8b69-56108e952a76,Surga Abrisam,https://play-lh.googleusercontent.com/a-/ALV-UjVrAV_HzJVlrWi7egYqTjp0QK1RVnF0aF7YbwRsOJFl4qFSyZi4tA,"Tidak ada pusat bantuan, susah juga kalo pas lagi ada masalah dgn oknum butuh bantuan harus kmn? Tolong diperbaiki lagi sistemnya khusunya dijam operasi malam driver terlalu short cut rute bahkan tidak jarang penumpang udah nunggu di halte dilewatin aja",3,5,2.1.6.5,2024-03-28 21:10:06,,,2.1.6.5
e761c924-2032-477c-9a8a-3dc26d6a4b25,odii,https://play-lh.googleusercontent.com/a-/ALV-UjXCWueguKhcROW0XUkDfPdfhZE25KHLuALIvA33BH52GLfIkVFh,jalur di made sudah di hapus,3,0,2.1.6.5,2024-03-27 18:35:25,,,2.1.6.5
db047611-7587-495b-9d72-41ba9a6d50b6,ABD HADI,https://play-lh.googleusercontent.com/a-/ALV-UjVTcT6ADhYA6wge2-2Ph_G5RSIxA_nfwOWnVsScF5MuMNwLNavl,Tambah lama tambah ruwet .. up date kok 2 hari sekali .. IT ne Sempel ..,1,2,2.1.6.5,2024-03-25 19:14:40,,,2.1.6.5
c9f23f32-e696-4252-9948-6dfb1ca2310e,khanis kharisma,https://play-lh.googleusercontent.com/a-/ALV-UjXqtOkNqRdc5JU77lsDiI6xczb-RKqEa0ZJjuEduUHKDB91eM6Zhg,Bagaimana kalau lupa password nya? Sedangkan diakun tidak ada lupa password saat mau mengganti dengan password baru,4,0,2.1.6.5,2024-03-25 19:04:23,,,2.1.6.5
557d87e0-374c-41b8-84ed-b354efbfc60c,irma belva,https://play-lh.googleusercontent.com/a-/ALV-UjXHn2IvmL9BtVI2eOjTa_HZFDZK5p8zT4gCYCZ8e7QdgivcwXMrYg,Aplikasi gobis gak jelas update trus nyusahin pngguna,1,0,2.1.5,2024-03-25 17:30:14,,,2.1.5
d3829dcb-50fc-43f4-bfe5-b5b6f050fb93,yunita kusuma,https://play-lh.googleusercontent.com/a/ACg8ocIFPZzqIHcsKcVcTwDQElY78z8Ec5ym-IrFgMXHdnaFsEFEww=mo,Menapa harus update terus sih padahal setelah di update gak ada perubahan. Tolong diperbaiki apknya min,3,1,,2024-03-25 15:30:48,,,
aae64171-c216-4d90-87f0-30c8547a5982,Daeng Yoyo Sukahar (Daeng Yoyo),https://play-lh.googleusercontent.com/a-/ALV-UjXmK6ubeFPxqL40TTkWX-NOB0gVZSo1np1RpaPKJm6oOO0WWHpB,Kok minta update terus aplikasinya???,1,1,2.1.6,2024-03-25 15:22:23,,,2.1.6
a7023dce-b69d-4f4d-96c9-32aa6e73c9ea,Amalia Rosanty,https://play-lh.googleusercontent.com/a-/ALV-UjUKsFGi89TtwcxwHUymSAU4G4pUXg6ZIYWybn7GS2hzNaDKWeJg,Update kok terus seh,1,2,2.1.5,2024-03-23 14:18:48,,,2.1.5
2998384b-07c4-48b4-a0e1-994f1c137dce,Boy Aris Styanada,https://play-lh.googleusercontent.com/a/ACg8ocK9C_oMbsg0Gq36dp2B8baisnZV0QoeiH9pZ5AwNfP8NG77wjI=mo,Masa tiap hari harus update,4,2,2.1.5,2024-03-23 05:19:13,,,2.1.5
910a167d-c3e9-4a1a-be6f-c8fb4198caa0,Mauren Helvia Devi,https://play-lh.googleusercontent.com/a-/ALV-UjU-0iI_lxAGs5pZcSfPhtKhXBKqbtMPmGctl3kpOFBMcMjx3PWP,)) lll) u5k,2,0,2.1,2024-03-22 20:29:32,,,2.1
f745a57c-13a7-49c6-9cfb-45c36795a2c3,Realita Anjanlapi Nawangsari,https://play-lh.googleusercontent.com/a-/ALV-UjWQInVNs-sltuTh4IuScWYd4MYJ-dHm9WMAF7S0t3TX-mfQ3S8S,Tiap hari minta update parah,1,2,2.1.5,2024-03-22 16:27:52,,,2.1.5
83d8a82c-889e-4343-b5a7-ea66c3428605,Dwi Aprilia Lestari,https://play-lh.googleusercontent.com/a/ACg8ocIlzCAYupeF_7LNaxCkmlXwAPaz_OWc52BomWHFaVkFAKb5tA=mo,"Kenapa aplikasinya update terus, padahal baru 2 hari di upadate malah disuruh update lagi, tolong ya min update apk nya dikurangi minim 1 bulan sekali terus meski udah update kenapa jalur yang lidah wetan ga muncul bis nya",5,21,2.1.5,2024-03-21 11:59:10,,,2.1.5
162ab4e0-0eb2-4048-a5bb-aedc1183fa17,Wahyu Yudi,https://play-lh.googleusercontent.com/a-/ALV-UjU_6OaYjfZsgYYEHr1lpYyjTIKEy7_J1jdjhr43C5hwvCQNBbJ5,Mantap,5,0,2.1.5,2024-03-21 07:25:31,,,2.1.5
f16d6188-1d94-4a27-a48d-6a5adaeaa940,Ari Rahmat Syahputra,https://play-lh.googleusercontent.com/a-/ALV-UjUF1W-JjRCzfdgEkUmn34Ix4FtBlDrL-wlBXVZnr49-yDtGusZV_A,Aplikasi sesuai banget dengan posisi unitnya jadi kebantuu sekali untuk pengen menaiki unit gobis surabaya ini,5,0,2.1.5,2024-03-20 20:24:40,,,2.1.5
1def4dbd-48f8-4501-899b-f324a744601c,Juone 21,https://play-lh.googleusercontent.com/a-/ALV-UjWFw_Vx-lUc_ecRtT9eV_YkRCsFRQZLi4daVHZJhdD8WR2BAxmd4Q,semakin ribet dg aplikasi ini,3,1,2.1,2024-03-20 16:23:36,,,2.1
996cb9ae-bca6-40e5-a5df-f607b276e0e8,Lionel Vegatd,https://play-lh.googleusercontent.com/a/ACg8ocImkVpJ15PSWLgeX2MHZiQNYPwnRUvPKUJwmzOzUQN_jFDupQ=mo,Saya suka sama aplikasi barunya,5,0,2.0,2024-03-19 20:23:53,,,2.0
040cfec9-33e8-4670-af03-f4ccf306c17e,Almalika Family,https://play-lh.googleusercontent.com/a/ACg8ocK5t7QCE3VWoZ4uOv6yOUThlVVTDLBHeZf-qVQAnYKwWdLSHw=mo,aplikasi manfaat bangeet.. dan uda smakin update..,5,2,2.0,2024-03-14 08:26:21,,,2.0
b4f12e9a-fac2-490f-a4f8-f74906f7deb6,Andi Purnomo,https://play-lh.googleusercontent.com/a-/ALV-UjWfr3cs-24WOlm9gixUJrQTDe9KIuGbT966xBx54v7C1WKK5Ez_,Ga semua rute bisa dilihat di aplikasi kayaknya,3,0,1.0.6.6.7,2024-03-10 12:56:27,,,1.0.6.6.7
08c84d64-f164-436b-a86a-783277d06c0a,Vivo V15,https://play-lh.googleusercontent.com/a/ACg8ocIbq0WDpT5zW8ed8hxsRqztPmSnoCNTAOmf2Aagsdjh547Zeg=mo,Suroboyo. bis. sangat cocok untuk di gunakan,5,0,1.0.6.6.7,2024-03-09 05:00:00,,,1.0.6.6.7
5fec4b97-471f-4cef-82fb-bebd14b14c45,Chandra Kurniawan,https://play-lh.googleusercontent.com/a-/ALV-UjWb669FHTiR2RbALLQWDw6Blm2jFZXZSE4ElHeHHHn2Sjo3swg,Tidak ada rutenya ( tidak lengkap ) Sehingga penumpang/ pengguna layanan pusing carinya,1,2,1.0.6.6.7,2024-03-08 14:06:37,,,1.0.6.6.7
9961a426-0f97-435a-bcbf-316cfbbf4d98,RZ Official,https://play-lh.googleusercontent.com/a-/ALV-UjXbdO3JrELzC4ZeF5WxD1vNBO_eTmIbcZIp0g4G9pvmksh9i5I,"Meskipun apps nya agak rada², tapi pelayanan di wirawiri oke bangetz 😍",5,0,1.0.6.6.7,2024-03-08 11:08:55,,,1.0.6.6.7
7d8ba5ff-2d9a-4842-9398-3fffbcd40322,Lailatuz Zahroh,https://play-lh.googleusercontent.com/a/ACg8ocLpZRa_QRK4Tq3CeArLCX9wnZj9BFHfn0ffgwq5RbmYyrFEYQ=mo,Baik,4,0,1.0.6.6.7,2024-03-08 03:51:11,,,1.0.6.6.7
c64ee131-f751-4692-9d83-88ccec059155,Laura Aurora,https://play-lh.googleusercontent.com/a-/ALV-UjWLOt82Jheqjr4CVj9ZXuhP-mNDsM1HXTqO2POpbdAZ0lknGZi7,"App tidak ramah, semrawut bintang 1🙏",1,1,,2024-03-05 12:08:44,,,
b219d260-44c9-43dd-9a4c-d7487b9646f4,Andreas Pranata Putra,https://play-lh.googleusercontent.com/a-/ALV-UjV2737tkdfL26ZrMSWvpqINFBrPjbIGpklp4bB8BZlybf2ktrCN,"Tidak ada tracking bus nya dimana, hanya halte tempat pemberhentian",1,2,1.0.6.6.7,2024-03-01 17:41:40,,,1.0.6.6.7
55fa6255-0514-420a-8fa6-2f8d9f894629,Sutjiati,https://play-lh.googleusercontent.com/a/ACg8ocK7O1auyabq_YcsNTHCkZjOhe-Q18W492UbQJME61dr1fH8og=mo,"Lemot, gk bisa login tiba tiba",1,0,1.0.6.6.7,2024-02-29 18:25:40,,,1.0.6.6.7
48e85284-5d3f-4ddb-8bf7-3131783f24d9,Mister Amsal,https://play-lh.googleusercontent.com/a-/ALV-UjUOfWVE_QMWs6cFYvXiqNdJNpjMHL3le8s9wGn1QKA9cSAHcbw4,GPS teman bus tidak ada. Saya harap dapat ditingkatkan,2,2,1.0.6.6.7,2024-02-25 07:47:12,,,1.0.6.6.7
f19732f0-4828-4278-ab00-6f548457e266,Alfian Subekto,https://play-lh.googleusercontent.com/a-/ALV-UjXPcqEXa1w2YIAoU1615CZCOo-cAyfmUbM6zLd3NCo04IyZurzG,Pelayanan nya kurang baguss,1,0,1.0.6.6.7,2024-02-20 13:23:44,,,1.0.6.6.7
61a519e5-c030-4a00-87a3-b72a358f7575,demsan tv,https://play-lh.googleusercontent.com/a-/ALV-UjWjKUnGSO2FnuLvyESzJBB_MNCCmROJZt8pnEcgfeQUtRloVJg,Sangat membantu untuk backpacker yg khawatir ditipu calo.... Semoga bisa merata seluruh surabaya,5,0,,2024-02-18 17:52:14,,,
02d2e778-7b74-424f-a4bd-f2009f1a80ec,Tining Setyaningsih,https://play-lh.googleusercontent.com/a/ACg8ocIsTls4J6pdKC6OrY7JdY4Mnwb01JWmrwWH-EtBm6gIY3Uz=mo,"Alhamdulillah selama ini setelah ada gobis, wira-wiri saya belum pernah mencoba,,, baru hari ini(hari minggu tgl 18 feb 2024) bener"" saya pingin menikmati berempat sama temen"" lansia,,,Masyaallah,,, bener"" nikmat banget, pelayanannya sangat bagus sekali, didalam mobil wira-wiri sangat nyaman, ber AC lagi,,jd sangat enak,turun lakasantri, pingin naik lagi ke joyo boyo, trus dilanjut lagi naik gobus ke JMP,,, wah ini bisa jd langganan kalo lagi pingin jln"" makasih untuk semuanya,,,👍👍👍",5,4,1.0.6.6.7,2024-02-18 12:30:05,,,1.0.6.6.7
5ba8af26-169a-4c39-9673-0af6ab167c41,23. Nor Hasanah,https://play-lh.googleusercontent.com/a-/ALV-UjU1fxMwlflLClKHvORVmDnw4abxVQpxFEds8xelop6Xw0x41as,"TIDAK MAU MENUNGGU BUS NYA, PADAHAL MAU NAIK",1,0,,2024-02-18 07:54:59,,,
67441ae9-29b5-4264-9f9f-89ecbfd7c3ba,Adhitya Manggala,https://play-lh.googleusercontent.com/a-/ALV-UjUPe2ixsdSB3CLjoCMgDZihHakMUPf6PkSLZiJo_PZ5WBBHM2Xp,Ok,5,0,,2024-02-17 20:20:03,,,
3282a45f-84ba-4d92-8949-572a7af73265,Sofyan Jendral,https://play-lh.googleusercontent.com/a/ACg8ocJoQu5CFI7oF26LWifav4nbZBgka-vpYneOpJd6c-wzxMkgOQ=mo,"Tolong dibenerin untuk arah tow unesa, masa iya bus nya cuman 2 seng ngenteni sampe blawuken bus e ga budal2",1,0,1.0.6.6.7,2024-02-17 16:38:26,,,1.0.6.6.7
6c02ae23-9076-485d-914c-a844e62d5ab1,Ria Dwi jayanti,https://play-lh.googleusercontent.com/a-/ALV-UjXbS9O0YQt6U1idIiIBe2-7gWjFhYBYseBodVtT_6pp62XHSL-2,Murah meriah,5,0,,2024-02-10 10:00:23,,,
20e678bb-8929-4d39-b288-a53eb5219c75,Rara,https://play-lh.googleusercontent.com/a-/ALV-UjXuqXz02vLOR600SaOokQED98LMgtWRG2Q2XXuTPNH2i8GsjXU5,"Overall udah bagus sihhhh buat aplikasinya. Fitur fiturnya juga udah lengkap semuanya. Makasih buat developernya, joss. Mungkin terdapat hal yang perlu ditingkatkan lagi sama developernya. Yakni pada kurangnya tingkat keakuratan lokasi dimana user berdiri. Bayangkan saja apabila si user ini merupakan pendatang, yang tidak tahu mengenai lokasi di Surabaya. Mungkin si user bisa tersesat maupun salah relasional transum",5,31,1.0.5.3,2024-02-09 18:42:53,,,1.0.5.3
5f15c4fd-ed1c-449e-a08c-4204e011bfc7,Nurhadi Mulyono,https://play-lh.googleusercontent.com/a/ACg8ocJEvQcEuCrnmMZ2IfELaeiCRgXBVSsEs0XUv4GwAmm7te15=mo,Ok naik surabaya bus dan feeder... Nyaman aman..,5,0,1.0.6.6.7,2024-02-09 14:03:19,,,1.0.6.6.7
17c86548-0f51-4bc2-9473-dc45feb4691b,sunaryo yoyok,https://play-lh.googleusercontent.com/a-/ALV-UjWhoGOBMLFQZqc29Fmy88FTnV4ejkGHD8hdef7qDcFyEU8AuTLa,Istimewa sekarang..... Ke depan semoga lebih lengkap jurusannya... Lebih nyaman kendarannya.... Aamiin.,5,0,1.0.6.6.7,2024-02-08 11:35:38,,,1.0.6.6.7
69938081-f065-40a3-bbb6-fede7ed2cdd9,cahbagus sugiono,https://play-lh.googleusercontent.com/a-/ALV-UjWbJ6pcPJ76HvkPWEYCKJyLCNbASPiyMFpNg2i5lgdjigvJx5E,Kenapa ya Teman bus tidak ada gpsnya,4,97,1.0.6.6.7,2024-02-03 08:45:09,,,1.0.6.6.7
3538fb0e-6f03-4b97-8100-74229c0eec77,ABD CHALIM,https://play-lh.googleusercontent.com/a-/ALV-UjUpj2bOG_qtJ4Pi8DV8EfTD2_V-WIYCvkidUKBiAxBOrICak2ix,Seharusnya di aplikasinya ada top up untuk bayar lebi simpel dari satu aplikasi,5,1,1.0.6.6.5,2024-01-30 11:08:59,,,1.0.6.6.5
0af4b5a7-6172-4d6a-b9ba-8b333365bc3a,feri ariyanto,https://play-lh.googleusercontent.com/a/ACg8ocJE1qHRdjhHHfvbgHzIoXaQWkHURolutWHLJWDomkBD0kwgPw=mo,Ini dengan bagus,5,0,1.0.6.6.5,2024-01-27 11:53:32,,,1.0.6.6.5
e0625a46-0d1d-41bc-b1b0-63ffb9dd0322,heny herlina,https://play-lh.googleusercontent.com/a/ACg8ocKj6Lqeg1H_qX5q7yhVEVbSRIcwNAS4p45IA64PkBoYtuyfXz4=mo,Sangat membantu,5,0,1.0.6.6.5,2024-01-24 14:02:48,,,1.0.6.6.5
8671e0f4-60bb-4b50-b0ac-f203dfb704e8,Ummu Iqlima,https://play-lh.googleusercontent.com/a/ACg8ocKmaTcnVCW4kL0MgjvzabV01Qi4PpJhgxcWFF9ZjNX3A_uelHU=mo,Kenapa g bisa login ke profil? Mau lihat poin sisa berapa g bisa mohon bantuannya,1,0,1.0.6.6.5,2024-01-23 14:14:24,,,1.0.6.6.5
b1dc7034-a9f8-46e5-9ede-6cd6b4d47194,Antho Syaifud,https://play-lh.googleusercontent.com/a-/ALV-UjVqn0G_JACySol8CpCOdVFis-WOSMFFrmDJ78twhiZPRNFE-ouK,"Aplikasi sdh OKE, tapi sayang saya kumpulin botol susah, sdh terkumpul untuk 10 tiket. Ternyata ada masa expirednya hanya 7 hari saja. Huuuft capek",3,9,1.0.6.6.5,2024-01-23 11:35:11,,,1.0.6.6.5
9384fa7c-fb86-49b9-b69e-01b21c1e30c9,ade ruhana,https://play-lh.googleusercontent.com/a-/ALV-UjXGj0EHWTHCQbpEHnikMPrZIUQKVFxZlNmuYn9jLEqiYk-TAps,Good,5,0,,2024-01-23 09:51:50,,,
bfdc7205-5dfd-4dfc-ba28-d57a1502d3e2,Dewi Apriliya,https://play-lh.googleusercontent.com/a-/ALV-UjW0za5EVnC0ctAEGIfNl3ivIjva34dTflo5AzrpWVdKvp1RUIA,"Nggak rekomen. Habis instal, di hp jadi keluar iklan terus tiap 5 menit. Udah coba uninstall, restart, bahkan sampe di pengaturan iklan hp tetep keluar iklan Sanggat mengganggu. Lagi telfon lagi vc tiba-tiba keluar iklaan",1,2,,2024-01-22 13:55:58,,,
74149976-03d6-48ef-9f9a-aa2d877af0f8,Agus Antoni,https://play-lh.googleusercontent.com/a/ACg8ocIWC0tvijLiQJCEJCt9UgZr44f_s0tYdriUO_5yTdR4XsTliA=mo,Ok,5,0,1.0.6.6.5,2024-01-18 10:42:11,,,1.0.6.6.5
61ee717f-cbf6-4a3c-bb40-7afda2b21ab3,Agus Nuril,https://play-lh.googleusercontent.com/a-/ALV-UjVOXBJTyF9TrIlixML9fY7qCo06ZQnMSPkTkDpb82rUFyyr9Vo,Memudahkan untuk naik kendaraan umum,5,0,1.0.6.6.5,2024-01-17 10:25:31,,,1.0.6.6.5
fda87a6f-c990-4969-aad8-8ac280b0f274,Annisa Mulyani,https://play-lh.googleusercontent.com/a-/ALV-UjVa3kR3GOT-YNbKdOtOQG2TErGdT0LZ9fA4vfLj9rNBYeM6nCy9PA,"Banyak lag nya, posisi Feeder nya ga keliatan p",1,0,1.0.6.6.1,2024-01-13 15:33:12,,,1.0.6.6.1
2d290b31-a0ba-4bda-b207-a5b78d689a20,Andra Yani,https://play-lh.googleusercontent.com/a/ACg8ocI9v93u5sAA00uaUA57tvrClsYp0JoQCXOqemEwWvRZR-BxB3c=mo,Kenapa baru diupdate malah hilang gambar bis atau wira wirinya...jd kesulitan ini mantau drmn sampainya mohon diperbaiki lgi aplikasinya,4,3,1.0.6.6.5,2024-01-10 15:58:20,,,1.0.6.6.5
c6e6d5ea-3865-4261-8450-d0fa3bfa1118,Fer Dina,https://play-lh.googleusercontent.com/a/ACg8ocImDd9t8YIKumcA_Q-ZruwUDz9Cy4XiLzB3LIQx5ZyUswH3Xw=mo,Kurang detail karna GPS bus nya sekarang nda ada.harusnya tetap diadakan biar kita tahu jamnya kurang lebih nyampe halte jam brapa,3,0,1.0.6.6.5,2024-01-10 08:44:56,,,1.0.6.6.5
2d043fe2-cf56-4fc6-a957-724549355c62,M. Choy,https://play-lh.googleusercontent.com/a-/ALV-UjXobH9lkhQFw9RQeoJA_ha7NpzBB6uisY1R0Z3mHdpvUUBGUbcE,Sangat membantu transportasi,5,0,1.0.6.6.5,2024-01-09 17:08:40,,,1.0.6.6.5
4d900b64-9033-46f8-ab6d-25419a22bcd6,Renn,https://play-lh.googleusercontent.com/a-/ALV-UjW1oPaiD1jGzLfD9ajqOmti3N-6-In3MtV3zVVqQawFRcaKLeu7,"W,gCV yang di CCwa GCC",4,0,1.0.6.6.5,2024-01-09 13:47:48,,,1.0.6.6.5
e48b7323-cebc-4efb-a7db-1c1195731985,muhammad rizal,https://play-lh.googleusercontent.com/a-/ALV-UjUjraqI7Pn90IywQLLOeMOz6rElr-ZRyIkQCVFLvMiorkn9NyE,Bagus sangat membantu bagi pengguna yang disabilitas dalam menggunakan transportasi yang nyaman. Terimakasih kepada pemerintah semoga amanah,5,1,1.0.6.6.5,2024-01-08 05:32:46,,,1.0.6.6.5
73c3bd77-e09b-4180-8133-1ee9d0d2ceba,Yulianto Snto,https://play-lh.googleusercontent.com/a-/ALV-UjUIY-VLEuZ_mbMopfYTWMBtmS0lSYhU5LPEoUjKtujtDupmqR2M,Mantap.,5,0,1.0.6.6.5,2024-01-06 15:14:30,,,1.0.6.6.5
9ab5a445-d1fa-43d3-80b3-58efc7b1c0d4,Theo R W,https://play-lh.googleusercontent.com/a-/ALV-UjUb-mROc3YAXAZm-q-k6URgvzTXB-l9aULrJTvcgpXm2jM90il_,Aplikasi tidak bisa tracking teman bus,1,3,1.0.6.6.5,2024-01-03 21:18:36,,,1.0.6.6.5
6c9937eb-2702-4121-87f9-23982f4fdc07,Cerah Prihandi,https://play-lh.googleusercontent.com/a-/ALV-UjVKDZIUMvzYBxmwxjEvsi-Vpkcj060dO-jTWyMADGUA5OTO4hEk,aplikasinya simpel tapi kurang informatif seperti ada lokasi tujuan wisata tidak dicantumkan harus naik bus rute mana dan turun di halte mana. jadi agak bingung kalo mau ke lokasi tujuan.,4,44,1.0.6.6.5,2023-12-25 08:52:48,,,1.0.6.6.5
90d9169b-157c-4517-9ad5-3d188489b99b,alfan Wafi,https://play-lh.googleusercontent.com/a/ACg8ocImLrE0Tfp-OF_NfEduDJowdQ513XPBWhQAJCZD-vuK0ihqSA=mo,"hari ini naik feeder wira wiri nunggu berangkatnya lama banget di terminal.padahal uda penuh,tapi harus nunggu 30mnt buat berangkat.katanya belum waktunya berangkat.",2,1,1.0.6.6.5,2023-12-18 00:13:49,,,1.0.6.6.5
f44cf893-ac6b-471a-947b-1459795712ca,Mi Lee,https://play-lh.googleusercontent.com/a/ACg8ocI6vjGM5Nscw6GkT2BLqF_PG6VV0ZY9db85hZW9WDdiu9hnzQ=mo,"Cara lapor sopir nakal gimana ya????? Saya ingin lapor salah satu sopir & kernet yang selalu saja kalau penumpang cuma 1 saja yg tunggu di halte dilewatin begitu aja, padahal sudah berdiri di hampir di tengah jalan lohhh & sudah melambaikan tangan kurang kelihatan apa coba????? Tolong ya kasih tahu saya cara lapor, saya beberapa kali mengalami kejadian yg sama, pd hal kita bayar, gk pernah ngomelin sopir jg kalau ngebutnya ngawurrrr, khusus tgl 13 des 2023 pukul 18.00 bis surabaya dgn kode SB 24",1,6,1.0.6.6.5,2023-12-13 18:06:38,,,1.0.6.6.5
dfd1b7ba-489e-4c7d-b764-ed6091212282,Sinichi Manyu Slayer Sin,https://play-lh.googleusercontent.com/a-/ALV-UjWHAQkj2skvu4HLyWDkH9P9HnN4HeV9m2lzLAfKHhBeb5W8BWc,Ngotak lah kalo pindah halte Mojokerto beritahu mana harus naik ojek lagi dancok aplikasi kntl,2,0,,2023-12-13 16:51:41,,,
217d730a-b441-47f2-aa8e-be8822ce6502,Nurima Nita Winarti,https://play-lh.googleusercontent.com/a-/ALV-UjXRZXIWCXW8uQ9qAmQwOuusRDopVWLtJW7F0L8zQEz4mIY9l6mi3A,Poin penukaran botol saya kenapa tiba2 hilang? Saya harus bagaimana?,1,0,1.0.6.6.5,2023-12-12 21:13:34,,,1.0.6.6.5
577ff2b0-9097-41ca-b16d-5455df5b3097,•BroSis_Officxal•,https://play-lh.googleusercontent.com/a-/ALV-UjXsh95UMwkdl1n7Ix7OB29aqcL-KDJ-dSJhIqkEqngV2IJidnFB,Kerennnnnnn....dan udh mulai beroperasi yg listrik...mgk d aplikasi bs d buat ivon yg neda antara yg listrik sm yg merah....trm ksh....smg kedepannya bs trs meningjatkan pelayanannya.,5,0,1.0.6.6.5,2023-12-11 19:23:44,,,1.0.6.6.5
cfde19d4-36f7-4315-a7d2-7283c71f774c,Dita Anastasya,https://play-lh.googleusercontent.com/a-/ALV-UjX13ooHrVHYJuwutOix6r3S9MuQYQ6qj3_4mi5qlL-755hVozdE,"UI/UX aplikasi tidak user friendly. Pas saya install dan mau cek posisi halte kenapa mapnya kosongan? Isinya bener bener hanya nama jalan, posisi bus dan halte. Kan saya jadi bingung..",2,42,1.0.6.6.5,2023-12-09 20:34:48,,,1.0.6.6.5
2f642faa-48ab-44ec-92b2-a0c88864c1cb,Ndut Ndut,https://play-lh.googleusercontent.com/a/ACg8ocJSTzJArlb72hoEtcxXtN9GjUTKUAoZXxG2rDfrNkUOTi90lA=mo,Naik wira wiri apa tiap jam ada mobilnya.,5,0,1.0.6.6.5,2023-12-05 07:56:47,,,1.0.6.6.5
a7405c77-567d-4e85-9a21-018445626070,Yusuf Anwar,https://play-lh.googleusercontent.com/a/ACg8ocJf0rrrcaT_zgbrRB2jI9Jw0QewlT3wXrG82EEOcMLIi3tEcEg=mo,Good,5,0,1.0.6.6.5,2023-12-03 18:39:03,,,1.0.6.6.5
478ae7eb-1d68-447e-9a04-05ace309972e,khanifatul aula,https://play-lh.googleusercontent.com/a-/ALV-UjWIHK9J0jOCVz243IIemGsn-1lwFVFORBT1kZOIZS1MGAiv0oFvTQ,"Giliran bisa diunduh, eh gak bisa dibuka 😥",1,2,,2023-12-02 05:09:06,,,
f9ab3c0e-2e8d-45b5-b946-7a54f1af0bd1,anita santoso,https://play-lh.googleusercontent.com/a-/ALV-UjVgPgXqGcBvCD0QftEJNST7awIyqNDj1J3JIWRAYP7H0Hivcus,Olllolllllllllyy,5,0,1.0.6.5.0,2023-12-01 14:08:37,,,1.0.6.5.0
0bc03d5a-8bac-4619-9f22-f1afd362ba15,Rafli Andrean (Andre),https://play-lh.googleusercontent.com/a-/ALV-UjUM68uATLO73vZpXTaoNtyBpsmRUPW2arUgHiAqmCKpPkRtD-Ym,Fd 3 klo menunggu lama di atas jam setengah 7 malam,1,0,1.0.6.6.5,2023-11-30 19:42:32,,,1.0.6.6.5
bc165a79-b5d4-42b4-b0b2-be5d9c113720,dezy zahrotul,https://play-lh.googleusercontent.com/a-/ALV-UjVrvOycvRSzTo2HPSLQZOREiEElNHx6y9szaBkw3BGvu0sARCd6,Sekarang sudah bagus banget aplikasinya. Good job,5,2,1.0.6.6.5,2023-11-30 11:56:26,,,1.0.6.6.5
9fda7e4b-f93a-4d81-80b8-e20274a3d5ec,DEDIK IRAWAN (IRAWAN),https://play-lh.googleusercontent.com/a-/ALV-UjWIfj2EsJFo2lMD64zCcs8WUxRnAyu2VmofEe76UyU3uy50am3nag,Gobis pokoknya sempurna....,5,0,1.0.6.6.5,2023-11-29 18:55:28,,,1.0.6.6.5
350ab83d-ce30-4722-9327-52ae9fd56b43,abita nune,https://play-lh.googleusercontent.com/a-/ALV-UjXDvZcQvX3rls8kwtMki_qCBfStLC87truMG09iRReDObRh4dVQ,kadang ada yg suka nge time katanya kecepeten.. nunggu waktu yg pas... eh pas jalan ngebut nguber waktu... dan ww03 agak ugal,1,2,1.0.6.6.5,2023-11-29 17:01:02,,,1.0.6.6.5
8bc56957-5934-47e5-ba1c-f0b8e36197ef,Arjuna Bin Prayitno,https://play-lh.googleusercontent.com/a-/ALV-UjU1anG-gsRx1X01e2FYoiNgbPlNtIjHD2QWnUIZHwkJXE64AD4d,Mantab,5,0,1.0.6.6.5,2023-11-29 12:37:49,,,1.0.6.6.5
bc38b59f-4cc8-45c4-bd89-e4d8bf4c7325,Murdi Raminto,https://play-lh.googleusercontent.com/a/ACg8ocLgTULN407KOZjQMWxIT52mNdEbds28x5VV-DNmtfCIPdFVvQ=mo,Murah dan nyaman,4,0,1.0.6.6.5,2023-11-27 22:17:46,,,1.0.6.6.5
5bd63943-8cc8-4096-ab62-6fd50bf22193,Rachima Al Ariyah Ak,https://play-lh.googleusercontent.com/a/ACg8ocKRD8NgZJl7TeuTCMLEBbn0pBlTlJugfJtEp8HuYbS-5mnmsw=mo,Aman Nyaman Bersih Berkualitas,5,0,1.0.6.6.5,2023-11-27 19:54:59,,,1.0.6.6.5
cd775bd9-ecec-4aba-b46f-077b4de27aab,agus priyantono,https://play-lh.googleusercontent.com/a-/ALV-UjWy4XhbCk3gNm0_mMAFCzNtd5S6RJVNaivbygPE-nfIzMKXoI8,"Bagus, cepat",5,0,1.0.6.6.5,2023-11-27 07:17:08,,,1.0.6.6.5
74198cfd-f016-4d99-9379-451ce3d5af85,Rayhan teguh p,https://play-lh.googleusercontent.com/a-/ALV-UjUOoClyF48gtL8szzH8KyAWmCB2ED6I-_65Vj5UYkHRYbY0reqZ,Maaf aku sudah di lewati 3 feader saat di halte,1,0,1.0.6.6.5,2023-11-22 16:57:17,,,1.0.6.6.5
358fd873-c33f-485b-903a-d2e809ce0a54,Bashori Alwi,https://play-lh.googleusercontent.com/a/ACg8ocLWA9bo5QFvXvQ4SK_7KIH37QLJHGcx3A23TBejKClpCYohPQ=mo,Sangat menyenangkan kita bisa bersama dalam menjalankan kegiatan dengan berkelompok,5,1,1.0.6.6.5,2023-11-21 19:43:51,,,1.0.6.6.5
533f66ba-abfa-40ae-85eb-9939d5bd5293,Imas Andi Setiawan,https://play-lh.googleusercontent.com/a-/ALV-UjWQOU0RJWBba5wtT-X7ETZtGx_QwgTQ1ZtGdDtzL2pb2DBE4o2nBQ,Mantap,5,0,1.0.6.6.5,2023-11-19 19:05:16,,,1.0.6.6.5
6958452e-beba-49f4-b59b-7dfaf04f1532,sugeng waluyo,https://play-lh.googleusercontent.com/a/ACg8ocKSeS3yBgiOxgDZrUpK-cbAkStwXsimASvcmVhzPlJyoKOSpw=mo,Lagi nyari rute benowo ke galaxy mall,5,0,1.0.6.6.5,2023-11-17 20:11:36,,,1.0.6.6.5
ee5f461a-9a03-4c34-9e75-a1ec1032c304,Titik Tiewie,https://play-lh.googleusercontent.com/a-/ALV-UjX9VntbBcAt7hTIzh3KDdz1QkMbMEmzdlZbhDrROVorNZ1Yg3s,Transportasinya aman dan nyaman banget deh. Selain dapat mengurangi polusi juga pas banget buat kalian yg ingin kemana2 tanpa harus capek berkendara. Ayo gunakan transportasi publik dan pastikan jangan lupa sing penting full senyum smuanya🤗,5,22,1.0.6.6.5,2023-11-16 19:11:54,,,1.0.6.6.5
d76c2e79-2d2e-4241-95f7-fe47910218f8,Made Prawira,https://play-lh.googleusercontent.com/a-/ALV-UjV7R7CtoZ9K1PR1DkrI2nQkTsNE9wMK_ZW5ucD6jbuHAmbFugq8,Tolong di tambah lagi halte nya di daerah Kedung Klinter 1 dong masa mau naik jurusan Tunjungan - Benowo harus ke halte Kedungdoro atau Embong Malang dulu,3,0,1.0.6.6.5,2023-11-14 17:16:31,,,1.0.6.6.5
6b73d6c2-c6d0-44cb-8fc8-f9317cc3369d,FATHURROCHMAN AL AZIZ,https://play-lh.googleusercontent.com/a-/ALV-UjWilt8qsNzSh4UGSQ6XzEUGoAevQoscbp32ELfGA1WzCwhxmhTw,Suka banget buat monitor perjalanan bus udah sampai mana.,5,0,,2023-11-12 18:45:54,,,
3590462f-598c-48cc-a57b-d919ba7d403b,Zaki Musthofa,https://play-lh.googleusercontent.com/a/ACg8ocIqjw4wGdYocNWkVAnl7RDP8h6eZErvHIuQYPtbIkPZa5QtCA=mo,"Peta gk akurat, saya d mana peta di apanya d mana, lumayan jauh loh 2km , aslinya kasih fitur langsung misal saya dr medayu ke untag, nah sistem langsung memberikan kita pakai apa dan transit di mana, dan estimasi kita jalan, transit, biaya itu berapa",1,0,,2023-11-10 18:29:07,,,
f721262f-1cb2-4d2e-943e-06fd0cfede97,Aitu Aida,https://play-lh.googleusercontent.com/a-/ALV-UjUA9Ov3AKAwcUGGR-dQ5ZXZg344OFAgUgJc_ncL4ineaYQ2yvNv,Ok,5,0,1.0.6.6.5,2023-11-08 06:27:42,,,1.0.6.6.5
35df00bc-2807-4891-8730-8e074da051f3,Rizky Fairuz G,https://play-lh.googleusercontent.com/a-/ALV-UjWYRxU8qqnmTgRSbR_6LcZ9fty9H2ODUWSEdNvOscfu8v2w4A-N,"Aplikasinya sering ngebug. Tbtb ga muncul bis sm sekali di hp saya cmn muncul jalur sm halte aja, tp hp lain muncul lengkap tuh.",4,14,1.0.6.6.5,2023-11-07 18:04:25,,,1.0.6.6.5
6aa70a3d-e7bd-4eab-803b-a9d8642323f6,Angger Gusti,https://play-lh.googleusercontent.com/a-/ALV-UjWQA2uTRkK_9gcZcAiyeBOAukYK9Z3NQhlPgea8rg0L_aos48pC,Mohon ditambah pemberhentian di MASJID AGUNG AL AKBAR SURABAYA,4,0,1.0.6.6.5,2023-11-07 09:12:18,,,1.0.6.6.5
0f9645d6-059c-4fc2-968e-01497a977ca0,Ardian Purwanto,https://play-lh.googleusercontent.com/a-/ALV-UjXXXfGDIllsC_5y6z9CfCbmwq_7nQAQtpDSXoAIwCAfFcmU9-g5,"Best layanan transportasi i have ever seen. Para karyawan ramah poll, jan mencerminkan wong jowo seng ramah tamah. Matur suwun sby bus & gobis, Kediri (rumah) ke Sby (kantor) full angkot sampe depan pintu. Terbaik",5,0,1.0.6.6.5,2023-11-05 09:10:48,,,1.0.6.6.5
3a12dc39-4bf8-4adf-a467-10141a344e7f,BrotoSeno _22,https://play-lh.googleusercontent.com/a/ACg8ocJe2hmP3GXDl_jVMiizheXE4Ob5KhSYOkyvJLwokMTRUsN7TA=mo,"Kemarin pas mau pulang dari unesa ke wilangun, ditarif sama kernet perempuan suruh bayar 5000😤, padahal sudah aku kasih KTMS gak mau, maunya bentuk fisik, Padahal biasanya enggak. Ya tak maklumin juga sih soalnya baru naik ke 2x nya. Tapi pas itu aku bareng temen perempuan yang sering pulang katanya baru kali ini harus bentuk fisik😠.",2,1,1.0.6.6.5,2023-11-05 08:05:45,,,1.0.6.6.5
49af0f34-5106-44c9-b1e3-5e1d9ce1a989,Siti Lailatus Sa'adah,https://play-lh.googleusercontent.com/a/ACg8ocKhpNZG9tphmROEr_QkEHKzROxYgMA4StkUeBXHptPH2Grg8A=mo,Aplikasi tidak dapat dibuka ini kenapa ya,2,1,1.0.6.6.5,2023-11-04 08:45:11,,,1.0.6.6.5
79fcb6af-cc9c-41a7-ae05-a3c0765fd326,Azzam Zamara,https://play-lh.googleusercontent.com/a-/ALV-UjW59b87jupcLolk6e2fn9a8DuZKCMuydGJl7bC1__ymO6Y9k_s,Super,5,0,1.0.6.6.5,2023-11-01 12:41:25,,,1.0.6.6.5
689f079c-244f-4680-9c5b-2034705a2a9a,DEWI KOKOK,https://play-lh.googleusercontent.com/a/ACg8ocKpohwWqVU2CNUWpLobpt_e7dc6y1gE-LBfPMUWGdqc6L5XDw=mo,"Gobis sangat cepat memberikan layanan informasi mengenai bus Suroboyo, Wira Wiri dll. Top pokok e",5,0,,2023-10-30 08:46:01,,,
c273e987-0fe6-4d1b-afdb-8b6160887271,hasan didik,https://play-lh.googleusercontent.com/a/ACg8ocIqNLIbaLJajZAWRY9bUwvLhaVZtgu0AflgFAGP9OCMTJslzQ=mo,Sangat baik dan sangat membantu dalam merencanakan perjslan,5,1,1.0.6.6.5,2023-10-30 05:34:26,,,1.0.6.6.5
1ffdc769-6aea-4b03-802a-e718d96a7fd6,kristianti 67,https://play-lh.googleusercontent.com/a/ACg8ocJfZhCw5snJJfkBe5_u31HoBxzVkYu9SIhQ_iWsDWCkXZ7sbg=mo,Sangat terbantu dgn adanya go bis,5,0,1.0.5.4,2023-10-28 10:04:05,,,1.0.5.4
70b88cf1-7140-4d28-b463-392ffc4ae206,Ana asiana,https://play-lh.googleusercontent.com/a/ACg8ocJ6Kpe5PoHhb0HATzIS-59PwLNLazrsKEHjiQxDEOEoOEAK7A=mo,Nyaman dan petugas sangat ramah,5,0,1.0.6.6.5,2023-10-28 08:46:35,,,1.0.6.6.5
8794789f-e809-4526-a6a7-fa31ec304fc0,Erwin 549,https://play-lh.googleusercontent.com/a/ACg8ocJQPjBO54wAy0ZunnD6_ekK9o7yeTT74omubWcUxIthSutWAg=mo,Setelah diupdate versi baru kenapa Aplikasi GOBIS tidak bisa dibuka.,3,2,1.0.6.5.0,2023-10-26 09:20:53,,,1.0.6.5.0
e9f8a9cf-5fc6-44f3-810b-d102ab311843,Eka Nana,https://play-lh.googleusercontent.com/a/ACg8ocKVcvYI6jloWog4qWlX4L9oT2ukDrOPU0y4Lq7zNk0cBkd4PA=mo,Bagus,5,0,1.0.6.5.1,2023-10-24 20:19:07,,,1.0.6.5.1
1927f0dd-0e49-40d6-bf6f-06e4d78d2e57,Rayssa Icha,https://play-lh.googleusercontent.com/a-/ALV-UjXILmV-TLid9NFw7VmpD2QABt6om36zFEbAPt_eNcYjMykZFxI,Alhamdulillah sangat memudahkan bagi para mahasiswa ketika pulang pergi kuliah,5,0,1.0.6.6.1,2023-10-22 19:15:10,,,1.0.6.6.1
1935f586-9ce0-4426-9a90-923b552bc30d,Ardhan Febriansyah,https://play-lh.googleusercontent.com/a-/ALV-UjXfyBAgyF5cRWDV04pLBMVHlPjomW10KgvLfFDvlsCOB0FCtHPx,"Cukup membantu untuk mengetahui posisi bus, jadwal bus, dan okupansi bus.",4,0,1.0.6.6.1,2023-10-17 13:29:20,,,1.0.6.6.1
845ec28a-3c53-4566-9523-ec24d9f7ee9c,Radiant,https://play-lh.googleusercontent.com/a-/ALV-UjW2tT4ADHh_ea_AOsC4R-YYdLVZSVUFkBUlts8wRc6bHk0HRJA,"jujur ada senangnya ada kecewanya, tapi hari ini beneran kecewa berat siih, menunggu bis dari jam set6 pagi sampai jam set7 lewat padahal Bus ada di terminal. Padahal transposinya bagus. Mohon untuk Dishub diperbaiki lagi Terimakasih.",2,14,1.0.6.6.1,2023-10-13 06:33:51,,,1.0.6.6.1
896e309a-8495-4646-ac11-b469d18a007d,azhar adriansyah,https://play-lh.googleusercontent.com/a-/ALV-UjXOBwhW3zfJBHPci9F2TIdjSyVxWxJar04djjUTFeW5IqiDkjdp,Tolong kalo bisa hire tim UI/UX jujur tampilannya jelek sekali. Seperti dibikin sekenanya. Bisa studi banding sama apps Jaklingo.,2,25,1.0.6.5.1,2023-10-04 18:20:06,,,1.0.6.5.1
66fc55de-9687-412a-b3a2-f8aa5bdfdd1f,akam pandegasurabaya,https://play-lh.googleusercontent.com/a/ACg8ocJ8BuJaGUOjmY2hIOjqOmzinAVcdKmh9MbAvMOp3XAUWZZFkA=mo,aplikasi kelar diupdate sering log out sendiri. balikin ke type lama sebelum update bisa apa ngga ya. maklum dipakai anak2 utk ke sekolah.,5,1,1.0.5.3,2023-10-02 23:25:57,,,1.0.5.3
b0711ab8-618d-4f2e-9901-cff830ddada5,Valencia1807,https://play-lh.googleusercontent.com/a/ACg8ocJc1uQGiNmrJF7iXyZJ3gF5UbMyAsGTQPljzAUzqpbjGkVvfck=mo,Aplikasi apa seh ini. Ga guna Wira wiri ga Isa diklik. Jadwal ga ada. Kudu ke google. Di google juga jadwalnya jadwal palsu. Bus ya gitu ga guna. Cuma Isa liat letaknya doang. Jadwal ga ada. Fungsinya ada aplikasi ini itu apa. mau kemana ajah ga ada ancernya. Cuma ngeliat lokasi doang. Sama ajah palsu. Salah ga ada notif di halte ini kapan Dateng. Wira wiri selanjutnya bisa dinaikin apa nggak. Aku nungguin sejam di halte bus. Ini malah Wira wiri ya ga lewat lagi. Minimal ada tulisan ga trima lg,1,1,1.0.5.8,2023-09-28 18:21:42,,,1.0.5.8
3d8b0ea2-84b6-4309-9df8-4c478f699595,Anita Intan,https://play-lh.googleusercontent.com/a/ACg8ocLNwtxmJAflE6x7aO7Btz-CuVvnQ-R5WOqbfSv8LaFn6ih4UQ=mo,Perbaikin dong gl bisa daftar member nihhh nge stak di foto terus nge bug,2,1,1.0.6.5.0,2023-09-25 11:53:26,,,1.0.6.5.0
a81dd601-e9ab-43a1-abf8-a065c105f4e1,Michelle Theorissa,https://play-lh.googleusercontent.com/a-/ALV-UjW7EW0nQ4A6wqpYmu0nEuAxSvH4eX3FOxRZ6jO3_GGsY0YRaC0cHA,"saranku sih, mungkin aplikasinya dikasih fitur kalau mau kemana kasih rute bis apa saja, soalnya jujur , bingung gimana caranya",4,2,1.0.6.0.1,2023-09-21 10:01:27,,,1.0.6.0.1
f3f429c0-18b2-41ec-8af8-0e8956f43980,taaa syaaa,https://play-lh.googleusercontent.com/a/ACg8ocJSIdVbqe1XxjgwKfW9pGYdcN3iMJot4_7d-ZNoKnb73jkcNw=mo,Trimakasih Surabaya bis sayakerja kerja gak pernah terlambat dgn adanya surarabaya bus.makasih Suroboyo bis👃,5,0,1.0.5.9,2023-09-18 09:55:10,,,1.0.5.9
cc795f2f-bcb5-471e-aded-6a9465ed269a,Dewa Fatwa,https://play-lh.googleusercontent.com/a-/ALV-UjWPaWF3dUH14bUeHnKxYhN_8AGA0CS2RJxZAlec2rU6O178EsUycg,"Semoga selalu ditingkatkan aplikasinya, dan segera launching di AppStore",5,0,1.0.5.9,2023-09-16 01:19:47,,,1.0.5.9
74379bd4-61ef-409e-9843-0804af1b6d83,Toetik Heri,https://play-lh.googleusercontent.com/a/ACg8ocJMghHQZ-o5t1OZdItH9Tri3v5RWik61JYSIQGuFKOgIalixw=mo,"Alhamdulillah, merasa dimudahkan, nyaman, aman ketika mobilitas di surabaya",5,1,1.0.5.9,2023-09-15 14:26:53,,,1.0.5.9
6344e6f4-729f-4f95-a411-0181bbff7cde,Badrus Sholeh,https://play-lh.googleusercontent.com/a/ACg8ocLERX_phRhy2hK8l2uN4Pk16P37Nw22vfB8X5k1Y6KRV_RFbQ=mo,"Ada yg kurang, untuk kapasitas yang tertera pada unit kadang tidak sesuai. Terutama pada Wira wiri Mohon di perbaiki 🙏🙏 terimakasih",4,1,1.0.5.9,2023-09-13 07:06:23,,,1.0.5.9
fc783688-bfb2-476e-a1c7-aafe960a16bc,Ahmad Hafid,https://play-lh.googleusercontent.com/a-/ALV-UjXdsCEx71UB5ammhG6uAXkKLrHsem9gINak3YFzY9KZlYFZkXUk,Haltenya terlalu jauh pak @dishubsurabaya,5,0,1.0.5.9,2023-09-10 19:36:45,,,1.0.5.9
4b45988e-cba0-45fc-88a5-dc16b05a5af6,Gerry Ardian,https://play-lh.googleusercontent.com/a-/ALV-UjX4YOg-ZJQU06kgVB2EFQwKYd4I2crLOBRy9Y2VTv0IULBlB7OK,"WW05 tidak ramah dalam berhenti distop mereka bilangnya berhenti dibawah halte padahal 2 feeder sebelumnya kelihatan dan bilang mohon maaf penuh, tapi feeder ww05 malah memarah marahi kami dan kami sudah berdiri 30 menit kepanasan. Apakah soprinya tidak kelihatan, mohon untuk SDM di didik agar ramah.",1,3,1.0.5.9,2023-09-10 11:36:42,,,1.0.5.9
d54891d8-4ddf-45dd-a40c-8a530ba95ac2,Heni Nur H.,https://play-lh.googleusercontent.com/a-/ALV-UjVXM4g5puMg4g-0d15iKr7hgRfU4bH1ZMhdudMqpDS271W108sP,bagus,5,0,,2023-09-01 17:58:52,,,
9a4cc7c5-12f3-408b-8dd2-ea7f723e8015,Muh. Alwi Musyafa',https://play-lh.googleusercontent.com/a-/ALV-UjVXSci9bc3hymNJBQKYHej47wXZD8zEKATGZgc7ZPzbbguZLw,"Sudah bagus, alangkah baiknya jika dalam aplikasi ditambahkan fitur informasi untuk pengguna yang akan menuju ke suatu lokasi tujuan harus naik transportasi umum apa saja. Jadi pengguna tinggal memasukkan titik awal dan lokasi tujuan sebagaimana yang ada di google maps, kemudian akan menampilkan rute bus/wirawiri apa saja yang melewati tujuan tersebut. Jadi pengguna tidak akan kebingungan untuk transit dan berpindah transportasi umum lain.",4,61,1.0.5.9,2023-08-30 13:47:32,,,1.0.5.9
60905332-f98f-4ba1-a83e-16291554fe09,reyhan taqy,https://play-lh.googleusercontent.com/a-/ALV-UjVAFqJrEC4gBYLcLz-KAA9aNlABeQ9tNYGZMlEczdVxtZhTZ0kG,"Aplikasi super, tapi sepertinya perlu update rute",5,0,,2023-08-29 08:48:39,,,
8bf968ee-9707-47a2-80af-7ec28881a206,bobi bianto,https://play-lh.googleusercontent.com/a-/ALV-UjV-MuR2PIJ--k1JQ6opyGft3abzPj22G8qTcxC2spTr3AcrU9AZMg,Mau download Wira Wiri gmn,5,0,1.0.5.9,2023-08-25 11:03:58,,,1.0.5.9
772698f5-24ee-43cd-8356-bf66b92061b2,Teh Nurul,https://play-lh.googleusercontent.com/a-/ALV-UjVBv_iPhy8M1m7mMa4Q_UTSSNavIHHUmcbzRMvTOm77UXixffrQ,"Pg td anak saya berangkat sekolah dr terminal Bratang dg wira wiri FD07 minta diturunkan di genteng Krn sekolah di daerah sana, ktnya g ada, trus dinaikkan Wira Wiri lg dan diturunkan di Pandegiling 😥. Padahal mg kmrn ktk naik dr Bratang dg tujuan yg sama nyampe sekolah. Bingung dia. Knp berbeda rutenya?",3,0,1.0.5.9,2023-08-23 10:24:21,,,1.0.5.9
ae53651b-c971-441e-8b65-5002da811c79,miftahul fitria,https://play-lh.googleusercontent.com/a-/ALV-UjU5Bxh-Evrmr423qveBFaiWK89F05Z7P3L34iyECejeyak5zXDpyA,"Saya sangat terbantu dengan adanya suroboyo bus ini, transportasi yang aman dan nyaman untuk berangkat / pulang kerja. Terima kasih suroboyo bus !",5,0,,2023-08-22 17:06:54,,,
4f4f4225-dc58-438a-89e4-6b49a56fae99,hendrik sternfeuer,https://play-lh.googleusercontent.com/a-/ALV-UjU0QXT3mZZGY7JxATKnSL9DayRvi8OtAsadQJeVvv7vt3l9CQU5Cg,Brguna bgt bagi pengguna transum di Sby,5,0,1.0.5.9,2023-08-22 13:38:35,,,1.0.5.9
932f4f11-25bc-4d46-b43f-4cb84034d130,Kevin Vegard,https://play-lh.googleusercontent.com/a-/ALV-UjVu_O08bmpo-4zhbDFt0Vi4xOUOV7SZhwheO-zBViJhgo9N-AwA,Yang saya suka di aplikasi ini adalah wirawiri dan trans jatim gabung jadi satu di aplikasi ini. Jadi saya gak perlu repot buat ngecek di aplikasinya trans jatim. Karena update 1.0.5.9 saya jadi gampang untuk melihat jadwal terbaru Suroboyo Bus/WiraWiri/Trans Jatim.,5,20,1.0.5.9,2023-08-20 17:29:32,,,1.0.5.9
e2047252-23fc-498e-8703-f86949edad69,Fachri Adetya,https://play-lh.googleusercontent.com/a-/ALV-UjUO1AJJdMA9LE6WDZaTJ5PxQiYXHTIbS2km4aJpnq27Hu-7aa9V,"Mohon tambahkan armada Wirawiri rute Mayjend balai kota,karena saya menunggu agak lama",5,1,1.0.5.8,2023-08-12 17:41:47,,,1.0.5.8
894763a1-3180-4ba7-96fb-5cb6bf2e1c56,anto dedi,https://play-lh.googleusercontent.com/a/ACg8ocI3C63Az8wLzJfgNo7N9QR-TDGKHoWTfHg7toolAjKi2OUPfw=mo,Bagus,5,0,,2023-08-07 16:37:20,,,
1f4a73be-bd46-4c0c-9203-d5835265cc37,Herdiyana,https://play-lh.googleusercontent.com/a/ACg8ocIo2iFWIUiEQBsRLXSoQnY-xAjxwgarTjAiJTWmqJprR-pLIg=mo,Lpl.,5,0,1.0.5.7,2023-08-03 16:07:20,,,1.0.5.7
af9ad288-1dc9-456b-843c-8cfb90ba8287,Mochtarif Shocab,https://play-lh.googleusercontent.com/a/ACg8ocLagBt2irAJUI-CBswZW71KaQRQOa9KT0nD7sIGWEVzEfZreg=mo,Mantaap,5,0,,2023-07-31 12:23:21,,,
563455df-2f1f-4906-9a88-c8a2945dea71,Andi Priyo Nugroho,https://play-lh.googleusercontent.com/a/ACg8ocLtRTPzz4T_Yo5yt7CEyeUkm_Datc9pEpn91KEFfhEVMcqf=mo,"Bagus, tapi kenapa suroboyo bus koridor gununganyar - kenpark, unesa - laguna tidak bisa di tracking, jadi kita tidak bisa pantau update posisinya.",4,23,1.0.5.8,2023-07-31 10:11:20,,,1.0.5.8
252d9339-4625-438f-8448-2c5e285644ef,Love Live Sido Sura,https://play-lh.googleusercontent.com/a-/ALV-UjWg81yKsKTy37SV5Bn-RRRN1x3909kxItdVlxXutLVvYK7AU2q0,Mau bertanya kenapa rute dari Kenjeran ke Wonokromo tidak ada di list ya?,3,0,1.0.5.7,2023-07-28 09:25:32,,,1.0.5.7
5d4fa647-0e4f-44e4-9311-f59ae25dd7ea,Prillia Vip,https://play-lh.googleusercontent.com/a-/ALV-UjV1pdHM3678tIsgEgEO5z4Zawd-Usb56lQwzyzDWBBdxTVyktQ,"Sangat membantu sih,, tapi jalur ke kenjeran - gunung anyar kok gk da diaplikasi?? Tpi pernah liat bus arah situ?? Apa beda aplikasi bwt liat jalur bis itu?!",3,0,,2023-07-26 06:42:42,,,
e2cd94f3-9b08-4af2-8c26-04bd21dd691a,Ardie Pandu,https://play-lh.googleusercontent.com/a-/ALV-UjXSX-HjX6LmLBT8BrSz-XXT59ahPCrZ0DXO04plf8baGIWEq0g2,"Jadwal keberangkatan bis kacau, contoh 26 Juli naik SB12 jadwal 6.10 dari bungur terlambat 6.16 baru berangkat, membuat perjalanan kerja terlambat datang ke kantor. Tapi kadang maju 6.05 sudah berangkat, jadi kita ikut bis selanjutnya 6.20. Kondisi bus nyaman, paling kerusakan pada hidrolik pintu susah tutup, jumlah kursi sedikit, tombol stop rusak, AC kalau siang panas",3,0,,2023-07-26 06:17:44,,,
ff457f9c-aae2-43fd-b64f-74d519a7fa4e,Agung Handani,https://play-lh.googleusercontent.com/a/ACg8ocLSlD9AsIEMl0lqm3ypOHv4eQlNGhMsmak1LMQuJFA84uIRdA=mo,Sangat berguna buat warga surabaya,5,0,1.0.5.7,2023-07-22 17:22:32,,,1.0.5.7
bc917bb9-ee0d-4576-895e-476af2d748ee,Hariyanto Yuska,https://play-lh.googleusercontent.com/a-/ALV-UjWp-GCvXz2oTDWNKBxOxT3vyn298zd_1wW76_i-toWiCbODC-7OXQ,bagus dan bermanfaat,5,0,,2023-07-20 06:43:25,,,
60d0fe41-0a6a-4fcd-bc78-fde67cc098bb,Sulach sono,https://play-lh.googleusercontent.com/a-/ALV-UjWASs8CLe31B2dG8RGOZdOi7SWsHEqFuL5AYs1ot1MluYO5K6EO,G isa d buka d Vivo V5Lite,1,0,1.0.5.6,2023-07-18 22:07:08,,,1.0.5.6
a461ed37-74bd-4b3c-9d60-f5935b65b192,aditya ferky,https://play-lh.googleusercontent.com/a-/ALV-UjW8V40SCKN2PfQ8OTVt6zve2KMgPbL5q5cwTIAGvZ_R-OWd5b_fPA,"Tidak Update , Rute Unesa - ITS tidak muncul",1,0,,2023-07-17 06:14:56,,,
1cb95b32-08f2-4538-9c0b-50ec073cc858,Muslimah Pencerah,https://play-lh.googleusercontent.com/a/ACg8ocK5koL7D8AsK6Lfdvq3ozDyrXcMjhSms3n6IeSkwN1IZ1cWdQ=mo,"Semoga aplikasinya nanti dilengkapi dengan info halte terdekat dan pilihan tujuan.. jadi bisa sama atau lebih mudah penggunaannya dari apk ojol yaa.. Jujur saya masih kesulitan dgn apk ini, sayang kan klo bus2 yg bagus2 itu tdk dimanfaatkan optimal.. semoga sarannya bisa diterimaa 😊",2,0,,2023-07-16 10:44:08,,,
d08559a0-5954-4826-9a1d-7c75a94987f1,Mardijanto Aspar,https://play-lh.googleusercontent.com/a/ACg8ocKjqtBq7LfBQ-J3dJDpJ_7gp4xuOU4GnfWVFF6fDql6ggERng=mo,"Alhamdulilah atas kepedu Cak Erik selaku Walikota Surabaya terhadap masyarakat Surabaya menyediakan angkutan umum dengan biaya terjangkau,kami sudah sering naik wirawiri dari Benowo ke Tunjungan ke Bungurasih, dan yang perlu saya informasikan ke Cak Erik untuk pemberhentian menurunkan/menaikan penumpang : Jaraknya terlalu jauh dan tidak ada tempat duduk,atap, kare na kalo musim hujan penum pang menunggu angkot wira wira kepanasan dan kehujan an.",5,1,1.0.5.5,2023-07-16 06:17:11,,,1.0.5.5
da6f0ae1-3485-4581-baa0-695c78e1ef04,Mari Belajar,https://play-lh.googleusercontent.com/a/ACg8ocIGbN-2MEe55wVeXbezICPvtHcdbZoIosYoPco8uID973gciQ=mo,Wes bener bener rute TIJ - TOW malah diganti UNESA - TOW Longor poll Poleh ga enak numpak wira wiri sumpek,1,0,1.0.5.5,2023-07-14 18:13:47,,,1.0.5.5
2f386a90-66e9-42be-8374-fcfbb666ca04,Windu Kurinasari,https://play-lh.googleusercontent.com/a/ACg8ocKxisIAarEeJJSdqhLkUCZ25V1VGPXB91L8LLY7jSw3dP5TGw=mo,"I'M REALLY TO LOVE ""SUROBOYO BUS"", Because THE BEST",5,0,1.0.5.4,2023-07-12 20:47:30,,,1.0.5.4
e9d66c3c-ddfc-4933-b7d5-171ce454655a,Saiful Ansori,https://play-lh.googleusercontent.com/a-/ALV-UjWBiOPmJLGvqdT_pA6ZY-5Ec7fsS6NqsDqiKTq08uRN4JMXdGgd,Siplah,3,0,1.0.5.5,2023-07-12 16:49:16,,,1.0.5.5
bfcad265-172d-4152-91f0-17de215f9d9b,fauzaan2,https://play-lh.googleusercontent.com/a-/ALV-UjXZchT8OAExNDDGxMEEMvlSjS4K9MTOqtQydwepFbjo1TVRWzCC,Siip,5,0,1.0.5.4,2023-07-11 16:29:49,,,1.0.5.4
6bded91a-3e3f-4446-ae71-2074bb122f48,Septiana Kalista,https://play-lh.googleusercontent.com/a-/ALV-UjW4H_oHIngu7M7TgPZ1xCxO3Zh8cMoB5BxsiJ3qeKMUz1HYdbs,Baik,5,0,1.0.5.4,2023-07-11 07:24:58,,,1.0.5.4
4db52b22-362d-47ea-adbb-84243b751a08,Akun Game,https://play-lh.googleusercontent.com/a/ACg8ocIAeP9j76rnhMfI743uWLiS8LF85Y0oDb7Lh8OUflu7Ae3-cw=mo,Update nya di percepat tentang penambahan rute tow Unesa,3,0,,2023-07-10 16:52:43,,,
242d1da0-7c71-4f19-aee4-f5af8541f23a,Dicky Sabujah (Jak Mania Depok),https://play-lh.googleusercontent.com/a-/ALV-UjVS7eN39oWhtBjboj8NvECne1vY8Zjhflnc-L5yLuEPORPAtrM,aplikasinye Bagus sangat membantu ane yg dri Luar Surabaya ( Ane dari Jakarta ) dan baru pertama kali ke Surabaya & Saya salut drivernya semua juga ramah2 dan membantu memberihkan arahan jalan,5,0,,2023-07-10 09:15:20,,,
61057381-23a2-4229-b423-3173a3467a52,Edi Wantoro,https://play-lh.googleusercontent.com/a-/ALV-UjXBL3yBcRzSSCrTAZchEFBLZMwQxrcv-ADcPIHQCU7azUhIBgGzIQ,Memuaskan dan Sangat membantu,5,0,1.0.5.4,2023-07-10 06:02:52,,,1.0.5.4
0f9798e6-a282-4e08-a0a2-677e9814caba,Udi Widodo,https://play-lh.googleusercontent.com/a/ACg8ocKZo7tX-TwG_qi0kxulQuMugRZhiQQwDN8Vam6UHMYY3c7r-g=mo,Top scorer,5,0,1.0.5.4,2023-07-10 04:41:32,,,1.0.5.4
dde2677e-1280-43a1-aa6b-1bf23ed93ff2,Berty Septiyana,https://play-lh.googleusercontent.com/a-/ALV-UjX9-W88fTkG_3-rH7xi3lSXyaD_AQ4xVaxvr0jkGZxaH1Axhe4C,Kook ii,2,0,1.0.5.4,2023-07-05 12:15:38,,,1.0.5.4
0bb80361-6227-46a1-a828-e3054596ecb2,Sri rahayu Jaya abadi,https://play-lh.googleusercontent.com/a-/ALV-UjUU0ADb3a1DfmV3HJvwu6omZVCNZqd_W8d7lr1y2rRZaU0sU2__Jw,"Nyaman, pegawenya ramah",5,0,1.0.5.4,2023-07-04 12:29:18,,,1.0.5.4
4590d55f-15dd-4594-80a1-84677fe76151,endin prasetiawan,https://play-lh.googleusercontent.com/a-/ALV-UjWJp7xprW-QATi3Qj7sUvDdXaWU3flRzm-m1ukazdWnCzHEqw8,Sangat membantu top surabaya,5,0,1.0.5.4,2023-07-03 12:20:03,,,1.0.5.4
2a15e214-baf4-48de-8b81-2351a3f3ccec,Dodik Hariono (Hariono),https://play-lh.googleusercontent.com/a/ACg8ocKJK9mPs-io6Yg75iIL0DdsKqWsLE7MZAxH-xEPE5Va-TXMn9I=mo,"aplikasi ga jelas, manfaatnya dimana?",1,0,1.0.5.4,2023-07-02 13:32:52,,,1.0.5.4
7b4fc16d-a56f-4d5f-a1b5-5d74469c7282,Chintya Putri,https://play-lh.googleusercontent.com/a/ACg8ocJKQwdbIX_sBDwgevk-Rjb1rWb75kkNpiLs6If4Rckkgv24Tg=mo,Bisa melihat dri mna bis tayo suroboyo,5,0,,2023-06-30 18:38:17,,,
dfc67724-df16-4abe-b34d-f2d4a71311ed,Muhammad Rizky Hadi.S,https://play-lh.googleusercontent.com/a-/ALV-UjVQQfOJRRRjTPaOkLvoRVBug4mnfFCKRajIxdysji0zGU2rWxQ,"Tampilan aplikasinya mohon diperbaiki,,biar lebih fresh dan mudah buat penggunanya",2,4,1.0.5.4,2023-06-20 22:40:30,,,1.0.5.4
734ab987-7130-468c-9b9d-ea707f30d578,Bangkit Mentalist,https://play-lh.googleusercontent.com/a-/ALV-UjWIgx_RL-bN1-Yebv15ubPij33izZQJTkYlOO8BQabFrMhGQ2Sq,"Aplikasi angkutan umum terbaik, sangat membantu dalam memenuhi kebutuhan warga Surabaya dan sekitarnya.",5,2,1.0.5.4,2023-06-20 12:54:58,,,1.0.5.4
1e2abf79-a2e4-43f1-8171-1c840af28200,moly moly,https://play-lh.googleusercontent.com/a/ACg8ocIxFlcFVfQIE9XN8txqHOkkOALULzm55pFHTEjZRTSTpnJ4iA=mo,"Jadwal tidak sesuai, bus tidak berhenti di halte langsung lewat begitu saja",1,0,,2023-06-18 18:57:31,,,
c36ff6f2-2407-4b8c-b7e8-c3625f2c3554,samsul huda,https://play-lh.googleusercontent.com/a-/ALV-UjWexRHXDtCuLKqtpwAv3G86T1LHWwv-3sbCWMg3hxdnCvY6x4Of,Top,5,0,1.0.5.4,2023-06-12 07:19:49,,,1.0.5.4
e87f6803-06a3-4004-a360-98623dcff95d,Fandy Khrisna lazuardi,https://play-lh.googleusercontent.com/a-/ALV-UjX4-1nsEs9-Yyqnx5TtN14MSpR--l-2BFxddHvVGeRLFXyzHhg,"Bagus sih, tapi ya sering dapet supirnya galak, kapan hari naik bus dapet supir rada galak, ngomongnya ngegas. Harusnya yg gak tau di kasih tau dengan baik, bukannya malah ngegas!! Mohon ditindak lagi lah",3,2,1.0.5.3,2023-06-08 21:07:11,,,1.0.5.3
d3e8d6a1-0840-4ce1-8271-a3fb52bb864c,U G,https://play-lh.googleusercontent.com/a-/ALV-UjVByquDCYNK7nBSeD6GdMSnSGk6ho18JREGMwvgOKVWlaJoluo3,"AC kurang dingin mengingat bnyk penumpang, mohon di perhatikan ntk kenyamanan para penumpang",3,1,1.0.5.4,2023-06-07 10:25:37,,,1.0.5.4
ec353887-75ae-4dee-82c5-915166132bde,Aster Nawang Palupi,https://play-lh.googleusercontent.com/a-/ALV-UjXE9UgTTSF_BtNx5PI2Go7YvT0uqFrK4HzOJ4DhV1h3DUwF4pGe,Bagus,5,0,1.0.4.9,2023-06-05 11:37:54,,,1.0.4.9
a07a4bb8-0829-4592-aeb4-2f893a795ac7,Krisna,https://play-lh.googleusercontent.com/a/ACg8ocLUx82c5123p-DVOoLCmTjE8gCNdo1fpPTsfgwxr-3KER_5AQ=mo,Untuk Rute wira wiri rute terlalu dekat jadi kalau mau ke kecamatan lain harus oper dan jalan agak jauh untuk ke rute selanjutnya,4,0,,2023-06-01 09:45:54,,,
b2d9691b-eb15-4551-9795-daa0cc51d987,nabila rahmah,https://play-lh.googleusercontent.com/a/ACg8ocKvSvgqlM4iFUeGmq1swizIh8IxZwg2DpApySF5G8jeK8Yyjg=mo,Sekarang gak ada rute merr,1,0,1.0.5.4,2023-05-29 09:53:33,,,1.0.5.4
2f8a4cbc-4431-4294-91ac-e1ea18353595,Lilik Indrawati,https://play-lh.googleusercontent.com/a/ACg8ocJiRh-jN_bMWsORxIDrjdxp3H23x2Y2SDryszfnysXODJLvGQ=mo,knp d hp saya setelah terinstal kok g bisa d buka aplikasinya,1,0,1.0.5.4,2023-05-29 04:24:04,,,1.0.5.4
50e251ca-a882-435f-a398-6a717b9f2874,Novita shanum,https://play-lh.googleusercontent.com/a/ACg8ocIq0-dI4BcubRiXoGyA23XkLO8UdKAZVmJ_wXvQgtacjx7y4Q=mo,"Tidak bs ditracking suroboyo bus nya..loading terus min..mungkin bs 
diperbaiki ya",5,0,1.0.5.4,2023-05-28 13:58:36,,,1.0.5.4
477d2da6-8e83-4529-bf9c-81fb206b7667,Krisna Yudha,https://play-lh.googleusercontent.com/a-/ALV-UjWimUJDm2M0pYJi5LBh2LM9jVFkFOtT_V8LvbiQ0o5v1g7QkbaG,Tidak seperti awal peluncuran. Sekarang AC Bus tidak dingin dan berasa sauna. Dan usul jam layanan diperpanjang sampe jam 22.00 malam. Dikarenakan pekerja dipusat perbelanjaan baru tutup jam 22.00 malam. Kemudian diapp antarmuka ditambahi menu jadwal keberangkatan,1,3,1.0.5.3,2023-05-27 09:07:25,,,1.0.5.3
46a83236-f4a3-42ae-b1fc-f904a24bb0b1,dr kabel (One Stop Online Video),https://play-lh.googleusercontent.com/a-/ALV-UjUdeuz2FAdIsw3yn3hPIdUO-1Slx0sp6WKPZpH88ZavNxch9Dad4w,tolong pengumuman yang muncul terus menerus dilayar menerus sangat membosankan,3,3,1.0.5.3,2023-05-26 08:55:44,,,1.0.5.3
81adad77-e293-4f82-80dc-6612697af7b4,NiaNiuNeo,https://play-lh.googleusercontent.com/a-/ALV-UjX7a8y6ZO6Y6dcvx101xl9GZ_3wL5h50sh9t4NDQnro0VxW5-fJGg,Setelah berpuluh taun gak pernah naik fasum akhirnya nyobain karena kepo banget hahahaaha enak adeemmm nyaman cuma g nyamanya dr penumpang lain aja yg terlalu berisik berasa naik kendaraan pribadi ☺☺☺,5,2,1.0.5.3,2023-05-26 07:06:02,,,1.0.5.3
6966a9a5-82c4-4c8a-84f1-777f417aa532,ozi dharma,https://play-lh.googleusercontent.com/a-/ALV-UjXxvOiVV21mNZS5dnpLP_XfJm_dykJclXXFGShR2WsMTKgqIyZF,"3x pengalaman aku naik ini di terminal bungurasih, tgl 26 2023 pkl.06:15.wib saya lari2 dan mau masuk ke bis tapi langsung di tutup, padahal kursi masih ada yang kosong, giliran penumpang cewek langsung di buka in pintu... mohon maaf ini bus khusus cewek apa untuk semua gender???",1,1,1.0.5.2,2023-05-26 06:32:04,,,1.0.5.2
608711d1-ca87-4924-bcdf-3a65c8fb3014,Eny Asfiah,https://play-lh.googleusercontent.com/a/ACg8ocJ6C3GQz7vaV-DF7Qj0fgws1hwjvrEvBNG-j4AadatqzJB6TA=mo,Top bus,5,0,1.0.5.3,2023-05-25 11:58:06,,,1.0.5.3
14a57ad7-6904-4be8-8d36-8f0c473c87b0,ariek eko triyono,https://play-lh.googleusercontent.com/a-/ALV-UjW5UHhuit55i6WTO3JZIV7FYitMToHXW4shsJEZO6qkkrgwlax7,Suroboyoku bersih dan hijau,5,0,1.0.5.3,2023-05-22 19:18:29,,,1.0.5.3
6c5dfbd8-1e33-447d-befa-ac801c7e6fc1,Su Harnik,https://play-lh.googleusercontent.com/a/ACg8ocJvLVRC4lvnDBIZAuXuCwpz3OqHEsD6pnNolfan5p8Jsa3njA=mo,Saya merasa sangat terbantu dng adanya suroboyo bus dan semanggi suroboyo saya bisa menggunakan transpotasi ini dengan aman dan nyaman Terima kasih atas jasanya!!!!!,5,4,1.0.5.2,2023-05-18 14:03:40,,,1.0.5.2
c86bcfbe-3587-44d2-9f1f-d2125c612d35,R Djoko Basuki,https://play-lh.googleusercontent.com/a/ACg8ocLp82kCakWJV1WzFTyeFwjanCVr82usFEAClr39uaFgfcHj4Q=mo,Saya dari bonbin ke bungurasih gratis tis tiiiss... Karena lansia ... Maturnuwun Gobis,5,0,1.0.5.2,2023-05-16 18:22:33,,,1.0.5.2
ecfe91d1-bfda-42b8-9a94-e8a8489e3c0d,Faskho Nashrulloh,https://play-lh.googleusercontent.com/a-/ALV-UjUclygSkSSZoHFpCw08CAEa5PXQc9L_eQ6voI9Cazcx2w9kfa8,"Klau dihalte RSI selalu dilewati sama ww nya, pdhl mau habis pulang sekolah mau naik tp selalu kelewatan, pdhl sdh ditunggu didepan stop bus",3,0,1.0.5.2,2023-05-15 12:03:54,,,1.0.5.2
9463395b-360e-46f7-8fab-59f9adec8b5d,Adji Nugroho,https://play-lh.googleusercontent.com/a-/ALV-UjWvitnEuCewUWds8UZYpvuhe5GmyXKgquRqgCumK_dcULidEvA,Nyaman,5,0,1.0.5.2,2023-05-14 01:02:41,,,1.0.5.2
21a7bff1-be8e-4b98-9f25-406072ac0b78,Hindarto Ongko,https://play-lh.googleusercontent.com/a-/ALV-UjUJ-ai15CzCnJqZB9cBEaOalk0zkRngS7Wir49nK6QKebBU7Gl1,Memudahkan kami beractivitas serta menghemat waktu,5,0,,2023-05-13 07:42:28,,,
f8dbb62b-2b83-4379-a679-7c48b012b958,Eka Putra,https://play-lh.googleusercontent.com/a-/ALV-UjVlWExolXPlkG4PewbjojeccCmacu3yyUYBnlUAoxR_AQqmfqv8,Memperlancar moda transportasi di surabaya,4,0,1.0.5.2,2023-05-11 12:05:03,,,1.0.5.2
0bc2aeb0-a086-4812-bb6f-c35a64410606,mazz Bisma,https://play-lh.googleusercontent.com/a/ACg8ocLzgtRiHjw69hEfX5kMDJJy4E6-S0M9dV1LPaduRst41vuLVQ=mo,Aplikasi sangat membantu untuk pemantauan posisi feeder untuk saya yang sering menggunakannya,5,0,1.0.5.2,2023-05-07 23:34:31,,,1.0.5.2
e71fa824-d8ac-4e76-9ad8-bd5b8978d26c,Avi Salwa,https://play-lh.googleusercontent.com/a-/ALV-UjU4C6bqjDYPnOtEhMb6a3SeVGAgTQGs9PyZXO5ixrbrTirjGcM,Waw,5,0,1.0.5.2,2023-05-04 13:35:08,,,1.0.5.2
ffcaf256-78c0-42dd-8338-857288f12bd2,zhei istamar,https://play-lh.googleusercontent.com/a/ACg8ocLLW689DPwKT2-n1mMWReQbHVYeX1dj17x7ClfXqE42cNuKVQ=mo,Aplikasi menguntungkan bagi pengguna suroboyo biss,4,0,1.0.5.2,2023-05-04 12:54:27,,,1.0.5.2
9de20260-e147-47c3-966a-cd46cc05bfa9,BRIAN AKBAR,https://play-lh.googleusercontent.com/a-/ALV-UjU43EoFTC4vMB6nl7KuQkv5LMCootXbph_xSkUp8vg0FzvECd4z,Untuk yg lewat sekolah SMK to SMK kurang,4,1,1.0.5.2,2023-05-01 20:32:10,,,1.0.5.2
acad93dc-8056-411d-9185-e111a6489293,Prenjak Lol,https://play-lh.googleusercontent.com/a-/ALV-UjXYmzLpYhvMwMHJhylT2dVzJvv__2wwOomYck9IbpjRHthw5JHe,"Daftar member, nunggu kode OTP lewat email tp gk masuk2 alhasil membernya tidak diintefikasi ... Ini gimana aplikasinya?? Tolong dipermudah dong",4,3,1.0.5.2,2023-05-01 18:05:21,,,1.0.5.2
688ba26c-0abc-4506-a6ba-0a449b5f6e9e,Ahmad Syaifudin,https://play-lh.googleusercontent.com/a-/ALV-UjUQD9UCMU6ip-TZ-o-thZl71eoJLuTa1pt2UmBcQL7B-XgX3NOf,"Great app,good job",5,0,1.0.5.2,2023-04-30 14:48:33,,,1.0.5.2
297cb6a4-ba6e-40b4-9645-4aa364849f4f,Masandi Yuliadi,https://play-lh.googleusercontent.com/a-/ALV-UjWhT56ihuDT2q84CPJjiEBbr-jbV8AOe_XZBh3wTLaplG_8W9AM,Tertata rapi beda dengan bus dahulu kala,5,0,1.0.4.4,2023-04-29 14:12:18,,,1.0.4.4
a49eb3e7-ed39-417f-93c1-39ca1502b145,Moch Rokhim,https://play-lh.googleusercontent.com/a-/ALV-UjV_9WnD54QRc7j6pSs3b9E_4tEkSjETJqVYH_7ozmSxWN1HGxPy,sangat membantu sekali...👍,5,0,,2023-04-29 11:07:55,,,
4212d7cc-9109-4b26-a96e-bc5eab27956c,Deshi Anis,https://play-lh.googleusercontent.com/a/ACg8ocJfAtgiImhmTI73bdodOdb7TjE2-OycbpGXivyP_asKAzu4aw=mo,Seharusnya di setiap diskripsi tentang tempat disertakan alat transportasi untuk menuju ke tempat tersebut...,2,0,1.0.5.2,2023-04-29 10:12:04,,,1.0.5.2
f9353440-5871-444d-9f1b-9247089700ed,Dzky 1890,https://play-lh.googleusercontent.com/a-/ALV-UjUt_tcCMfw0NkuGkfk5pfv3zxbu0xz6EuOS5RidRkfYbH6bDM1I,Tidak ada rute dari Kenjeran/kenpark,2,0,1.0.5.2,2023-04-27 12:18:59,,,1.0.5.2
56e78627-a32a-46ae-85e6-e8b23baae05d,yayak ray,https://play-lh.googleusercontent.com/a-/ALV-UjV3Omw5DcP_1eSQMKN4CyFUavmUe5D7y9tO0eSzmLh_1OUK6HxC,Sangat bermanfaat bagi masyarakat yang kesehariannya naik transportasi umum.,4,0,1.0.5.2,2023-04-23 04:56:57,,,1.0.5.2
25d6a7ea-cc63-4eb2-91d3-8e84ad2a25e9,SUNARNO DRS,https://play-lh.googleusercontent.com/a-/ALV-UjVPZyqMkKQ2DBe5lxLf1kiE6FaiPurkX_qWs8Purf94cuuel5RB,Gobis sangat membantu masyarakat,5,0,1.0.5.2,2023-04-20 17:12:10,,,1.0.5.2
b8ba2612-b695-4a53-a316-9a4ea0cd2972,Anik Suprijati,https://play-lh.googleusercontent.com/a/ACg8ocL22Hrp3SxnVuIkT0TkpjZCQX24gc0Qwax6hmYUyghRoxrIJA=mo,Mantap nyaman dan aman,5,0,1.0.5.2,2023-04-16 19:20:17,,,1.0.5.2
07919b75-e291-430d-b117-b03e47a22487,Sketsa Wajah,https://play-lh.googleusercontent.com/a-/ALV-UjWA5RDBAGHPfFWkx5DJ6LZpfKxwg_ViC6IyK8Tuuwd9bgxZm7CA,"Habis diperbarui malah gak lengkap fiturnya, aneh ini",1,0,,2023-04-16 15:26:46,,,
8ef1e506-30a1-4c6f-a2b4-b81cce6fc1a6,BAMBANG LUKMANDOKO,https://play-lh.googleusercontent.com/a-/ALV-UjU9Pjhe0AhQV0C_Ifw4BRaDWjeB9CYBQUUfwrDwRxWBe1RnFmbWfA,Sangat nyaman dan membantu,5,0,1.0.5.2,2023-04-15 13:58:56,,,1.0.5.2
833a43f8-56aa-433d-aaf1-6789a82f8eaa,Anggan Cahyarino,https://play-lh.googleusercontent.com/a-/ALV-UjWYzM5H8zDKVFuVjRvPeJKEHlA1MfWMLFZnkBjANHeJM-rU09BFYw,"Aplikasi bagus, cuma saran saja koridornya lebih dilengkapi lagi, lalu destinasi juga perlu diberi info kendaraan umum apa yang bisa dinaiki, dan utk destinasi yang sudah tutup seperti THR bisa dihapus saja dari menu aplikasi 👍",1,20,1.0.5.2,2023-04-14 11:52:27,,,1.0.5.2
708745b1-21c2-496f-a372-e908e2e95162,Lukman Febriansah,https://play-lh.googleusercontent.com/a-/ALV-UjVil1avoVF4aIa9D8T6QbYV1Gn2c-3YSBXlx3yRraJMBAJmjw,"Parah sih Wirawiri Suroboyo dengan nomor WW01, barusan ditinggal udah dikasih tanda stop udah nunggu dihalte tandes dari tadi malah gk berhenti malah langsung ditinggal padahal masih kosong didalam parah parah sumpah",1,0,1.0.5.2,2023-04-02 17:37:53,,,1.0.5.2
6f2f978f-2253-4d7f-a5cf-3c0a30cb1035,Btcinvestasi titipkreditcicilanrumah,https://play-lh.googleusercontent.com/a/ACg8ocIycE54mZVpw3R7FGtts3-keP8sFcBzCYSxRzhrSzIaKcmk4g=mo,Ini apk buat penipuan bro dengan modus baru Mana ada GoBiz Suroboyo Bus,1,1,,2023-04-02 06:02:33,,,
5b9f1178-d629-4a54-9aa3-f8754c0d4b78,Vicki Wibowo,https://play-lh.googleusercontent.com/a-/ALV-UjVm9CWUU_79zwsGhJjsN-el-O4lnBeXbtXk_qKbkQukD5x5Y_05,makin hari makin Goodd beda kaya operator bus semangka,5,1,1.0.5.2,2023-04-01 17:36:23,,,1.0.5.2
695a3d38-1434-481d-a6f4-2186e08a591a,Ghafira Aisyah,https://play-lh.googleusercontent.com/a-/ALV-UjVn_ONFvPVh7azc77bxmm6jyqqWe0UjD5zRE25G5mt4EFv2OdLagg,"Ada penumpang di halte malah lanjut terus ga berhenti, niat apa ngga?",1,3,1.0.5.2,2023-03-31 10:01:26,,,1.0.5.2
5687b901-cecc-4789-9779-3ceda63d02ba,Sakti Panji,https://play-lh.googleusercontent.com/a-/ALV-UjVLkR4Jp33K842qJTIS7M3avuHdRav-Tkp7T1prtCVY6_HHHHuB,Sangat membantu orang yg TDK punya kendaraan,5,1,1.0.5.2,2023-03-30 15:24:02,,,1.0.5.2
bee0f770-6eef-4c4a-a065-e4fbc38a037a,rizka fiddiyansyah,https://play-lh.googleusercontent.com/a-/ALV-UjWPMJKQ3DqR23qLu3blPIluavrDruzdtYotMbC6hLJW_gaLz6s,Lemot,1,0,1.0.5.2,2023-03-27 13:06:03,,,1.0.5.2
fda8a940-cc87-40a3-86fe-6e00d06da4d8,Abuyazid ar,https://play-lh.googleusercontent.com/a-/ALV-UjUXcYv1JTKM-NwI141DyalGlxvK4NT8bxRNuPwQGR3xOU-FYDbn,"Aplikasi bagus, mungkin saran untuk lebih baik dalam memberikan informasi dan pelayanan sperti: - aplikasi bisa mendeteksi halte terdekat - ada fitur peta/rute/jaringan tranportasi umum di kota sby - ada fitur/ peta halte yg di lalui bus dg format gambar, fitur rekomendasi tranportasi umum ke tempat wisata, ada rute ke tempat2 wisata. jadi lebih mudh membaca informasinya. Semoga segera integrasi, dg stasiun dan jalur tranportasi umum lainnya.",3,48,1.0.5.2,2023-03-26 08:48:48,,,1.0.5.2
5c3eef3c-562a-4970-b1c3-2e3b0015a442,Sri Fatmawati,https://play-lh.googleusercontent.com/a/ACg8ocJ6pknxn9U0Jr2h29_BYhcKfXV9_vXCA8fo8PkQjXcjhrLmWg=mo,Mau menanyakan apakah aplikasi gobis tidak tersedia untuk ios? Karena anak saya kesulitas jika tidak ada aplikasi gobis. Bagaimana ya?? Dulu di ios ada kok sekarang tidak ada?. Mohon perhatiannya. Terima kasih.,2,0,1.0.4.4,2023-03-23 06:36:54,,,1.0.4.4
876b3dcd-dfb7-4215-a5a9-a5d6da93638a,teguh budi,https://play-lh.googleusercontent.com/a-/ALV-UjUoVABqtdXFaF1ULryZEG_KCezl3RPB9T8Xq96qapi348yOUvOp,Hrs terus berbenah.. smoga tdk sekadar pencitraan diawal bersemangat nmun selanjutnya terlupakan...,2,0,1.0.5.2,2023-03-22 13:23:48,,,1.0.5.2
e7e8bb93-82a8-41a8-b4df-8ee9e01812a2,Ratna Noona nana,https://play-lh.googleusercontent.com/a-/ALV-UjWdPVTqfTzQJh2DTSAoRDzkOta92jwWXSyZDPJl0koawROXkn2g,Rute bus unessa-its mana kok hilang? bus masih beroperasi tapi kok rute menghilang. Kalo ada saran dan kritik mohon di follow up dong,1,5,1.0.5.2,2023-03-20 10:26:30,,,1.0.5.2
63b91bc5-e184-48e8-b5d4-017988d54952,Rafa Dimas,https://play-lh.googleusercontent.com/a/ACg8ocI0TfI36jV0WvhfbnmKM9F8ymoLopsFCzEpaoS8x_AWlJQuHw=mo,Bagus,5,0,1.0.5.2,2023-03-19 14:12:10,,,1.0.5.2
fbd1a0ee-4a9b-4fa6-abbb-36586bd5f75f,wandi permana,https://play-lh.googleusercontent.com/a-/ALV-UjX6_bcjTxht2goejC3RnSfFwRne2NvnMu_lhzL9UjMkvU-QUzI,Jadwal di google tidak sama dengan kedatangan bisnya harus di tingkatkan ini SDM nya Jangan pada bercanda padahal bus dan jalan Surabaya sudah paling mantap luas dan tanpa macet .. Kecewa banget udah lari2 ngejar waktu pas datang ke halte ternyata ga ada bis nya ampun dah jadwal kacau ga jelas Suroboyo bis ini..,2,0,1.0.5.1,2023-03-17 18:42:15,,,1.0.5.1
2cff828a-d8a1-4161-9da6-5a45246de35a,rizky fajar oka,https://play-lh.googleusercontent.com/a/ACg8ocIw7S8280A1fZFF4_mo4VudiM2epthXK2sOZkiTlpaNuqi0xCs=mo,Sebaiknya diberi informasi terkait halte,4,0,,2023-03-16 18:04:47,,,
2b79943d-4bfc-418e-8137-140591accb0b,IAS P?,https://play-lh.googleusercontent.com/a-/ALV-UjUACs6IVMBA3Wi9ogdU9JysMdrRd71qIjdh0FyyS-ApQ5Y6Sg81,Sangat keren dan modern dan murah,5,0,1.0.5.2,2023-03-16 15:25:29,,,1.0.5.2
f9530fea-cf08-4d47-8790-5edff8d6b6d7,budi sulistiyo,https://play-lh.googleusercontent.com/a-/ALV-UjU34L51RFDJBENksrackC2sTNnJOHeuB3nmtdBhBm45vVRElBg,"ratingMU tidak bisa dibohongi bozzz...apk kurang canggih,akomodasi transportasi juga masih banyak kekuragannya",1,6,1.0.5.1,2023-03-15 23:23:45,,,1.0.5.1
f0aa4e89-13d7-40c9-b9be-001084afa45d,Nurlaylabakari,https://play-lh.googleusercontent.com/a/ACg8ocK2SB9gC2d4XOXR4k3EvTLkAsmwm_YwgRZ7__fqKPvCqIKDNQ=mo,Letak nan lokasi lebih akurat lagi,3,0,,2023-03-15 17:14:38,,,
5717f56d-cdce-4bb1-b1e0-4db72b346627,Theklik Xzy,https://play-lh.googleusercontent.com/a-/ALV-UjXrYLiLPXzaeEEW4TghC4byCdcfEyUyHw-TWcx3uqZcfQC1r0I,Penasaran,5,0,1.0.5.1,2023-03-12 19:26:35,,,1.0.5.1
7d9da099-627c-4780-ac18-80a181760f3a,Ade Ryan Rachmat,https://play-lh.googleusercontent.com/a/ACg8ocJXiBW2mn_mEapWPatyOKC6qQW6kBUJYe1O4XjNsHUXs6VePA=mo,Thanks you very much,5,0,1.0.5.1,2023-03-12 00:21:39,,,1.0.5.1
e1b2a79f-ac23-4d38-abe7-d202d10fd684,rizky alamsyah,https://play-lh.googleusercontent.com/a-/ALV-UjUS4anXLxicUc4-wweT9dmjq7TQ65nomOvEwjYPs_vUCj_J4OKm,Membantu mengetahui posisi Suroboyo bus dan wirawiri Suroboyo feeder,5,1,1.0.5.1,2023-03-11 17:11:42,,,1.0.5.1
af3e0f1d-bd3a-458a-9d01-a1abd95d2ccc,LETNANSUNOTO TNI AD 45,https://play-lh.googleusercontent.com/a-/ALV-UjX4wCkN_QOmpKWlb1ovuAFC2y2ktjvTiZiqvNTV0UGgqDc_MgY-,Dicoba dulu..,4,0,,2023-03-10 21:35:04,,,
a0429084-e67f-4298-b9b5-ffd479ab41a0,achmad rudi churniawan,https://play-lh.googleusercontent.com/a-/ALV-UjW4XBRtra0beqZuxCl5RmO89OM4pYNtGA100nMo9Sxj_EJmZ__W,untuk bus wara wiri mohon di kasih gos tracking stiap armada donk... biar tau lokasi nya ada dimana biar memudahkan mau naik bisa cek lokasi sampek mana busnya,4,1,1.0.5.1,2023-03-10 10:16:33,,,1.0.5.1
fdcb9362-7cf3-48fa-908a-14635b802baa,Daniel Putera Nugroho,https://play-lh.googleusercontent.com/a-/ALV-UjXVqK03szNnk3kYxx5bsElRH15PJAwLtXM1NNw5hcNwNcl4jp05,Saya beri bintang 1 dulu karna untuk daftar jd member aja masih ada bug waktu mau ngambil foto dr galeri. Mungkin bisa dibenahi dulu,1,8,1.0.5.1,2023-03-10 05:01:21,,,1.0.5.1
d0e7bbff-1d87-4326-96b4-d52ed16c8fa7,yusti anggraeni,https://play-lh.googleusercontent.com/a/ACg8ocL_kojxoI_7nQJ8c2imTKRkro1d0LI30G7b2Ohq-8794HlJmQ=mo,Aplikasiku kok g iso d buka yo? Opoo iki min? Pdhal wes tk update,2,0,1.0.5.0,2023-03-09 06:39:47,,,1.0.5.0
a26715a8-b5e0-411d-b3b3-b88a082d6d22,Ainal Rahman,https://play-lh.googleusercontent.com/a-/ALV-UjX1HS9V3UmnHqQP9s7eo1Zpok3ECczEMLbLJB4iGR32KZ-XT7rZ,Saya sudah daftar tinggal masukan kode otp tapi tidak ada info masuk di gmail ? Jadi gk bisa log in karena belum aktif ? Mungkin ada yang samaan kyk gini ? Mohon bantu. Terimakasih,3,1,1.0.4.9,2023-03-06 21:16:00,,,1.0.4.9
3376d38e-b817-4728-a200-fab4ac33dd2b,ayu mahesa,https://play-lh.googleusercontent.com/a/ACg8ocKLV_vs84OwmhT-YIE4pCEt-vtBt75_-TYEhZdXTcs1ChzQfA=mo,Saran sebelum bus berangkat dari Bungurasih petugas nya dari pada ngobrol langsung ke penumpang saja scan pembayaran . Bus sudah jalan sampai a yani penumpang di belakang belum di scan padahal turun di Cito .. jangan lelet harus sat set . Sampah botol kecil bungkus permen sudah banyak di bawah kursi . Sudah mulai kumuh .,1,3,,2023-02-14 11:49:27,,,
535b9fff-6eaf-4dae-9019-e6f6e74e7845,Nafiszaini ali,https://play-lh.googleusercontent.com/a-/ALV-UjWPW0VmOOBC8818C_P9fzuEapoo4CN0ccccFVztYPku-U87YSM,Kenapa kok lemot gini ya aplikasi y,3,0,1.0.4.9,2023-02-03 16:05:56,,,1.0.4.9
31367ef3-df77-4f33-be21-72c22a2ad325,Robby Hermansyah,https://play-lh.googleusercontent.com/a-/ALV-UjWTfRxi-m58ktPkTXZC5TYYiMhfGD4hLBcT8v01_hB5RukcYoj3,Semoga real time dan memperbaiki bug,4,0,1.0.4.9,2023-01-29 15:22:54,,,1.0.4.9
fa12c50d-6ab6-4b63-b713-ea747543700d,Imanuel Yonatan,https://play-lh.googleusercontent.com/a-/ALV-UjVhRpItoidQLnxUQyCFIIV_el2StIt5DlBWqht93elJnFC-SDAR,Tidak bisa dibuka di hape Samsung galaxy a7 2018 posisi di android 10,1,0,,2023-01-26 15:44:49,,,
49de951d-9df4-46a9-952e-8eddd617f75b,ACHMAD SOLEH UDIN,https://play-lh.googleusercontent.com/a/ACg8ocKq6tAgkOP7zeNhaaUNFwo8rWKTjCdDwWCs5Qp-62f_-BboVg=mo,Aplikasinya di buka susah... Tak uninstal deh,2,0,,2023-01-26 08:44:35,,,
a2f786dd-962a-4a38-9481-078aa4903f2a,Angga Naviga,https://play-lh.googleusercontent.com/a-/ALV-UjWYGiWlN0dd0CO8MFTs0DkGnvMQbbqMFN8iC17MX_BVDqJXHaQ,"Tambahkan akses top up uang elektronik pada kartu member di aplikasi ini. Contoh shope* pay ato g*pay yg punya pembayaran melalui laman nya sendiri.. Pada menu rute bus, ketika kita ketuk ikon bus nya, munculkan jenis chassis nya contoh SBT01 Mercy OC500RF.",5,1,1.0.23.3,2023-01-26 07:13:44,,,1.0.23.3
689e61d3-c1ba-4ea7-b722-861a5740d470,Rizki Muhammad C,https://play-lh.googleusercontent.com/a-/ALV-UjXisEELYLEwsIKZSP-759t3-lrnqdoK7Ov_AqwW82fwXfhJuRQN,"tiba tiba pagi hari aplikasi Gobis Surabaya tidak bisa dipakai tulisannya ""gagal dimulai harap di hapus'",1,1,1.0.4.8,2023-01-26 06:37:30,,,1.0.4.8
68732b29-886f-4be0-b431-bd91deb0a4c8,Achmad Pangestu,https://play-lh.googleusercontent.com/a/ACg8ocLRaKyMTr3XIjJOOtgCYNTut6u1Qr8edcXDcBLz0KxkP3NNAg=mo,Driver bus nya kurang ramah,1,2,,2023-01-23 14:15:24,,,
0e42ee4f-ae48-4702-a37f-53ff6de2974a,gita fernando,https://play-lh.googleusercontent.com/a-/ALV-UjV2ZB1djpEFxRXZBAePvO4gqthQ8xUY-DPrpGkp52O-299R3tFx,Kenapa Rute Merr ke Ken park tidak di jalan kan lagi sejak awal akhir Desember 2022 Hingga Saat ulasan ini saya tulis. apakah ada masalah dengan management Pemkot Surabaya atau pihak penyelenggara transportasi???,1,0,1.0.4.4,2023-01-21 06:08:21,,,1.0.4.4
1e5ddd0e-138a-4841-aeea-3afb0e7a1c69,Dimas Anggoro,https://play-lh.googleusercontent.com/a-/ALV-UjXEjSA4pTNj8Zc9aFItQMbj8Rkz4sb4tMa9uT1JyPHU9g4bOF2e,"Saran aja ya di aplikasi kan ada pilihan tempat wisatanya, nah itu sebenernya sekalian dicantumkan nama halte buat pemberhentiannya, jadi kita gaperlu bingung² cari halte buat pemberhentiannya. Terima kasih",5,3,1.0.4.4,2023-01-06 17:53:41,,,1.0.4.4
d71e791d-1839-4def-b166-c5e9dcdda9b5,Anwar Anwar,https://play-lh.googleusercontent.com/a-/ALV-UjXLIR5uFiO70_M6A-OQLTYCiqYry-YhrVwMCYc_k88BN7CsvW0U,Oke,5,0,1.0.4.4,2023-01-03 11:30:41,,,1.0.4.4
cf37557d-58da-43fc-9210-d9c1065aaf37,Rina Purn,https://play-lh.googleusercontent.com/a-/ALV-UjWeravuVdhIJM96bTMwYkrK3YMEEqLeVaL8ULDj3syR8LRyDFXS,Memudahkan perjalanan saya.... Surabaya memang jos,5,0,1.0.4.4,2023-01-01 10:09:39,,,1.0.4.4
9422b619-21e4-4c44-b2d6-b371798acb9a,eddo Alhamda,https://play-lh.googleusercontent.com/a/ACg8ocJC4c7v6XygUJB7lCoOGYqTEcTKXL3YpdyrLE0G6JjMl-Ir-A=mo,"Tambah mahal, ngepul botol bwt jadi poin, eh skrg kebijakan poin expired per bulannya",1,0,1.0.4.4,2022-12-30 15:19:15,,,1.0.4.4
a2da4692-c854-450d-a22d-44cfb527a753,Semesta Food And Beverage,https://play-lh.googleusercontent.com/a/ACg8ocIHLMhGDD1wZjPDt3ryhIZWw7gcbsAR7-9qstIFQKNtTLu7Qg=mo,Ok,5,0,,2022-12-28 16:31:44,,,
2830b350-4c8e-4f27-9e9e-65feac4dfad5,carlos fucan0,https://play-lh.googleusercontent.com/a-/ALV-UjXtYVItsPYR08tjnuqjIzNFMNP6wxgJtM9rKBSkPvJXa1ufk9M,"Saran aja ya Pakai Teman bus aja atau gojek/Grab biar enak. Pakai Gobis bus Surabaya ribet nya minta ampun, 1. Hattle Stop bus nya cuma tanda kecil , 2. Lokasi Hattle sama lokasi stop bus nya sangat Meleceng jauh dari map nya. Intinya nih bus buat di naikin sangat susah 👎🏻",1,0,1.0.4.4,2022-12-21 09:54:22,,,1.0.4.4
74564dc5-956c-4223-96ae-cdc52cfbb075,Reinhart Paul,https://play-lh.googleusercontent.com/a-/ALV-UjUiO6dm0xmg2ZhvhYtuyUV3qS7sJhXf9zpEf5U9bj0Er5UIvK_t,Sangat membantu,5,0,,2022-12-17 21:53:09,,,
f4669ad6-9a5c-4621-ae9e-cba8d7a30adb,Faiz Harahap,https://play-lh.googleusercontent.com/a-/ALV-UjWkhap1JoZ5zobVY0t5cwGE9CiXTHdFTb6DIJBHEj3s9sY5s2JDIg,"Saya pelancong ke Surabaya. Download aplikasi ini saya berharap bis aplikasi ini membantu saya menemukan rute bus mana yg saya harus naiki ke titik tujuan yang ingin saya tuju. Ternyata tidak, aplikasi ini cuma menunjukkan rute yang dilalui bus mereka. Itu juga berdasarkan koridor. Sayakan pendatang ya, mana saya tau koridor. Coba aplikasi nya di upgrade lagi, di berikan info halte mana yang terdekat dengan saya. Berapa kali saya transit atau berganti bus untuk mencapai tujuan saya.",1,9,1.0.4.4,2022-12-13 12:42:10,,,1.0.4.4
6075aaf9-65b6-44b5-a649-82f2e7f1cf14,Sherly Priscillia,https://play-lh.googleusercontent.com/a-/ALV-UjXpqtbTQk35haWVnPmKCLZMTDQrPA3ghEbOtEfRlXbNlLZuQvXc,"kenapa untuk yg rute UNESA - ITS ngga bisa kliatan posisi update busnya yg mau lewat? jadi kan membuang waktu untuk menunggu krn tdk pasti tau bus yg mau lewat sdh sampai dmana:( nunggu lama , mau brngkat kerja juga..semoga dibaca dan bisa dievaluasi lgi masukannya:(",1,4,1.0.4.4,2022-11-30 11:40:01,,,1.0.4.4
c5f4b629-68f8-48d1-933f-544d56195367,Kristian Dinastio,https://play-lh.googleusercontent.com/a-/ALV-UjUgpjsN8I8joK0AeBsQIzldB3T0QOsH4ja0QVczUe6B4NE9UvlN,Siiippp sangat2 membantu mantap,5,0,1.0.4.4,2022-11-18 20:29:37,,,1.0.4.4
c9105b74-8c38-4ea8-8f67-40b609ced96a,Valentine Clara Valerie,https://play-lh.googleusercontent.com/a-/ALV-UjWE5nYanKJne8bAhkYgvt2J_iJkm5v2kTSO74wfaHI057X06iql2A,"Kalau bisa kasih pemberitahuan/notifikasi di HP, tidak hanya di aplikasi ini, tapi juga di notifnya jika bis suroboyo tidak beroperasi karena ada demo,dsb. Saya sebagai penumpang bis rute ke purabaya merasa kecewa karena bis ini selalu saya tumpangi tiap hari. Mohon pengertian untuk kami🙏🙏",2,4,1.0.4.4,2022-11-17 17:24:45,,,1.0.4.4
14faea95-0790-45f5-93d8-725a56548a1e,Tessa Quinn,https://play-lh.googleusercontent.com/a/ACg8ocKMERr5rNKmrMmbEm6J8wFclWSnWDcXVMB3RQaha2Cnl6S6Gw=mo,"Saya naik bus Surabaya Krn buru"" gak ada QR kode .. sampai tengah jln saya diturunin.. hrusnya org Bru"" diberi pertolongan sprti : Mungkin kryawan bus Surabaya yg ada disana punya, bisa dibantuin.. Ato gimana, Padahal sya ngmong: mbk sebentar ya, ini saya mau tlp suami untuk TF in ,, pokoknya sbelum saya sampai sya bayar, toh perjlnan saya juga masih jauh, dari rajawali ke Bungurasih. Tlong ya diperbaiki lgi msalah nurunin org SE enak.nya. Pada tgl 17-11-22 saya naik kurang lbh pada pukul 07.50",1,1,,2022-11-17 08:14:21,,,
4189b2cc-9457-4b74-8006-7b8cd166e86c,Eko Gemah,https://play-lh.googleusercontent.com/a/ACg8ocJHZgWIR4ETMOcL6hkr5efEYD-QpNTZplHDPgbT7q-cnhhfFg=mo,Very good,5,0,1.0.4.4,2022-11-11 10:55:54,,,1.0.4.4
8de3485c-dd6f-422d-ad96-62ca6c326743,Rita Airlangga,https://play-lh.googleusercontent.com/a/ACg8ocLnkoF0mn3ef_h7ko2AJ0nuGZ3THZOh0_RnKa7jqJp13lm3uA=mo,Pelayanan nya di masyarakat Bagus Hanya aplikasinya kadang kelihatan kadang tidak,5,0,,2022-11-08 18:22:36,,,
c4eccd3f-c967-45ad-9fbc-b7012b72b06e,Ony Yusman (Yusman),https://play-lh.googleusercontent.com/a-/ALV-UjUTjg9w3lFAbXmFT6G5XRdVzYKS_Eu934apfKjhT8cCJopSMJ_n,Belum up to date / pembaharuan informasi,1,0,1.0.4.4,2022-11-08 04:19:18,,,1.0.4.4
f5fb2810-e11a-4e2d-9f6a-5506790362f6,Amir Roziqin,https://play-lh.googleusercontent.com/a-/ALV-UjUoKlQ3g7nbz2M7ojq44vtM2BjesKhs1C1Pwr1UEkwLzC2ipyB7,Aplikasi yang sangat membantu... Akan tetapi sebulan terakhir rute UNESA - ITS tidak muncul posisi busnya dan beberapa halte hilang dari peta aplikasi. Selain itu juga peta sebenernya sudah gak update karena ada perpanjangan rute dari yang ada sekarang. Semoga segera diperbaiki. Sekarang rute tersebut juga sudah berbayar mohon ditingkatkan pelayanan nya. Selain itu juga berharap ditambah jam operasional nya setidaknya jam 05:00 - 23:00,5,25,1.0.4.4,2022-11-07 09:40:29,,,1.0.4.4
392e643d-c74b-499c-ac45-367fe09e07da,Herry Wahyudi,https://play-lh.googleusercontent.com/a/ACg8ocJnZXqx0mrCgI6FCowKxLW4ggGwTzFe3xZNJYJO61vvuPjyDQ=mo,"Aplikasi kurang membantu, jam daerah unesa its gak jelas",1,0,,2022-11-06 21:18:01,,,
5973f470-7ed1-4b8b-b188-727eeab52295,Ignasius Lucky,https://play-lh.googleusercontent.com/a-/ALV-UjVFF3-TLhCOHiXy6hKu_crqR203Yzn7PoE9HBr7UCYaHH_rBOnERg,"Mohon di perpanjang untuk jalur SB dari Kenjeran ke Gunung anyar menjadi dari Kenjeran ke Bandara Juanda. Ini akan baik agar pergerakan manusia bisa meninggalkan kendaraan pribadi. Ini juga akan sangat membantu pergerakan orang dari dan ke bandara Juanda yang selama ini hanya dikuasai taxi mahal dan bis tidak murah. Perpanjangan rute ini pun sangat membantu masyarakat di kantung pemukiman dan kantung industri yang ada di Pondok Chandra, Wadung Asri, Tambak sawah, Tropodo dan Pabean.",5,0,1.0.4.4,2022-10-26 06:37:53,,,1.0.4.4
ab195c63-430a-423c-bb7f-16d3b40b208c,yulius ardianto,https://play-lh.googleusercontent.com/a-/ALV-UjWvvoAZehHbo9kXpCSsuEzgBj6QuSGdp6L_aqy1g7JeAqj9Tmw,"Bus suroboyo udah bagus cuma yang lewat jalan arjuno tidak ada, semoga segera ditambahkan soalnya banyak penumpang Bus arah bungurasih yang ada di bawah fly over pasar kembang",2,1,1.0.4.4,2022-10-21 22:36:56,,,1.0.4.4
5fc0d95a-9ffc-4101-bada-fbd9ec3df12f,Yeni Ikke,https://play-lh.googleusercontent.com/a/ACg8ocLSNnSPI_4OqiR_F058A-0r-PqLo38Hrd-B06k9gQVOqsLBhfo=mo,"Tolong ditambah lagi halte yang dari arah terminal joyoboyo ke osowilangun karena saya tiap hari turun di halte margomulyo dan jalan sangat jauh ke arah tikungan greges,,ditambah juga halte supaya kelihatan dan terang,jangan hanya tempelan stiker dan plakat saja,dimana dana pemerintah, jika lokasi tidak ada lampu stiker tidak akan terlihat dan penumpang juga kesusahan mencari halte,untuk selebihnya cukup bagus dan nyaman hanya perlu ditambahkan halte rute margomulyo minim ada 3halte.",3,13,1.0.4.4,2022-10-20 15:25:28,,,1.0.4.4
c6fb7588-aa01-47f5-be0b-1fe77b35c220,Datok syarief,https://play-lh.googleusercontent.com/a-/ALV-UjXyHFvbLZJwqr8RGIMebAgOUpjHHbLR1UTbVo4NFDoOFTf4P6aD,Harusnya bus surabaya dan teman bus bisa bersatu supaya merata untuk rute seluruh surabaya. Aplikasi nya juga kurang update dan akurat.. Bisa di tambahkan pembelian tiket online di aplikasi,1,0,1.0.4.4,2022-10-17 21:09:56,,,1.0.4.4
49c6f3ee-230c-44c8-acbd-7fada20b761c,Arimbi Oktavia Sakti,https://play-lh.googleusercontent.com/a-/ALV-UjWnsmFrf_A-hwrOkzvo6O-yONIFHNBJ7qogwQvwWlAs7iZnXUeN2w,ini kenapa ya saya mau daftar member tapi setelah memilih foto malah kembali ke awal.. gitu terus saya coba,1,0,1.0.4.4,2022-10-01 17:28:21,,,1.0.4.4
b8fcd22f-727b-4c9f-94ee-0f006c0a5e73,Dian surya Taurina,https://play-lh.googleusercontent.com/a/ACg8ocKEmn8wezjZGn4FtyUTfRDYbwvhu5-5oOwdVBSJ2lB06DE4IA=mo,"Tolong yg rute merr tambah in lagi armada nya, masa cuma 2 bus yg beroprasi... Kasian yg mau berangkat kerja, masa harus nunggu sampai 1 jam an semenjak di perpanjang rute TIJ - yono soewojo",3,0,1.0.4.4,2022-09-27 13:05:29,,,1.0.4.4
6359016a-53b7-4cb1-94db-e54144754966,Iwan walimban,https://play-lh.googleusercontent.com/a-/ALV-UjXhNFuwz0QeIcRQMcdNRX7_8timibGR-QttSSMD7fHdV4g6lYIO,"Ingin Aplikasi ini dapat berintregasi ber multifungsi selain informasi jalur jalur dapat digunakan lainnya juga, terimakasih",5,0,1.0.4.4,2022-09-25 08:18:39,,,1.0.4.4
a7841381-3225-4a8b-ad86-a5e2d798bf17,Aprin Evalin Sinurat,https://play-lh.googleusercontent.com/a/ACg8ocI7gQ-pPbzUfy7Tbv6tW8wZGGWf-oLqGKVvBXuVG9xaTHIMJQ=mo,Ok,5,0,1.0.4.4,2022-09-21 10:09:35,,,1.0.4.4
647a9829-c82d-44be-afdf-a08078cb29d2,Levi Ratnasari,https://play-lh.googleusercontent.com/a/ACg8ocLIceMFbP1LGb7yEh7P_jwwHFaFmS4QJ4rXL6XpGhHVJlKMxg=mo,"Aplikasi yang sangat membantu dari DISHUB KOTA SBY, di tambah ad informasi cuaca di setiap halte sehingga membantu pengguna untuk bepergian.",5,1,,2022-09-13 17:01:47,,,
fd81d67f-c89a-4f01-8920-33cf53f52798,Abraham trans988 Yrtrans9,https://play-lh.googleusercontent.com/a-/ALV-UjVEZ4y3Vb1urrrDrjnuo9NNmSKVeZgCbTZkm4ftuZkosDbratg,Lebih bersih,5,0,,2022-09-11 21:19:24,,,
767ad4dd-7182-4f24-ae42-1512507f6f33,KAKAK STENLI.WIJAYA STENLI.WIJAYA,https://play-lh.googleusercontent.com/a/ACg8ocJC0FSx9tKCKkpaBI1303HyRMkMGSKQDBKAwSW6HjtlqDVBGg=mo,PENGEMUDINYA SANGAT SANGAT SANGAT RAMAH SEKALI 🥰🥰🥰🥰🥰🥰🥰🥰 ❤❤❤❤❤❤❤❤,5,0,,2022-09-02 08:48:12,,,
9ab40a80-8b97-4f88-acb2-97cd0713c3b2,Tiwi,https://play-lh.googleusercontent.com/a-/ALV-UjV0334opzpPCCz1-w2Q6W03I7aBz4kPbUmlybromNJwi4A1Es_P,Rutenya tolong diupdate yang unesa- ITS ga sesuai aplikasi,5,0,1.0.4.4,2022-08-28 12:35:32,,,1.0.4.4
43a27bdf-6de5-429a-99ee-d120566f327c,Christ,https://play-lh.googleusercontent.com/a/ACg8ocLah8pAavIelRhww64moq7tvgZpJmH1rnX5-9i9uLjqVSBA-g=mo,Mantab poll,5,0,1.0.4.4,2022-08-26 13:21:46,,,1.0.4.4
e0b6bd1b-6f3b-4cee-bead-94b93af8a30e,Dwi Purwanti,https://play-lh.googleusercontent.com/a/ACg8ocIC0OpdBuJkVdz2fASF2ET_k5y_A-GPHxyAH88tFGR-kmUu8g=mo,"Dari dlu saya suka naik bis ini, tp knp koq akhir2 ini tdk ada siaran klo sdh smpek mn, krn saya mau turun di marmoyo mestiiii kebablasen purabaya... Krn saya mau ke joyoboyo oper bis wiyung.. Helper nya jg gk pernh omg sdh nympek halte apa..",2,0,1.0.4.4,2022-08-26 04:32:02,,,1.0.4.4
abca83f1-f7a6-4a4e-b046-1cebd7795e2b,Rianto Asong,https://play-lh.googleusercontent.com/a/ACg8ocLqhRwEQUB-A7VOhhUactd6XG7c59t74ONbJ9EgT3DWfEdoMAM=mo,"Sangat membantu, tapi masih ada kekurangannya, karena masih belom bisa bayar Pakai kartu E-TOLL / kartu E-Money, di tingkat lagi ya, sekian terima kasih🙏🏻",5,0,1.0.4.4,2022-08-07 00:18:04,,,1.0.4.4
9259dc8e-4a9c-42ac-9d62-3466d019e943,Gimbul Ngki,https://play-lh.googleusercontent.com/a-/ALV-UjWxjszDh5z3vC5rQM3UYlHWsxjaihCZ-lQbb_ddNWOEaqpj7Ro,"Info terbaru pembayaran pake apa, kalo botol uda ga bisa, mkstnya apa bisa pake dana gopay apa gmn",4,0,,2022-08-04 16:01:20,,,
4d682fbf-f877-400b-b5b5-4e3ac1d14071,Fahrul Rizki,https://play-lh.googleusercontent.com/a/ACg8ocL6GOaGoTKkDYyBfGYQq_Hih9ulgr0TT502AdK8hwKrOiLGsg=mo,kasih bintang 5 dulu kalo pelayanannya buruk baru kasih bintang 1,5,0,1.0.4.4,2022-08-03 11:09:52,,,1.0.4.4
f0b85bed-9e5a-4fd9-8a50-d1f0fdfcee30,Benny Nathanael,https://play-lh.googleusercontent.com/a-/ALV-UjX2K8RSxNS9O4vD_VCeEx1fRCfeqqb_aZVzo6sfq56XMJ3b3gxO,super app. thanks.,5,0,,2022-08-01 06:05:55,,,
307d239a-a376-4211-8302-4a78fff98a3c,Johan Reinaldi,https://play-lh.googleusercontent.com/a-/ALV-UjVAncWTWsvxlVFTQErFbS6txU60103xtbXhZlPjeq0vdQTi47g,"foto profil tidak bisa diganti, lewat menu ubah profil jg tidak bisa, mohon bisa diperbaiki",4,0,1.0.4.4,2022-07-19 07:21:29,,,1.0.4.4
4625f645-000a-409d-a9c2-6d04081dd250,Titin Rinawati,https://play-lh.googleusercontent.com/a-/ALV-UjVN-pMuWsoArzsIiH8tmGCvbXyv5Hf7V4GaAgbAfUEOCHNa4mUu,"susah jadi rakyat kecil, ingin naik bis ini demi menyenangkan anak, tapi gak bisa. gara2 gak bisa hp-an, apalagi pake aplikasi",1,0,1.0.4.4,2022-07-15 15:10:46,,,1.0.4.4
7a4e6063-10dd-4780-ae71-ff91f9ea1eed,Ragenah Blaz,https://play-lh.googleusercontent.com/a/ACg8ocIDHz4q6lvbsP0lWW9DbMbrbgbGjiWIiUKvurflsb-9oNpJ=mo,"pernah saya tau ada seorang bapak dan 2 anaknya masih kecil ingin sekali naik bis mayapada yg bertingkat tsb. tapi bapak tsb gak bisa bayar karena gak punya aplikasi. lalu ada seorang pemuda menawarkan pembayaran melalui aplikasi yg ia miliki, akan tetapi tetep ditolak oleh si kondektur. akhirnya bapak dg 2 anak tadi dg terpaksa turun di halte berikutnya. pertanyaannya adalah bagaimana kacaunya perasaan 2anak tsb ?....",1,6,1.0.4.4,2022-07-15 14:43:24,,,1.0.4.4
9a0074f8-5770-4fda-8c8c-73f17da9d2da,Rachman H,https://play-lh.googleusercontent.com/a-/ALV-UjWI44ssaCdsnX9Q34rzwHIkaWsmVyZ0fhDkMvTS20YvG_zMYCs,"Pembayaran harus pakai e money, saya sudah masuk bus disuruh turun karena saldo shopepay kurang, padahal klo saya top up dengan cara transfer antar akun saya kasih lebih utk biaya top upnya dengan saya mau. Mohon petugas nya untuk pelayanan masyarakat dipermudah , jangan seperti robot tanpa toleransi. Tidak semua warga Surabaya maupun tamu kota Surabaya punya akun e money dan kalau pun punya akun e-money bisa juga saldo nya kurang, sekarang angkot sudah jarang sekali, tidak seperti dulu. Sekian",1,11,1.0.4.4,2022-07-10 03:30:21,,,1.0.4.4
6d108fd8-e84a-4b9c-be6f-70f8de08e445,Hizkia Sama,https://play-lh.googleusercontent.com/a/ACg8ocLnX97afnTq5IBYQzTVAU1gf2Pk3gEFivl65Rjz94eaJWD2fA=mo,"posisi bus tidak terdeteksi, bus nya berangkat gajelas tidak sesuai waktu yg ditentukan",2,0,,2022-07-04 15:28:48,,,
693dfc9b-6990-4de1-8fc8-2a501ac3485e,Tito Bagaswara,https://play-lh.googleusercontent.com/a/ACg8ocKZqSMHj6ov28RpAV_pjgJV6VhRLgl2O5dJ-92JMo0VwZbM8g=mo,Sangat membantu sekali,5,0,1.0.4.4,2022-07-02 13:26:07,,,1.0.4.4
ac955b9d-3e6a-4f18-8b37-9ce439219317,Ambar Lia73,https://play-lh.googleusercontent.com/a-/ALV-UjXY9f5m7r841bXdhOXiSoXkxqPH013qZfuK4DvraNdx_hH5GfnY,Sangat membantu transportasi,5,0,1.0.4.4,2022-06-29 18:02:41,,,1.0.4.4
16ba4bd2-d52b-4ffc-bd3e-b1e764fd43b7,"Rianda Harendino, SH",https://play-lh.googleusercontent.com/a-/ALV-UjUYgKo5VPGJyMdBvWsxRYY24cSQO_C9VvTKDZnzNSwgKXAVUw,Mantap,5,0,1.0.4.4,2022-06-27 11:41:17,,,1.0.4.4
8c6d5f96-dbde-458c-9e39-51fb55afd3f8,Anggun Putri,https://play-lh.googleusercontent.com/a-/ALV-UjXY8wDZwHx_tfcpqZp-BF_JwOePdPiVujhVvuSjNSQICNp0b4hK,Kok saya bingung ya cara pakainya. Mau ke arah Mayjend takut nyasar,1,0,1.0.4.4,2022-06-26 19:10:27,,,1.0.4.4
ae0f229c-9511-4c94-b634-210404946f50,Ema Hadi,https://play-lh.googleusercontent.com/a/ACg8ocKVx5HYnvbzdTpsMCTOVZ-849XLGwpo2z6SihrTQ12Sn6iXBw=mo,"Kenapa saya tidak bisa login (error) padahal email & paswoord benar, terima kasih",3,1,,2022-06-26 17:31:28,,,
9c043489-d978-4e8a-bf9f-3e4a7fa7bab3,Dommy Ambon,https://play-lh.googleusercontent.com/a/ACg8ocIuKOFkSG3N1fM8plyg5sgcWdQZy7y2evYB34_MA7Jc52Eq2BM=mo,Mantap,4,0,,2022-06-16 17:13:32,,,
4d8e0c29-4e45-408c-8629-e4f3cf692c19,Nadif Putra,https://play-lh.googleusercontent.com/a-/ALV-UjVnx2oSPFvJSQjPuEBOnmFA3ty6hmmRVvOI7EKFJ5Y4qibBcrICIA,"Sebaiknya rute UNESA-ITS dikasih posisi busnya Trans Semanggi daripada dibiarkan kosong begitu aja, biar ngga ribet install aplikasi 2",3,11,1.0.4.4,2022-06-13 07:56:57,,,1.0.4.4
f62edbf1-e496-464d-9938-4b2116b7ffbf,Jimmy Hateyong,https://play-lh.googleusercontent.com/a-/ALV-UjV9qJaXh5pe4ZTTeTKdtkBvUoCJwLkrQRtxuM55Q_pqFDDLmw5ERQ,BUS Surabaya the Best👍🏻🙂,5,1,1.0.4.4,2022-06-02 11:14:46,,,1.0.4.4
7ddc9e14-6b93-4285-980e-74a44a4efeb0,Akhmad Miftakhul Ilmi,https://play-lh.googleusercontent.com/a-/ALV-UjVAbnC9Xi86BtSUxrLH0W3cr0mMbTETmiCBzLd9JiELA0L-shmL,Sangat membantu mahasiswa,5,1,1.0.4.4,2022-05-31 10:55:41,,,1.0.4.4
253065cd-d467-4936-a186-ede2cce7ac69,Aryasena Ridsi M,https://play-lh.googleusercontent.com/a-/ALV-UjVD9kr6gMVrqe5unehwDiKDVtiTkxsXOgvTtWm92U2g3MqkmIcF,"Pelayanan nya bagus, bisa naik tapi nukerin botol dlu di kecamatan yang ada di aplikasi ini. Mantap dah Surabaya",5,0,,2022-05-29 13:03:03,,,
3031fae8-aecd-4516-aa77-f89642a2b25e,Cassandro Octavianus,https://play-lh.googleusercontent.com/a/ACg8ocIEH7TKgK6YpOK2iLpiKdiCY1V5GPgRgcI3gFIGCbOVsk5_Gw=mo,Bagus,5,0,,2022-05-27 14:02:21,,,
6a31d420-c6bd-4895-8ffb-5f0670f543b2,Heru Setiawan,https://play-lh.googleusercontent.com/a/ACg8ocIj23Ae8C3Dpl2SfKslJAiQeRKzSmF4zspReL1AtaovQ5cH=mo,Cakep bgt,5,0,,2022-05-18 07:02:29,,,
6f4b6a5a-7303-493c-b94a-4c395a2de375,Fahri Yain,https://play-lh.googleusercontent.com/a-/ALV-UjWDmnbARHxg-c0gi4s6HWfqPkjdS36GydbxHmISnz8rd98QBthbzg,Time table mu ampas. Iki aplikasi arek magang seng ngga enek product manager e pasti.,1,0,1.0.4.4,2022-05-13 20:14:10,,,1.0.4.4
2c9fff49-49a3-4623-ae4e-97d6bc8cf31c,singgih abadi,https://play-lh.googleusercontent.com/a-/ALV-UjUFHhGsyT-8YxvDeO7GqAMHPcq0Iv2CfhusPUVTCmxUscUAUGA,Alhamdulillah bagus,5,0,1.0.4.4,2022-05-12 07:00:04,,,1.0.4.4
efe8c05f-a5ed-4a6f-9e29-f7b57327bb74,Dhani Surya,https://play-lh.googleusercontent.com/a/ACg8ocLN6LT2L00rr73_DKOl95jOn6aw_wgHy4YpmhvJTzxYXMpgAg=mo,Bagus,4,0,1.0.4.4,2022-05-11 20:39:24,,,1.0.4.4
81191fd5-7e7a-4642-9825-383249e92e42,Vonny Novelia,https://play-lh.googleusercontent.com/a/ACg8ocLe5TO9XieHWKXUN7ET_ayOcKfeJzc7P3P7wdOlBK7qKMiFzA=mo,Kalo bisa surabaya bis ini melewati taman wisata atau obyek wisata yg ada di surabaya,4,0,1.0.4.4,2022-05-09 23:11:58,,,1.0.4.4
305c6e28-c202-408d-a5c2-ed702b4d56ae,Atik Kasiati,https://play-lh.googleusercontent.com/a/ACg8ocLiMXfkjO1BWbWKQK5wgpG9R4NnZAjWomux5VMjeNxYGZQuzw=mo,Apakah ada prioritas buat NAKES .Tq,5,0,1.0.4.4,2022-05-09 10:03:33,,,1.0.4.4
b2ac3290-4c56-4c97-9306-29888c1f59cf,Dwi Sabilyanto,https://play-lh.googleusercontent.com/a/ACg8ocIsu2Ufd4G9zFxPPy-rqTy5shPDtSSdUIRBZS-PtI3P68Emug=mo,"Dengan adanya suroboyo bis aku lebih mudah kemana saja ,apa lagi bekerja uang tranfot bisa aku tabungkan trakasih gobis suroboyo ,",5,0,1.0.4.4,2022-05-08 20:24:49,,,1.0.4.4
d73c14c1-669e-4519-a628-e17c3d586664,Feeing Tjiang,https://play-lh.googleusercontent.com/a/ACg8ocLYBaV8tqpErFsckPn2gCAbmtR-aPCNKP2rzBJlYkch7IEZ-Q=mo,Sangat membantu saat posisi bis di mana .,5,0,1.0.4.4,2022-05-07 17:06:02,,,1.0.4.4
143b31c3-8eac-4b62-9690-d02790afdaf1,Erik Dinata,https://play-lh.googleusercontent.com/a/ACg8ocJHmEmLMsH0aqSBUsEAynL0DNoWbfrb0SVcLv-zYF9zrUqIXw=mo,pusing saya mencoba applikasinya.. tidak ada tombol search dari mana mau ke mana... jadi ntar tinggal di berikan masukan naik di halte mana dan turun di halte mana.. rutenya tidak jelas mau ke mana dulu contoh dari merr apakah itu ke its dulu atau langsung ke arah galaxy..,2,3,,2022-05-06 10:39:37,,,
3a952506-218b-430a-b816-c4d92d520df7,Dwi Agung,https://play-lh.googleusercontent.com/a/ACg8ocKw43FingNAkjcYYGSmPv3qSlRXOPk3D7-AyP873ISRvbhe2g=mo,Ok,5,0,1.0.4.4,2022-04-30 08:38:02,,,1.0.4.4
c5bd8ef7-f185-456c-8d89-03211494c2ec,Pengguna Google,https://play-lh.googleusercontent.com/EGemoI2NTXmTsBVtJqk8jxF9rh8ApRWfsIMQSt2uE4OcpQqbFu7f7NbTK05lx80nuSijCz7sc3a277R67g,Tolong kasih tau saya gimana cara pakai nya?,5,1,1.0.8,2022-04-14 10:38:42,,,1.0.8
38d47997-22a2-4306-8f8f-460dbedfab80,Erwin H,https://play-lh.googleusercontent.com/a/ACg8ocJ7aow3NMTgiWy6WdkgrXth7zH3FiUP52obBBRMVgMasNM4=mo,Cara naik gobis suroboyo gimana ya,5,0,1.0.23.3,2022-04-02 18:06:56,,,1.0.23.3
a9bf3003-de2d-4059-b445-65e4c37b0903,Nada Fisa,https://play-lh.googleusercontent.com/a/ACg8ocLnckXwHgAVX74wED8fANyo159J72jnaj3N_tMfvuE4yOCHRw=mo,Pelayanan tidak ramah,1,2,,2022-03-20 12:04:02,,,
05626b96-dac8-4fe2-86bc-c1f2203b4adb,Deny Kurniawan,https://play-lh.googleusercontent.com/a-/ALV-UjWO7X6SU4EE4Wb2N4G_Z1mmsvmt2u8EAK30Gv7FviUejrm2zek,"Maaf kenapa layanan Suroboyo bus rute unesa-its sdh tdk aktif kembali di apk gobis,,,dan layanan rute lidah wetan-kejawan putih trans Semanggi Suroboyo koq tdk ada di apk GOBIS, mohon tanggapan nya agar masyarakat tdk kecewa menggunakan transportasi umum Suroboyo bus program dri walikota Surabaya ibu Tri Rismaharini... terimakasih 🙏🏻🙏🏻🙏🏻",4,1,1.0.4.4,2022-03-13 13:25:02,,,1.0.4.4
05ccd88b-df49-4bae-a360-f512c7d0ef4e,Ifa Sifana,https://play-lh.googleusercontent.com/a/ACg8ocIWGtH_UBW067EMiUAiZIkEp1LPqnCS-4UnkMLDzWGZ8CZ7IA=mo,Mau tanya..?knp alplikasi ini kok gk biza dibuka.tlg gmn caranya,5,0,1.0.4.4,2022-02-28 20:59:54,,,1.0.4.4
f681f199-978e-429d-9d0b-5aefe15206a7,Intan Nurmalita Sari,https://play-lh.googleusercontent.com/a-/ALV-UjWBTUQvS0phiwNB3WwxiQp8OohvBM4txt9MXy593tsvXhsBQXc,Keren,4,0,,2022-02-28 10:19:49,,,
ddca6d9b-039b-44de-82d1-dacbb51f7992,ach Saechan,https://play-lh.googleusercontent.com/a-/ALV-UjWp9IeHmROc89Ucj-1RGFcEWgCTuFWxgbYjzpXyKYzHR59BEGZ4,Oke,5,0,1.0.4.4,2022-02-27 09:25:17,,,1.0.4.4
d7b11cca-ce7b-4594-9f71-e93b4286c432,Abdul Hamid Fahmi,https://play-lh.googleusercontent.com/a-/ALV-UjWWNhdRW0K5t24bjssYb6bQjQZLOXzDoTRngSW51nX21e9ubaNV,Tidak bisa daftar menber,2,0,1.0.4.4,2022-02-21 02:16:15,,,1.0.4.4
36f9c790-f388-4f8c-8c64-a53203420b50,Bluerose hartini,https://play-lh.googleusercontent.com/a-/ALV-UjUqbIE5CiEK7oG9SANvU1pDeM28ot8v2q4I0U92cC1Mys6iJHTBbA,Alhamdulillah .... Akun aktif ..go bus asyiikkk😘🌹❤️,5,0,1.0.4.4,2022-02-13 13:45:30,,,1.0.4.4
f1d826ed-c634-42a5-a46f-c8a8a0ebab18,Putera Herlambang,https://play-lh.googleusercontent.com/a/ACg8ocKICy5bWG67A06s3ns9Fx8XgvOg2NBf4L1un6KxYQdoapY2-A=mo,Ok,5,0,,2022-02-11 10:23:35,,,
ae68e1fb-d8e8-422e-8c73-70860f639414,Nasib Manurung,https://play-lh.googleusercontent.com/a/ACg8ocKhVLUTF2t8xGgkXGjBe94YUa1z7BkGsSM17e6iQ_NMeSXwcA=mo,Saya kasih bintang 1 download aplikasi sulit mutermuter tok,1,0,,2022-02-10 11:14:52,,,
84d4eeb8-9ba4-41de-8b7a-9da4633aac25,Saideh,https://play-lh.googleusercontent.com/a/ACg8ocLqCgDlIm_Czh_V9Q7WcSLnz78NUugColOkA1-Sjkx42z0DeA=mo,"Dibandingkan dg Jakarta, transpor Surabaya menurutku masih kurang. Rute bus-nya jg kurang menjangkau semua daerah Surabaya dan sekitarnya. klo bisa rutenya ditambah sampe ampel, Disitu lumayan padat. Orang2 pulang pergi dari dan ke ampel. Trus jg tiket naiknya lumayan mahal dan tdk terjangkau",1,3,,2022-02-09 21:08:52,,,
5513072f-731b-47be-9579-c6319982857a,Ari Priambodo,https://play-lh.googleusercontent.com/a-/ALV-UjUfqKWHrlbx5bd7e5ymVoZM5-MK-nhGtqsUxVxTXm-Jb_0BXq0c,"Untuk koridor unesa -its kenapa cm muncul rutenya aj, ga ada bus yg jalan?",3,2,1.0.4.4,2022-02-08 11:15:35,,,1.0.4.4
deaa3061-8599-4d0e-a960-b74080c41c26,Rizki Agustina,https://play-lh.googleusercontent.com/a/ACg8ocJf2Ghx4MeBthQYratP7OVMJ-V2fUsoGdww3RfR0p-7okmGTg=mo,Kok aku login pakai email enggak bisa ya? Selalu tulisannya password atau alamat email salah padahal email dan password ku sudah betul,2,0,1.0.4.4,2022-02-06 12:02:41,,,1.0.4.4
8fe558f3-fed1-4405-9372-d37ee45a2cf9,Ilham Lanang,https://play-lh.googleusercontent.com/a-/ALV-UjXa-hdCRSTbchTDWSyCydmVet1DWjBa6BrADQ1PsvWtQmf3dR7t,mantap tingkatkan pelayanan,5,0,1.0.4.4,2022-02-03 21:02:48,,,1.0.4.4
e859d8e6-884e-458e-a415-53e7347b3aa0,04 Amizala Mutiara Shafira,https://play-lh.googleusercontent.com/a-/ALV-UjUUsKbLBw95sFN5hOWrbTzqUM8qBmTsMQnEtLizhxx4Zvc_K1M3GQ,Tidak ada rute Unesa-its ksihan pelajar yang lagi kesusahan transport,2,1,1.0.4.3,2022-02-03 12:18:15,,,1.0.4.3
2f1ac40a-d92b-4df3-83c5-8bad5191ca4d,Retno Widasari,https://play-lh.googleusercontent.com/a/ACg8ocJr7Z1yXMG_uZojxbutrIupQUCpFmEvVYTMLSu8LCjJVdT0mw=mo,Sy beri bintang 4 karna sy nilai sangat bagus transportasi buat surabaya tp tolong d perhatikan lagi untuk pembayaran krn g semua org pnya aplikasi m-banking ato hp yg muat qris klo bisa semua helper d beri saldo masing2 untuk org2 yg g pnya fasilitas m-banking dn lain'y jadi kita mudah untk pergi menggunakan transportasi bus suroboyo trima kasih,5,7,1.0.4.4,2022-02-02 16:23:37,,,1.0.4.4
fcb801c9-4bd6-4cd7-b3a1-0d1fda6cd800,Siti Nurjanah,https://play-lh.googleusercontent.com/a/ACg8ocLTViDbwXo9V7PK31NrhoABeXPJgUG6MOa4G_zKyk2Z17_ROg=mo,Saya mau daftar tapi foto tidak bisa di up ada yang tau caranya,3,0,1.0.4.4,2022-01-31 21:49:38,,,1.0.4.4
27a017dc-ce09-4361-8be9-48ceee48e9b9,Ratna Indraswari,https://play-lh.googleusercontent.com/a-/ALV-UjW_QnQxmXLcu6pHZ1VNs25YjrRaqB9Wg4eKEZzr9vPsfHgDmwAOrA,"Bagus banget, bisa jadi contoh angkutan buat kota lain. Saya bukan warga Surabaya, jadi masih belum hafal jalan. Tolong untuk tempat wisata atau tempat-tempat penting dikasih penanda di map perjalanan bus nya. Selain itu rute keseluruhan bus bisa dicantumkan sehingga kita tau harus berganti bus di daerah mana aja. Terima kasih Suroboyo Bus..sudah memberi kesan perjalanan saya di kota Surabaya 😊",5,28,1.0.4.4,2022-01-31 18:14:08,,,1.0.4.4
2b669d8c-9098-4292-8599-bd168f127a2c,PRASETYO SAKSONO,https://play-lh.googleusercontent.com/a/ACg8ocJDlto7WxF3PKvAFGMGIuJrUojBQS_I4L9UrlElAaGgxfao9oJl=mo,Voucher tukar botol tukar dimana? Opo yo dibuang saja? Gak onok kompensasi?,1,0,1.0.4.4,2022-01-30 08:54:57,,,1.0.4.4
57081463-8704-43e8-8d77-017cceea4514,Kim rosshelia,https://play-lh.googleusercontent.com/a-/ALV-UjVX-sFAAMgDEi2JsMIpgFpwk47UB3fOxBfoLoGJwcAfeUIdS14S,"aplikasi yang sangat membantu, sudah dari lama naik bis suroboyo dan menggunakan app ini, saran saya sebaiknya menambahkan fitur chat dengan customer service. jadi jika ada berita update, dan kurang jelas bisa ditanyakan langsung :) (edit 7:18 pm 29/1/2022) kesel banget pengen nangis, saya menulis ini saat pulang kerja, sudah lihat ada orang tetapi bis SB26 tidak berhenti (alias hanya memperlambat laju) langsung pergi. dan juga berhenti tidak tepat di haltenya, sangat kecewa.",2,37,1.0.4.4,2022-01-29 19:19:06,,,1.0.4.4
89f271ff-384c-4294-a764-3b3311761960,Fatir Hamid,https://play-lh.googleusercontent.com/a/ACg8ocJssQoBxcgzh2kiGQfLoxqlUF1VYDFyibjtJwcdIswMnI80TA=mo,Memuaskan pelayanan nya,5,0,1.0.4.4,2022-01-28 09:54:54,,,1.0.4.4
ca0de80f-ba63-4af5-b49a-9f575b25582a,Mochamad Halim,https://play-lh.googleusercontent.com/a/ACg8ocJ_yInPW7coPmqvQOoTmhmMJlfN2HOwaTeHFaikFKICZjs6jA=mo,Gobis sangat membantu,5,0,1.0.4.4,2022-01-24 12:34:48,,,1.0.4.4
3a5aab50-86ff-4912-b31e-10b20a997110,Ahmad Heri,https://play-lh.googleusercontent.com/a/ACg8ocJi-rqYB_1xv7EUsWsIj7LicVcGEU4j7OUVlSjiQX5SCLstBQ=mo,"Yang penting gps bisa diakses penumpang.,...",5,0,1.0.4.4,2022-01-23 20:14:03,,,1.0.4.4
4a424406-567e-4511-908a-bd6a3f15ffdd,Michael Fernanda Oktavianus Santos,https://play-lh.googleusercontent.com/a-/ALV-UjXml9Uw8P3iMhm8Wbxkr0Of1DGhGX73fm5MJLAiqG0x9H8PEkrKnw,Nice aplikasinya surabaya. 😁😁,5,0,1.0.4.4,2022-01-11 05:42:28,,,1.0.4.4
f17acfca-e7d3-42b3-a1ab-ee29ff7a9303,Sahrul MS,https://play-lh.googleusercontent.com/a-/ALV-UjUh9ZOnqqzixocHH4Ubo9FJtWIRGiscmNIRaNjo8HRQqE7Ri3s,Sangat membantu,4,0,1.0.4.4,2021-12-30 14:41:18,,,1.0.4.4
e3f3b6ff-90c3-4b49-9832-e2364b5840de,Ita Novida,https://play-lh.googleusercontent.com/a-/ALV-UjX_7xQvmmInYhKgSoIJiNQSqX3lqPqkQMWSXf1JRrO4dUGJlY3Pqg,Memudahkan utk transaksi tiket Bis,5,1,1.0.4.4,2021-12-30 14:26:52,,,1.0.4.4
086c4196-2028-49e5-ac07-6d46914f34d8,Budi S Iriyanto,https://play-lh.googleusercontent.com/a/ACg8ocJFTv67m4LPAXIaPoYTN12uxKoYV-pply8dgkHAl251ssgpDw=mo,Bagaimana cara serta prosedur agar kami bisa berpartisipasi dalam UMKM pada aplikasi GOBIS Suroboyo ini,4,1,1.0.4.4,2021-12-27 07:19:00,,,1.0.4.4
08c09a01-2f9a-4855-a7de-afb08f65ac6a,Arsya Seandy,https://play-lh.googleusercontent.com/a-/ALV-UjUyYjzbPg8I7YFLR9ytKWaJKjwIBojdceIJKlFK2cOw5u6O_UYxfw,Aplikasi terbaik 👍👍,5,0,1.0.4.4,2021-12-23 19:16:25,,,1.0.4.4
84811fd9-ed9e-477d-95f7-70c864bd1a09,hari susanto,https://play-lh.googleusercontent.com/a-/ALV-UjUi_GLBdHfs0PDTCpJKihQOCp-R82HfuMdxkggGOOd7e8LGZIc,Daftar berkali-kali selalu dapat notifikasi error,1,1,1.0.4.4,2021-12-19 11:49:47,,,1.0.4.4
046c5e59-2cb6-4379-aaf1-3a728da1caf3,Rara Cangs?,https://play-lh.googleusercontent.com/a-/ALV-UjU9LxrFWV53JYDhB1yZO5PogthJMdRwaVK91---oPNYbaUvLPw,Dengan aplikasi ini saya bisa menggunakanya dengan baik,5,0,,2021-12-19 10:15:30,,,
b789f1e3-4212-4fec-8823-6c0270e74ee6,Stefanny Anesia,https://play-lh.googleusercontent.com/a-/ALV-UjVwJ6tHOPO1DIpEpfurmc7R2AfViZ867EBgsDWSD2PcmwUut6Py,Kenapa saya skrg gak bisa lihat pergerakan bus nya ya Setiap kali tnya petugas ktnya mslah jaringan Tetapi ibu2 di samping saya msh bisa lihat Knp hny saya saja yg g bsa lihat busny,5,9,1.0.4.4,2021-12-16 05:53:01,,,1.0.4.4
c558afaa-28e9-435c-a503-185f837a4267,Abd. Rohman,https://play-lh.googleusercontent.com/a-/ALV-UjWc9gMHKfkVTaT08RgMkCKGcxFnBP30l2TcxlvDC_6_wXPCj1se,"Min, rute nya bisa gak ditambah di Surabaya Utara. Kok hanya sampe rajawali",1,0,1.0.4.4,2021-12-13 01:43:11,,,1.0.4.4
0e74e99b-596c-41e4-b615-d794f1e472e6,K45e. 0k_,https://play-lh.googleusercontent.com/a-/ALV-UjVjbBYNnXq_mx2TtmiSHUbM3L79wki5JVRBKH_4J0jqieFavHLE,Ga asyik SB 19 udah ditungguin di tempat pemberhentian bus malah pintu bisnya ga dibuka trs ditinggal..ditriakin ga berhenti,2,1,,2021-12-12 11:59:17,,,
dd90375b-1d6a-4954-b1e0-a5bf5feb6a7a,Jobfair Update,https://play-lh.googleusercontent.com/a/ACg8ocI5iJeVRo06jwj2KZA16GV2xI6HD-5tzdh7rqVl4lz74PpQlg=mo,Menyenangkan,5,0,,2021-12-07 06:43:01,,,
4943b4a4-dabb-45fe-93bb-70973059fc94,Rudy Miyanto Politisi Indonesia,https://play-lh.googleusercontent.com/a-/ALV-UjUsjeHSzXcayaaqJM67DVVZ31GkqNulwW7NadcvCPS6-BYQd1o,"Sangat BerSyukur karena dengan ada nya Bus Suroboyo yg di gagas sewaktu Ibu Walikota Bu Risma, Sekarang Menjadi lebih Fleksibel di Walikota Eri Cahyadi Dan Sangat Membantu Masyarakat Kota Surabaya. Mari kita Budayakan Naik Bus, Tips Hemat, dan Ga Capek2 Tips Mengurangi Kemacetan Tips Mengurangi Polusi Sukses Selalu Kotaku Suroboyo Rekkkkk!!!... #RM9",5,11,1.0.4.4,2021-11-28 19:12:18,,,1.0.4.4
5a852779-ff7f-4d02-902f-ca0051252e29,Muchamad rofii rofii,https://play-lh.googleusercontent.com/a/ACg8ocKBSvKNwOjv0fyQjLsnODkxLKUaGDYU0mgJQWyne4Y8P6W0Jw=mo,Soalnya bagus biar tidak membawa botol plastik,1,0,1.0.4.4,2021-11-24 08:48:00,,,1.0.4.4
2c208676-858f-4855-af66-6e27eee2eb04,Heru Hermanto,https://play-lh.googleusercontent.com/a/ACg8ocLJFAKF1asclPKt2jXx6ovbCEAWzsB0Bhmp1g2kd3-GP0h8oio=mo,transportasi yg sangat nyaman membantu masyarakat,5,1,1.0.4.4,2021-11-22 13:53:07,,,1.0.4.4
c4912489-b645-47e1-b440-d70889369c6c,Sabrina sabiliya,https://play-lh.googleusercontent.com/a-/ALV-UjWUOgS5MOO1swf4mRqURdgbhySHV8PuMoJQ65LSNcCOnoxCWs5U,"Masih kurang deskripsi tentang tempat2 wisata religi,kulier dan museum di sby",4,5,1.0.4.4,2021-11-21 13:53:51,,,1.0.4.4
90632d7d-864c-42a9-9baa-be639e745973,Moomoo _god,https://play-lh.googleusercontent.com/a-/ALV-UjU4qNQ-4-DtmvTqTy0abcf0P0RRgR2ky1YdXx5UE3hFczo-LM0r,"Gw nunggu di halte tapi malah dilewatin doang, malah berhenti gk sesuai di haltenya. Mana lagi bus nya dikit jauh"" nunggu lama..",3,18,1.0.4.4,2021-11-09 13:12:34,,,1.0.4.4
bd526446-9e8a-4209-a23f-20b55644ebce,Princess Gloria,https://play-lh.googleusercontent.com/a/ACg8ocLVNYDMUlPNzMnlqD4u565IANPsfAvLgCvXzAhzFlx-8kDTKg=mo,"Sangat senang adanya suroboyobus ini...jdi bisa sering jalan"" sma anakku💜",5,0,,2021-10-29 08:52:47,,,
5022cf33-7ca4-4290-a193-c2345d154ec2,faiz zulfa,https://play-lh.googleusercontent.com/a-/ALV-UjUu3chw-zJMEW4TxcWiM5SPTC1bon4NfA7cJqf_-05Xp769k3wl,"Sebenarnya aplikasinya lumayan membantu, tapi untuk mengatur profil member sangat susah, untuk memulihkan akun jika lupa password juga tidak ada. Mohon segera diperbaiki yaa",2,1,,2021-10-27 08:12:19,,,
297d69dd-c1d3-4a17-9978-038762771745,Dwi Agung,https://play-lh.googleusercontent.com/a/ACg8ocLqw_opqWzVD7kozdp0-qnsWAx686gIdZe8735X41D75bN0eQ=mo,Ok,4,0,1.0.4.3,2021-10-21 13:29:37,,,1.0.4.3
f119804b-9813-48c5-b4d7-d249c6811591,Nur Tsuroyah,https://play-lh.googleusercontent.com/a-/ALV-UjWPhiAs50lorsgw3WCcVAmXi96DLgsPz0RLsd9ycs8oXAJt2Jo,Susah masuknya. Sampai daftar email dua kali. Sama saja gak bisa. Walaupun sudah masukkan kode,1,1,,2021-10-19 09:15:08,,,
457c7995-877d-4fcd-852d-182c952799db,Tjatur Sutanto,https://play-lh.googleusercontent.com/a/ACg8ocLwLvgiQML57nHJ04LdOiyJjJry-RV5cpAHxV5xGsTId0EymNU=mo,"Belum ada pembetulan tempat yang hari Minggu nya libur, terus jam efektif nya juga salah harus nya diatur lebih efektif dan benar.",1,6,1.0.4.3,2021-10-17 15:56:53,,,1.0.4.3
d9a3637e-448b-446e-b9c0-53d2d2d95cb7,Raditya Eka Novrianto,https://play-lh.googleusercontent.com/a-/ALV-UjXW5VjBQMmV5fPPOUTWgfdfHdBJEEelxWw6R2kmYDTZV0_W3vR7,Aplikasi yang berguna,5,0,1.0.4.3,2021-10-10 14:20:23,,,1.0.4.3
f9cf7fff-7364-4ca9-801d-b8ed1519010c,wito kancil,https://play-lh.googleusercontent.com/a-/ALV-UjVMadwANfDmyh5b4YjwaK5RRxBrmFev-9IzvohU51mTlYjNXumb,Sangat mbantu,5,0,,2021-10-05 22:00:06,,,
6d0d37eb-6d58-4299-9144-890a05e6aa3b,Hatta Rajasa,https://play-lh.googleusercontent.com/a/ACg8ocLDNzygOA5RpF5kpF9wGcI0efZ_Rpmtw_2vbOiF4xPkUBBFcg=mo,Gimana sih min.. Sampe ganti email bolak balik ttep gk bisa daftar jadi member..,1,2,1.0.4.3,2021-09-21 10:44:59,,,1.0.4.3
80032c06-8315-41e8-ae63-4037e4c9c60e,Rinda Mega Lavita,https://play-lh.googleusercontent.com/a-/ALV-UjUGzEvY5UAVM5scI54bjV2WXvMtuVhC_82yBAwowKKq7wNWJFUo,Yukk,5,0,,2021-09-19 00:51:39,,,
55398e18-e96f-4163-bfaa-db2e65654e72,Ariez Ilectrik,https://play-lh.googleusercontent.com/a/ACg8ocIiWAZ-QbHZhhjT2iiQUUOX1i3ZuoKc8XOrdnsHXuuP3L0uFg=mo,Saya berharap ada fitur untuk mengganti alamat email.,1,0,1.0.4.3,2021-09-16 03:14:27,,,1.0.4.3
71e5d475-27b3-462e-b56c-2c55c2c479cc,putri perdani,https://play-lh.googleusercontent.com/a/ACg8ocIJM3YDycblY5S8Ciur4BX5hnloKPyS8DPlKOGiLh0f6fQuUw=mo,Sering error dan posisi bus tdk tepat😭,2,1,1.0.4.3,2021-09-15 18:11:12,,,1.0.4.3
f1a784b0-6bfb-41b5-9438-022f13b520e0,Marwa Aliya chanel,https://play-lh.googleusercontent.com/a-/ALV-UjUVIIE4d_W1llRVHmuVfnKDXJQWVcyGArmFAbM14l1qMAItsOo,"Ok banget sangat membantu sekali,,,",5,0,1.0.4.3,2021-09-12 15:22:19,,,1.0.4.3
d2bcf7a0-a535-4022-a53c-100c4bf67ef4,Luciana Sarijowan,https://play-lh.googleusercontent.com/a/ACg8ocI1CvOMrZT6ogKokSxfXEBpxvFSkbcMCqlo326V3sJ6AsScQg=mo,Service nya lumayan baik kebersihan jga terjaga dan amat bersih MANTAP POKOK eeee Rekkkkk👍👍👍,5,0,1.0.4.3,2021-09-05 21:43:02,,,1.0.4.3
50903c64-87c7-434e-a6e1-467ab967174c,Aida Novitasari,https://play-lh.googleusercontent.com/a/ACg8ocLlCRyaNJO9b1LJy_Q_ZSFFYW7S9cGg8CCuAkpwrTaCS2nyOA=mo,Service sangat baik,5,0,1.0.4.3,2021-09-03 06:23:58,,,1.0.4.3
126f94ba-a88b-4713-996c-cc13fcd49099,Hartono Hartono,https://play-lh.googleusercontent.com/a/ACg8ocIcUGGS5c98NPImbQspxzzwTDxsBUdxlcV0HHPYt6wUQibojw=mo,Ok,5,0,1.0.4.3,2021-09-01 17:21:02,,,1.0.4.3
7ec3c462-9df6-40a9-9a6c-62cd6f2d038a,SUKI Channel,https://play-lh.googleusercontent.com/a/ACg8ocIDln_FPP28bbjml49VLu2cw4Lg9M_JPdQleZCFvNZS6RbI5kA=mo,sangat recommended deh buat perjalanan saya ke Surabaya,5,0,1.0.4.3,2021-09-01 13:56:01,,,1.0.4.3
5727bf65-e0e5-4c34-9b34-f0c9870e22d7,L41LY D1Y4h,https://play-lh.googleusercontent.com/a-/ALV-UjV9BrmOcSTTMhLTWY3Xh1ZEltObbkWi3kVi9jHg81UrGlH-fpPd3Q,Membantu,5,0,1.0.4.3,2021-08-31 12:52:46,,,1.0.4.3
03e48e40-1eba-4450-acdb-51affa13ad9b,Indi Bakhtiar,https://play-lh.googleusercontent.com/a-/ALV-UjVx8jboQsSFgpy_Anbj7nmer0bHe5PcCN2nQ6V9VYnTTJNDqLGuSA,"Halo kak saya mau nanya, saya ingin coba naik, pembayaran nya apa bisa pakai tunai ya selain pakai botol? Soalnya di rumah ga ada botol bekas",5,15,1.0.4.3,2021-08-30 21:22:27,,,1.0.4.3
1a61b7ca-4e70-4a69-98a5-8fe3e083b083,Susi Yanti,https://play-lh.googleusercontent.com/a/ACg8ocLYsk6r4yCfiXQ1rTagU5FmNxV20c8Ycau3VE_hJ6iAb-QaOg=mo,Nyaman bersih bis nya pokok e enak dech.Dan sangat terbantu sekali .mksh srby bis,5,2,1.0.4.3,2021-08-28 12:08:16,,,1.0.4.3
ca5a3951-c90b-4426-879d-8d6744898495,liza bahri,https://play-lh.googleusercontent.com/a/ACg8ocIxmPBr4c9R4jkUIipanh3NjghgYbrXcfcTy-jI-ZtIPXwa5A=mo,"Sangat membantu. Diaplikasi perlu dinformasikan maks jml penumpang yang bisa naik/terangkut, apabila 0 (nol) maka calon penumpang bisa mencari angkutan alternatif lainnya. Tidak menunggu lama, karena yang ditunggu ternyata ""zonk"" kasihan. Terutama kalau ketemu calon penumpang berusia lanjut, gk bawa hp/hp jadul. Semoga menjadi perhatian pemangku kebijakan, terima kasih.",4,8,,2021-08-27 17:13:52,,,
97389d21-e70a-4598-9550-918742d77e63,Hafid Ramadhan,https://play-lh.googleusercontent.com/a-/ALV-UjXXYCoHdU8lWw_-bEhcUTz4tsT1uf8Y8OomXbUR8XgxGqHP5f1Q,"Aplikasi secara fungsional sangat baik, namun saran untuk mengembangkan UI/UX nya lagi, biar user betah dalam menggunakan aplikasi",5,16,1.0.4.3,2021-08-26 13:56:04,,,1.0.4.3
3ec4d845-51bb-4478-bd8f-c9d508bc93a0,HUSNA SISWANDRIYO,https://play-lh.googleusercontent.com/a-/ALV-UjVnf649Wf-JdzgfmRhRUN9BWT50ZuIvbRW2aQH30kjKCsKHS3_R,"selalu membantu keberadaan bus dimana,",5,1,1.0.4.2,2021-08-24 18:38:01,,,1.0.4.2
e363bc26-ae18-4af3-9ad5-48bc99e47a29,Budi Tjahjadi,https://play-lh.googleusercontent.com/a/ACg8ocJmdfFdO4uSMvrox9F_Jw2grgx3LTfj9h8rVTAZtLGu2Cv5yg=mo,Tdk perlu menunggu terlalu lama kecuali klo tdk bisa naik krn sdh penuh,5,0,1.0.4.1,2021-08-24 08:18:03,,,1.0.4.1
145da5f0-b894-454e-b915-1e2514e3b157,Achmada Fiqri A Rasyad,https://play-lh.googleusercontent.com/a-/ALV-UjW-DnOcsD8R5bEGMQvdqP6RxzQgA0iv6LwvfbzQgwNPFoAIO6cuAQ,"Mau Regis nda bisa, bad UI/UX, waktu daftar password nya ga dikasih secure field text, seharusnya kalo mau bisa diseen bisa dikasih fiturnya. Peletakan petaknya juga MasyaAllah sekali min :( banyak loh orang Surabaya yg kompeten",1,14,1.0.4.1,2021-08-23 13:49:02,,,1.0.4.1
5fcd126f-ab54-4c00-9126-29ccc9463e5e,Ferry Cool,https://play-lh.googleusercontent.com/a-/ALV-UjXSVDK7UuXFWU3R5Z3KfGda1xqIcFegbm4qfrQVbuGecZxOoTI,Bagus,5,0,,2021-08-16 09:58:10,,,
93af836f-f92a-4d90-9007-76825a5d6f9f,juma'ari romadhoni,https://play-lh.googleusercontent.com/a-/ALV-UjW6sMYSsD-qLCHvtjB6Uq1Ao4XxE2U9Rl9cd0qpd22sFz33jN0,Burukkkk,1,0,1.0.4.1,2021-08-14 16:46:29,,,1.0.4.1
977f34ac-552e-4486-aba4-181366f23d80,Putrigafa Gafaputri,https://play-lh.googleusercontent.com/a-/ALV-UjWTOrk0LaAEc68KLh5QXFfCffB57CkAFxAFY-s_hNF8YDky-X6u-Q,"Kenapa ya ko aplikasi bus ya tidak bisa dilihat rute bus ya ada dimana ,sudah bolak balik di cek tetep tidak kelihatan rute bus ya ada dimana .mohon dibantu",4,1,1.0.4.1,2021-07-18 06:51:36,,,1.0.4.1
f25864d2-5b71-4d20-8fcb-ecbc4cfee69d,Sekar Manies,https://play-lh.googleusercontent.com/a-/ALV-UjWr78whq0yPxBTP9WHQKS11NZjWEFTOe1iyoI02iSD4Zn3xji41,👍☺️,5,0,1.0.4.1,2021-07-14 08:40:39,,,1.0.4.1
76b96cf4-56b7-4f14-baa5-d45382c00ab3,ARKA,https://play-lh.googleusercontent.com/a-/ALV-UjUqEvekz_d5ZutOw-6n8mST8vFQ0BT4VGKFsJ0Vnv2gL1JAZ_W_,Suka sekali bisa keliling surabaya... yeayyyyy. Makasih,5,0,1.0.4.1,2021-06-30 17:40:23,,,1.0.4.1
5efe6442-627e-4086-9c24-ede0a41db1a2,Niti Syachrenggo,https://play-lh.googleusercontent.com/a-/ALV-UjUMgrzbY7dgguFAaJ-mi4t0bN0w5wI8yRAZwZMjb6LVOgB7yS7N3Q,Ok,5,0,1.0.4.1,2021-06-28 06:35:51,,,1.0.4.1
66437dfd-47fd-43f8-b967-6f025c6741e0,Irene Wulansari,https://play-lh.googleusercontent.com/a-/ALV-UjUkqZ-4DRASVux6U2XiDmfW1wYM3o0rnwhmXa8sFOxvrAUQxWE6,Mau coba naik angkutan umum,5,0,,2021-06-24 18:52:22,,,
22cfd2d0-5125-4afc-887e-e785f94b5989,Yanuar Islafudin,https://play-lh.googleusercontent.com/a/ACg8ocI22fmLRpjVbmvqV_UTjk4KyrWSFvhLSGgpBVyaRI1szaF13w=mo,"Min tolong perbaiki login saya dong, saya belum dapat email masuk verifikasi data akun nih",3,1,1.0.4.1,2021-06-20 06:24:42,,,1.0.4.1
a6beafb8-1f7e-43d9-9a84-33c75d1530c2,Meutya Rizky Putri I,https://play-lh.googleusercontent.com/a-/ALV-UjVdZ_xY11LrsSacOym-WRmoG23nPcytE9bUSvJzD_JxUuU9130PGA,Kenapa saat saya ingin mengubah profil tdk bisa malah muncul 'password lama harus di isi panjang minimal 6 karakter!' Begitu saya udh ganti2 password trs tp masih gk bisa tolong untuk solusinya🙏,3,10,1.0.4.1,2021-06-15 23:18:35,,,1.0.4.1
1edf2443-3077-44e1-9bc0-34eafbaf3c93,Nickma Aza,https://play-lh.googleusercontent.com/a-/ALV-UjWFWBh_yEfCf4RPpSP317-uNdOWwqRnhu7irRswkkRpXwMuCPVOzQ,Gpsnya kadang gak tepat,5,0,1.0.4.1,2021-06-08 09:54:18,,,1.0.4.1
e03459e8-88bb-4a3e-a400-25b458f1e161,Abraham,https://play-lh.googleusercontent.com/a/ACg8ocKrcct_MhNSMeHGtQbBmEQ3KvAR1VPvJjrf00JqDDsUw0Zx0w=mo,Timetable bagus. Sayang sejak update tsb jadi gabisa digeser kanan kiri. diperbaikin ya,3,5,1.0.4.1,2021-06-06 13:58:35,,,1.0.4.1
a941388d-970f-4fe3-930a-f9b16a7cb42d,John Katamsy,https://play-lh.googleusercontent.com/a-/ALV-UjX145N-WhcPm9PHbt-jK8EGRzYRIs_mSwJIBVxZ3Ffu3kXIos8,"Mungkin bisa di kasih keterangan bus dalam posisi full atau masih bisa nampung penumpang , makin tambah Joss aplikasi ini .",4,12,1.0.4.1,2021-06-02 17:41:49,,,1.0.4.1
7b54a6b8-a2e2-4935-9bc8-d1dce99024b8,Eko Christy,https://play-lh.googleusercontent.com/a-/ALV-UjVHEgk2trVTiZUhkh8unsyVmvVa0XV9pzXmt9qZOqa7Lm8OCrU,Samsung Gift Indonesia Memang Hebat dan Cerdas..😊👍,5,0,1.0.4.1,2021-05-09 18:58:20,,,1.0.4.1
3e24f294-394d-43be-a3ff-0c3fa62dadbf,tony iskandar,https://play-lh.googleusercontent.com/a-/ALV-UjWTMq8Tj9TWcQVH90-LtszmLrY9c8w1IImfRseQeF5mlpkEAnA,"pelayanan cukup baik, bus nyaman dan bersih",5,1,1.0.4.1,2021-05-04 08:13:25,,,1.0.4.1
e1f153fd-bc1f-47ae-91d9-4ba18be8270d,mlaku mlaku,https://play-lh.googleusercontent.com/a-/ALV-UjWknTC0tyhSTa6s_Vj35CRFIhbPYUdZCILp-ba890pCs12Mva4R,"Senengnya bisa tracking posisi bus, dan bisa digunakan untuk menyimpan poin tukar botolx",5,5,1.0.4.1,2021-05-04 06:34:08,,,1.0.4.1
d5e498fa-82d8-43b6-a71a-aa5cdc325eda,Nadiyah Suryatini,https://play-lh.googleusercontent.com/a/ACg8ocIEOfGdbGm-7nhW-l_8RNT9vDQHRT6tMeCe3TN3uf44UFz0VQ=mo,Bus terbaikk 😍😘,5,0,1.0.3.0,2021-04-15 08:50:08,,,1.0.3.0
9ba7eb0d-0312-4e14-9d64-77aa899b25dc,Christiawan Banu,https://play-lh.googleusercontent.com/a/ACg8ocL2ogL9bErO3NqiUKWUQKajAg568w1TzCz1v-0-3CC0Jq784g=mo,Sangat membantu..,5,0,,2021-04-12 16:37:00,,,
ed6cc544-277d-4cca-aedb-c6270f2c21e4,Hatimah Nizi,https://play-lh.googleusercontent.com/a-/ALV-UjWELNch8-8FDhI2ft-EUNPY_bWytMl79tx26HTbTGdoI21E2v-3,"Daftarnya kok ribet ya, katanya akun error' lah, sdh terdaftar pakai akun lain lah, password salah lah, trus maunya gimana sih kok sangat ribet, apalagi botol sdh masuk 15 point angus nih, tolong dishub jgn mempersulit masyarakat dong, sdh pakai stamp kayak kemarin saja, bikin ribet aja😡😡😡",1,3,1.0.3.0,2021-04-11 13:59:04,,,1.0.3.0
a24801e2-a98d-4678-bdf0-eef710780b79,Agus Wibowo,https://play-lh.googleusercontent.com/a-/ALV-UjXpyXb6NCg3Pt_BfMgbUuG5g5hNRzS9rTCx9oaWmyIeX-i9V3H4EA,Baik untuk umum,5,0,1.0.3.0,2021-04-08 18:48:27,,,1.0.3.0
5d13c7a4-72cb-45aa-863e-942da11c3f75,M. Fahmi Ashari,https://play-lh.googleusercontent.com/a-/ALV-UjWHdBAVxMe4n4mmLevjZ4AzcFxpzKq-tH1OmOgZ7dVCDJ4iZqzz,Good,4,0,,2021-04-05 19:16:45,,,
0f7e1634-fb02-4854-b06c-7309db5861bd,خليفة صحبي,https://play-lh.googleusercontent.com/a-/ALV-UjVI4eBvmFnEDq-UhLdmNK5RHr7JxwqAX7OECQWk0Ipb5Us2rLNP,"Kenapa ketika daftar kok loadingnya lama. Habia itu aku refres, daftar lagi tulisnnya ""akun anda telah terdaftar"", namun ketika login kok ngga bisa ?",3,8,1.0.3.0,2021-03-17 19:20:27,,,1.0.3.0
bbeb5e20-3dbf-40c0-8ae5-075efbe6d0c4,rachoriz,https://play-lh.googleusercontent.com/a-/ALV-UjWdRlfgSej8ur1vIKWcDzD2Yf--ZsGQJJvNyjSwi9uwzhKv_wq4,Terlalu lama menunggu dan menunggu.. perjalanan juga sangat lama bus sangat sedikit.,1,1,1.0.3.0,2021-03-01 17:43:18,,,1.0.3.0
d157da8a-fab1-4dc3-bbc3-7aa1140b4bba,Adhi Mardiyono,https://play-lh.googleusercontent.com/a-/ALV-UjXokd8F7KgpL2NIBBz622U0Fd4KwWghA1DNn6xrrD2XZEzJpHz1,"Perfect banget Suroboyo bis ini. Gratis, bayar pake sampah plastik, dan nyaman puooolll.. Aku selalu pulang pergi kerja naik bis ini. Semoga semakin banyak rute yg dijangkau, bahkan bisa menjangkau lyn / angkot suroboyo juga, utk perbaikan nasib para supir angkot. Dan karyawan suroboyo bis semoga selalu dilimpahkan rejeki dan kesehatan. Amiiiinnn. Saran, ke depan bisa bayar pakai linkaja atau ovo",5,15,1.0.3.0,2021-03-01 12:19:04,,,1.0.3.0
414271e3-e709-43e7-a752-3cda9e3933fe,Moch Faris,https://play-lh.googleusercontent.com/a-/ALV-UjUfN3yO_CCXDv5fZjYYQBuvt-Rf1b4YONt5l4XCWs5ObQ5xJjva,"Sebenarnya belum mencoba armadanya, tetapi aku kepingin banget naik, tapi bingung cara tukar botolku yang lagi numpuk dikantor kerja aku dan dirumah 🙂",5,1,1.0.3.0,2021-02-28 11:37:33,,,1.0.3.0
3a4a826f-deee-4fce-acba-cc8a21ed5e41,siti ibdaik,https://play-lh.googleusercontent.com/a/ACg8ocIm3n-koEjZEIObjH9pw-sLBn-osi04_ur9UeIINlzWbdSMng=mo,Gobis suroboyo,5,0,1.0.3.0,2021-02-14 09:32:40,,,1.0.3.0
52a004ba-6aca-4601-99f7-a3371fdc9220,Roy Malonda,https://play-lh.googleusercontent.com/a/ACg8ocJ5TSN0Mp39RmeJX0JZW26edGevT1BqAsWj48PsmlrWwwMLeQ=mo,Good,5,0,1.0.23.3,2021-02-09 20:34:10,,,1.0.23.3
4659365f-1bca-48d1-a7f6-9d1e6c27135a,erlinda official,https://play-lh.googleusercontent.com/a-/ALV-UjXX53UsjhqwSgAHJTC2f2n86OIPJoa1so3vIWlyy1yN4FNtXUxU,Kenapa d aplikasi tdk kelihatan busnya,4,0,1.0.3.0,2021-02-02 16:51:53,,,1.0.3.0
5687573e-b951-4f86-9792-d4fa31cffa8a,Sumarni Sumarni,https://play-lh.googleusercontent.com/a/ACg8ocJkkEH_TkTT3TrsCm71GXgJ6NB-zpZJxhuAGakuPO6Qs-D-cw=mo,"Membantu banget naik gobis,nyaman dan bersih",5,0,1.0.3.0,2021-01-26 18:37:07,,,1.0.3.0
6171c05d-33ef-4103-967e-c0848d1fa0ff,IWANNAWIWANI,https://play-lh.googleusercontent.com/a-/ALV-UjVAjr3BOfVrjRKzs1zygIMba58oFTsMH9j0ZqW8TjmEiDjo4I_hPg,Terbaik,5,0,1.0.3.0,2021-01-15 03:51:29,,,1.0.3.0
274d2a3b-c532-43da-969b-9583f471238d,Ya Ya,https://play-lh.googleusercontent.com/a/ACg8ocJTsbuqeTCm2OOJA8qt-E4bJH_Pb_gzwPgIM9Ulpnw7Gc35wQ=mo,Pelayanannya sangat mengecewakan! Sopir mengomel pula. Padahal saya sudah bilang berhenti. Saya dari arah halte rajawali mau berhenti di halte dekat pemkot! Huh!,1,10,1.0.3.0,2021-01-07 18:35:50,,,1.0.3.0
ba431245-8356-40ec-a582-202a170239d6,Patima azzahra,https://play-lh.googleusercontent.com/a-/ALV-UjUxzsp3Q2f4hO-pW2RZtjo6-_mTdmJCzzjq_sfDoHlMHOUShKen,Maaf saya kasih bintang 3 soalnya tidak bisa diaktifkan,3,1,1.0.3.0,2021-01-03 11:13:36,,,1.0.3.0
1c9d4e53-e57c-43dc-8d5c-55f22fea4037,Emir Rizal Firdaus,https://play-lh.googleusercontent.com/a-/ALV-UjUiATUQDzMAHDnO9hwtDwx-3EtR5iAnmyLzSWiJU1t1hp0RrsLX,Tolong bayar nya pakai e money saja,1,1,1.0.3.0,2020-12-27 15:48:27,,,1.0.3.0
0772edd6-ff13-4530-bbcb-23dc21b576b3,Kaper Utri,https://play-lh.googleusercontent.com/a/ACg8ocKNqB2a3r3lZvEdtVfjAQgVj3vlLgmWmB2xh48G7jwe_vdJfw=mo,"Tolong2...tolong tdk mncul point nya & app eror😩. Katanya srh online jadi mmber saat penukaran botol, malu dan gak enak aku sama petugas cecking tiket. En ribet juga. Lekas perbaiki ndan...",1,1,,2020-11-30 13:09:34,,,
db2b1c0f-b424-4d15-a71c-8b7cf01171d1,Raras Weda Sari,https://play-lh.googleusercontent.com/a/ACg8ocIOQ9s795ikgthI2EcYNx-1JGOeTL5TFqZ-3bH0el8XX3RIXw=mo,"Hari ini saya sudah berkali kali ngantri gak bisa naik, katanya petugasnya busnya penuh di bus belakang kosong. Saya tunggu bus di belakang. Bus belakang sampai, bilangnya juga penuh dia bilang bus belakang kosong eh nyatanya penuh terus, padahal w udah pake scan halte, nyatanya kagak fungsi, eh pas petugasnya bilang penuh, ada yang pamer donk lambai lambaiin tiket masuknya ak. I just want to go home !. Dah lagi pas udah dapet bus buat pulang eh petugasnya maskernya dicantolin dileher donk",1,7,1.0.3.0,2020-11-22 16:00:14,,,1.0.3.0
12464edb-8474-4523-8d52-2d9f4e718df6,Muhammad Rahul Rizki Syuhada Annur Umasugi,https://play-lh.googleusercontent.com/a-/ALV-UjV9I3Rp5rUy_qpycktwMtuq-waDq3shrArP3D_Z_HOjiTuT_U6L,Tolong Dong Kakak/Mbak Developer Untuk Informasi Jam Operasi Bis Dipasng/DiInformasikan Diaplikasi,5,3,1.0.3.0,2020-11-19 22:41:49,,,1.0.3.0
35ba4276-1b88-4b61-9687-761a7379cb1c,Siti Isminarsih,https://play-lh.googleusercontent.com/a-/ALV-UjWcuKj_Oj5fi7EoiGHmJHU7qtFj1zF691f6CLZQEOO6WWA5kE4,Scan menunggu di halte ga fungsi. Minta tolong konsisten 20 menit bus datang jgn kebiasaan ngetem!! Budhal 10.30 teko halte Embong Malang sampe halte Darmo park 2 jam 12 lebih!! Iki bis piknik gawe wisata opo bis suroboyo??,1,2,,2020-11-17 12:01:30,,,
a86f0520-0fc8-4d74-91b8-0e60290f47ea,Yuliansyah Pratama Putra,https://play-lh.googleusercontent.com/a-/ALV-UjWEBv_fiDdI6mmlrPm7S7vQpI_UNmnj7ZFaWrAt24Fcuu2xqR3w,"katanya email di sugnup secara manual, tapi belum di daftar2 kan. lamaaa. perbaikilah Appsnya",1,0,1.0.3.0,2020-11-17 10:31:43,,,1.0.3.0
a217a7b0-54e6-401d-a81d-1d34a36d6051,Tati C,https://play-lh.googleusercontent.com/a-/ALV-UjXdAy1twsb-uWgH8GeLKrt-AGKZ-fiF6X0WOhnamXm42BuIGM-C,Apik pol,5,0,1.0.3.0,2020-11-16 18:50:32,,,1.0.3.0
8d7d2d1e-5f13-4d05-a074-3683974b6ecc,Hohoh Hoho,https://play-lh.googleusercontent.com/a-/ALV-UjVP4pXQnSbF0FbgGJ40PpKmN6rbctRuqeSzU2ijdv92kk5FyBKo,"Itu yang pengatur suhu nya sudah rusak tolong di ganti kok bisa bisa nya pas ngecek ngomong nya suhu nya tinggi padahal tidak saya sampai ngecek di tempat lain itu mereka suhu saya tinggi, gimana sih itu kalian alat suhu rusak gitu masih di pakai",1,7,1.0.3.0,2020-11-09 09:59:15,,,1.0.3.0
f6af3301-7bf4-4201-82b1-1e100eeb7689,Kumala Arditia,https://play-lh.googleusercontent.com/a/ACg8ocKqgdHRlxtG3OdLuphfk6kYudS7NgoFqbA41H_vrZh-fY3BsOmO=mo,Mantul,5,0,,2020-11-01 13:09:16,,,
414ceea0-3f15-4353-858e-57bafe1d50e2,Arka YT,https://play-lh.googleusercontent.com/a-/ALV-UjUibW_k2llrq8LP41BWe4iE24vG_GVY0dflWgl1Rvpozai-4q6w,Mantap bang jago,5,0,,2020-11-01 10:02:33,,,
4a10c78d-f529-47a5-b02d-ac826a7587f5,BAKSO RAJA SURABAYA,https://play-lh.googleusercontent.com/a-/ALV-UjXPmP3ddFVzyiuAC-JAmoth0BOYJwXEaqCzllQCZ49z26jQQ_WHSQ,Bermanfaat,5,0,1.0.23.3,2020-10-27 15:48:01,,,1.0.23.3
74f9ff82-2cc6-479a-a35b-ad827bcdaf7a,Rosa Christina,https://play-lh.googleusercontent.com/a-/ALV-UjUTSct8ap0iabkBJJ7VYEUEOMVndIst5zh7ePgZlmj3CcTq49y0,"Tolong dong diperbaiki sistem yg bikin membernya ... udh 2x daftar gk bisa2 ... yg pertama loading trus, begitu kita masuk katanya akun sudah terdaftar tp login gk bisa ...... bikin pake akun baru juga gk bisa !! Gmn sih . Niatnya mau mempermudah malah mempersulit begini 🤦‍♀️🤦‍♀️🤦‍♀️🤦‍♀️🤦‍♀️ gk berkembang2 dah sistem member ini",1,8,1.0.3.0,2020-10-25 15:54:11,,,1.0.3.0
6b45c9c5-c096-41bd-9415-fc63be2af9c8,MOEKHAMMAD NOVI P.,https://play-lh.googleusercontent.com/a-/ALV-UjWcIjcWAaAdNvBnYyPEQL4dSZc9LL4E3mNam2F4TJGs_rBuCTkk,good geprek 7000,5,0,,2020-10-24 17:28:50,,,
e5803868-6e6d-4a4b-83a1-7cc08a08ff39,Aal,https://play-lh.googleusercontent.com/a-/ALV-UjWnh_whvvhrPn1qO0fjrw3NMJmpt6Jrk1AnIEdjdT79SayMRc97uA,Bagus kerene juga Apknya,5,2,1.0.3.0,2020-10-24 14:38:35,,,1.0.3.0
f2673671-a6c0-4fca-b937-3ac6fb8ed8f1,Rosiana Kawidjaja,https://play-lh.googleusercontent.com/a/ACg8ocJtVQOhcljZW3UE457yhcPtuJRpfpYFS_BKOYkkaucWq8dD7A=mo,Ok lah y,5,0,,2020-10-15 06:55:49,,,
9189dfd1-2d62-4f20-971c-1de27e6a3591,Uky Purba,https://play-lh.googleusercontent.com/a/ACg8ocJpWcIAVOdNqGrA5aSXP4Ml6PAzjQl7UA_wr0h8zqc0NNyRGw=mo,Berasa naik bus di luar negeri,5,0,,2020-10-11 12:54:52,,,
7126f796-700d-4f69-a5e7-12aed00a7933,Zetawati Zetawati,https://play-lh.googleusercontent.com/a/ACg8ocIbI7gQ2YuojECoeMtQF_6WKT1WBYA_aiKiZtdeQAxoF4a2Jw=mo,Busnya nyaman Sangat membantu sekali bagi para pekerja Sukses selalu surabaya bus,5,4,1.0.3.0,2020-10-06 18:59:54,,,1.0.3.0
dadd157a-ea47-479a-a685-85de9eb7d9f8,cakdol,https://play-lh.googleusercontent.com/a/ACg8ocI-M4_lxAtQfnx1Cb5pH3butD0qy_SUGQj52LtkmEfvKPCwmw=mo,Siip,5,0,1.0.3.0,2020-09-24 13:42:34,,,1.0.3.0
347f70b1-d00c-4763-a59a-d067a8ad16d2,Nana Chan,https://play-lh.googleusercontent.com/a/ACg8ocKb8BHDphgdNIomSN00MwU_o8IFDA5EPhrH3aZ4lqGX-jXUsP4=mo,Pake IM3 icon bis gak muncul nih..bisa minta tolong diperbaiki?,1,13,1.0.3.0,2020-09-17 16:47:24,,,1.0.3.0
1abef6e3-f875-4ba2-abee-6af3dbcf7269,Anggie Ariani,https://play-lh.googleusercontent.com/a-/ALV-UjXUXKVSHeN-GFuG8fs_UZfCnQPHDfLMfEi7nkslK3tx4WcM-oWdng,"Sering tidak bisa melihat posisi bus, padahal jaringan saya bagus",3,1,1.0.3.0,2020-09-17 07:02:01,,,1.0.3.0
b4775d74-110a-498b-9751-8920bd2b49b4,Bilqis Zuhriyah,https://play-lh.googleusercontent.com/a/ACg8ocI26VG5ddp2A4mlIwNoLSRoG1M3sY5ItwZXgmB66Up9KAayBQ=mo,Sering eror gak muncul rute nya sampe mana. DM ke IG nya bilang sinyal saya. Aneh. Pdhl kuota saya 4G 50GB,3,0,1.0.3.0,2020-09-13 10:59:09,,,1.0.3.0
f2e12869-84b5-4b75-9278-721d51eb2a7f,Dhini Rusti,https://play-lh.googleusercontent.com/a/ACg8ocIRtckZmessveQBwFZpF0PPrXT0TgIPRPRH893Hnwzz1cofjA=mo,"Go bis sangat membantu banget, bersih & nyaman. Sdh 2 th sy terbantu dgn gobis. Cm 1 bulan t'akhir apk nya tdk bs sy akses pke jaringan inet saya. Sdh sy uninstall.& install.ulang ber kali2 tetep saja. Sy bisa lihat posisi armada klo pke jaringan wifi. Apk yg lain tdk ada masalh, cm go bis aja yg tdk bisa. Sy tanya ke provider jg blm.bisa dipake",3,8,1.0.3.0,2020-09-12 20:22:27,,,1.0.3.0
17048e2e-4707-4977-b3d4-3b75bd42e1b5,Annaurah Barier,https://play-lh.googleusercontent.com/a-/ALV-UjV5CCYaQUEDL4-PJXcGe6EDjmA5gB8pBDKnPkjd1Sks-7R4DhE,Ngecek sering gak bisa keliatan / gak keluar posisi bes nya. Padahal Kuota penuh.,2,1,1.0.3.0,2020-09-05 07:33:58,,,1.0.3.0
50396552-6797-4610-8015-e86132b62a5a,Rony Eko Soetijawan,https://play-lh.googleusercontent.com/a-/ALV-UjVmsKCZrvCTBoOpA4aQlYtJC0CJYQWEGx985z1UvpVdle1ykPTA,"Terkadang Gbr Bus pada Rute, tidak terlihat...",3,0,1.0.3.0,2020-08-26 16:35:54,,,1.0.3.0
9e8ded9f-1afb-40d7-810d-cf3fdba595d4,Alwinda Priska,https://play-lh.googleusercontent.com/a/ACg8ocI64EMXKmr_eoGCrH8imcyEL88qDKiDaJ9RHAoWVaPvUpHc9g=mo,Aplikasinya apakah sedang dalama perbaruan? Karena 2 hari ini aplikasi saya tidak bisa dipakai,5,0,1.0.3.0,2020-08-26 05:27:08,,,1.0.3.0
ec0dc07b-f266-43d4-91a6-961f9de86e86,Tatan Putra,https://play-lh.googleusercontent.com/a/ACg8ocKKRiZE9DSHvcRLmuaQBz95Jq0DHdI2P_G35GUqspJwAtBFDQ=mo,Sangat akurat,5,0,,2020-08-25 08:56:29,,,
378e63ac-25c2-471e-bfc6-49846c9a58e0,muhayatibintithowil thowil,https://play-lh.googleusercontent.com/a-/ALV-UjUZPtiTEuMIsASWzIa2qSweaKpyWRwdGgempOn-qb0UJHqVb7Wl,"Seru bgt naik bis ini, nyaman juga, mungkin kedepannya bisa dibuatkan rute ke tempat2 wisata, seperti Suramadu, hutan mangrove, Kenjeran biar lebih enak terimakasih",5,3,,2020-08-23 11:55:11,,,
8873084c-8e2d-442e-8ded-9327b9fdc824,Liem,https://play-lh.googleusercontent.com/a-/ALV-UjV_at9q7ZI8FIjy7-mUEXStaENb9BL0qmSZm1qp_0EX26vTGyEl,Aplikasinya menarik dan berfungsi. Sangat membantu bagi orang2 yg naik kendaraan umum,5,0,1.0.3.0,2020-08-22 16:59:49,,,1.0.3.0
0032b8f4-5d88-4a7d-949f-13fe96eb6192,Ronald Kurniawan,https://play-lh.googleusercontent.com/a-/ALV-UjUZkaZiYxzwyEt11u5-bgRfEj_Jwt9SV9Bp4LrmrKiBhz5pqYDp,"Bus nyaman, bersih dan aman.. mohon untuk armada bus di tambah jalur unesa smpai ITS. Halte untuk menunggu hrs nyaman ada tempat duduk dan penutup supaya tdk panas",4,0,1.0.3.0,2020-08-19 21:19:23,,,1.0.3.0
a2a76464-ec5b-47ac-af35-74f2b9bc47e3,WINDU KURNIASARI,https://play-lh.googleusercontent.com/a/ACg8ocIsb-zN_4KQqXFq4a6_KWqhsnYAbqIXE78TOunZ6TvpETBU=mo,"I'M REALLY TO LOVE ""SUROBOYO BUS"", Because THE BEST",5,1,1.0.3.0,2020-08-17 09:15:22,,,1.0.3.0
8429e65e-d1e1-4743-8e93-0431431412f5,Sujarwo 2017,https://play-lh.googleusercontent.com/a/ACg8ocI11N9VmUHY8I0AgwJ3uNfClli_87U8z8uF7lpTQBWSWcYzdg=mo,Baik,4,0,1.0.23.3,2020-08-15 06:20:04,,,1.0.23.3
b7992846-43bc-4261-bba5-c754840f2e22,Septhika Wulan,https://play-lh.googleusercontent.com/a/ACg8ocI0u2dqaRU3b2XOUxUZ_89I18A2vh-vejLuYmKLvbtcgQmz9MI=mo,"Aplikasi yg sangat membantu, semoga busnya bisa bertambah, Terimakasih bu risma",5,0,1.0.23.3,2020-08-13 14:55:15,,,1.0.23.3
85be1c10-38ca-40ca-bc24-38bf3e45159d,Ruruu,https://play-lh.googleusercontent.com/a-/ALV-UjXAKcw4exIUOGbao4k7UmhApGeOm6wmdyrQxCftFn-fkku6F5Eb8A,Bu risma kalau bisa rutenya di tambah lebih banyak biar kyk d korea bu enak sudah halte bis sudah bisa mencakup hampir smua wilayah.,3,1,1.0.22.1,2020-08-12 15:26:50,,,1.0.22.1
a8be2a68-9936-4cd1-9a52-d92d67efd53c,Little Bee,https://play-lh.googleusercontent.com/a-/ALV-UjU8bFvX1iA1ZEGMooQGPj4l3ozgypYsQg7xTsWJ1SsMRYMMpsFc,"Pelayanan lambat, berhenti katajya cuna 20 menit bisa setengaj jam, ditengah jalan malah ngetem beli makan keindomaret 😌 katanya melayani masyarakat kok ya malah merugikan",1,2,1.0.23.3,2020-08-12 08:11:27,,,1.0.23.3
1eabd46d-56e1-4c62-a38c-7ee5ce349ea9,MAK Nyak,https://play-lh.googleusercontent.com/a-/ALV-UjWB1baM0gZDvyzD27XvcQnaDVzrNqntrrWp26hYPLHxHbQJ8q_c,"Bus Surabaya itu bersih,nyaman,AC nya adem Pokok e the best lah",5,0,,2020-08-04 14:40:03,,,
92a56ec6-af5b-4b5d-b530-24ea95c14e04,Agnesda Rizky,https://play-lh.googleusercontent.com/a-/ALV-UjWnSshNKpgjm02Wen-gjE3eeJ-jlz2xUkyr3T-YX2rBXub4y5TQ,Mentang2 bayar botol pelayanan e koyok telek ga enak blas ....,1,1,1.0.23.3,2020-08-02 14:37:36,,,1.0.23.3
0dc636c1-7a7f-4848-b263-3bd9a3a8a89e,Aria Dingga Prehat Dhany,https://play-lh.googleusercontent.com/a-/ALV-UjVXpuGW2BNCAjxKml1HXYp3xPrYw7shyv0oL4kOusAVlVk4EbJ4,Belum ada kesempatan naik. Semoga segera,5,0,,2020-08-01 00:31:17,,,
f1b96394-e534-4f50-9243-1988afb9741e,Satria fajar Saputra,https://play-lh.googleusercontent.com/a-/ALV-UjXS4Y-L-TQpXrJkjPl4KRfi0Xs_3oewk_1lB438_ntXbKfrtAr7,Tidak bisa di pencet,1,0,1.0.23.3,2020-07-11 17:34:44,,,1.0.23.3
115848c6-68da-4f19-9211-8dd8404ff0ac,mohamatarif subowo,https://play-lh.googleusercontent.com/a-/ALV-UjUFBmEWTbK-lWGYR9DVTd6mgXu1wrDh8YLPNFEteXbcJ8uKgW4P,"Mungkin selain Suroboyo bus, bisa adakan Suroboyo ojek, taxi, angkot, dan bus kota. Bisa menggandeng ojek online dan taxi online yang udah ada. Dan dibuatkan aplikasi untuk sopir angkot dan bus kota, sehingga bisa jadi win-win solution dalam kondisi ojek online, taxi online, angkot, dan bus kota yang relatif sepi. Mungkin bisa dibuatkan untuk becak juga. Jadi, botol dan gelas plastiknya ditukar saldo yang bisa digunakan untuk transportasi online, belanja online, dan berbagai transaksi lainnya.",3,6,1.0.23.3,2020-07-09 16:54:28,,,1.0.23.3
46fdca98-cd49-4f65-b926-6f470786f684,Sugeng Harsono,https://play-lh.googleusercontent.com/a-/ALV-UjVH7zbybGyxph8-fUBeYJYnFfiZERQ04KwKuQywSA333OI2B_E,Soroboyo bus Soroboyo bus Soroboyo bus,5,0,1.0.23.3,2020-07-03 09:10:22,,,1.0.23.3
3f7663c2-eb0a-4a06-916e-c611881b26a0,tikno',https://play-lh.googleusercontent.com/a-/ALV-UjULNAnEdV9h2CVbvzC46lLrpGzbz3kragGEz0iJegxbNoKwqniSeQ,"Bagus, dan yg penting bisa memonitor pergerakan bus nya. Utk armadanya masih kurang. Sehingga waktu tunggu masih kelamaan.",3,5,1.0.23.3,2020-06-26 07:22:08,,,1.0.23.3
0af4e7f3-37ff-45f8-b427-80ec5543ac2c,Haris Channel,https://play-lh.googleusercontent.com/a-/ALV-UjV1OM2C_MDPD6itw9w7jjTEh2IxXVdP2Rh85-nE2sZ6sDQvupB6,"Selama pandemi covid 19, saya masih sering naik suroboyo bus dan tidak pernah ditanya ada tujuan apa, lenapa sekarang di tanya dan di turunkan tdak sesuai tujuan saya, dan beri peringatan "" lain kali jangan jalan2"" kenapa kalo saya jalan2, emang salah kalo saya jalan2 di tempat tujuan saya",1,3,1.0.23.1,2020-06-25 10:10:32,,,1.0.23.1
d2d4f68c-2b94-4abc-ab99-636ea9441576,cakra negara,https://play-lh.googleusercontent.com/a-/ALV-UjVfKPdOg1UnOH3VWPR9Ma6wMdsp6ju4mnIzaad_enc3-AuyPJg,"Gatau bus nya posisi ada di pemberhentian mana, scan barcode juga tidak bisa. Mohon di perbaiki lagi",2,3,1.0.23.3,2020-06-20 16:36:59,,,1.0.23.3
56660b95-0c8f-4222-afbe-1269ad63f3d5,Playground TM,https://play-lh.googleusercontent.com/a-/ALV-UjU6LpmcI3Ahq-qAuiS7pBGv9zAnMUW7BwAiMZoWVEiK2FAXUCZZ,Suatu percobaan yang mantap,5,0,1.0.23.3,2020-06-13 17:31:46,,,1.0.23.3
91d377f5-a040-4081-a0d6-a668e8a9a0ca,Safrida Hayani,https://play-lh.googleusercontent.com/a/ACg8ocIo9O1Fndo7AgBLWA_VpGHM8VH2FoMt0_prsipMBJB0iZhEVA=mo,Sangat membantu,5,0,,2020-06-13 15:34:59,,,
f943931a-64fc-423a-bb92-9612b2c14019,ANWAR SCHUTEX,https://play-lh.googleusercontent.com/a-/ALV-UjW9xpSoRf7I0UJWJBEmD2lyvkaYxRtIXjLYmKt5hVZrBDkhskY2SQ,"Akurat, dan busnya nyaman sekali.",5,1,1.0.23.3,2020-06-12 20:28:49,,,1.0.23.3
1e276579-7bb4-4165-ae4c-bb068781b996,Juliani Kusumaningsih,https://play-lh.googleusercontent.com/a/ACg8ocInlkqKdo115En_-FQOSqDAAp_M6o5QAhjckn6JInmnVHw57Q=mo,Sering lihat posisi Gobis,5,0,1.0.23.3,2020-05-28 04:28:00,,,1.0.23.3
ae295b32-1f57-4118-a031-825fe65c4a2d,MUHAMMAD SA'IDUL,https://play-lh.googleusercontent.com/a/ACg8ocJRwOyiq6TFBb8XI01SdjcHJZoj23cuxAEVDxt0Lg5TNa-v6A=mo,Enak banget rasanya naik bus suroboyo nyaman aman salut utk go bus👍👍👍❤❤❤❤,5,0,,2020-05-25 08:14:21,,,
72fde7ea-8cc1-472b-8ba9-b4decc0803bc,Farel Revaldo,https://play-lh.googleusercontent.com/a-/ALV-UjWgZvOKDEslvFBEOFBKP1XlHK8nJsraLv52lB6v60s3MkM7YJir,sangat membantu untuk gobis mohon lebih d'perhatikan karena buat masyarakat surabaya gobis yg terbaik selalu jaya dan lancar trima kasih bu risma yang sangat syang kpada masyarakatnya selalu mendapat berkah untuk semua kru gobis,5,5,1.0.23.3,2020-05-20 08:25:35,,,1.0.23.3
bbebbea0-93c3-4913-9256-d546f1959c3b,Sri Wahyuni,https://play-lh.googleusercontent.com/a/ACg8ocJNy_CHnjhm8Q1UWdYOw5jb9mNyh7Nv-2bnxJEIdGRZ6f6xNg=mo,Bersih nyaman,5,0,,2020-05-19 12:44:10,,,
4917b726-c8ad-48de-94b0-b936aa399efb,trisna sophie,https://play-lh.googleusercontent.com/a/ACg8ocKqanyUFsAGcnw14IaDniiZu0pCDOmyMIYCt2BXHL_rILyRyg=mo,Bersih...nyaman....aman...tepat waktu...sangat membantu masyarakat kecil..betul2 berpihak pada masyarakat kecil kl bisa dipikirkan lagi terobosan2 yang memang berpihak pd masyarakat kecil terimakasih bu Risma...Suabaya maju karenamu dan kerjasama kami masyarakat semua,5,4,1.0.22.1,2020-05-10 15:27:07,,,1.0.22.1
371c2992-de84-4739-8daf-a2dc44841c0d,HANA Love,https://play-lh.googleusercontent.com/a-/ALV-UjXzUem1ceHlpGut0v4y8U-SEk5YyjLyhvs36QW6RqRdBC63UgE,Keren banget💓🇮🇩semoga kota surabaya makin modern rapih bersih dan indah 🚮🇮🇩❤😊!,5,0,,2020-05-06 02:51:28,,,
224f0c25-0a6b-45ff-bfb7-d588b1de16b8,Pengguna Google,https://play-lh.googleusercontent.com/EGemoI2NTXmTsBVtJqk8jxF9rh8ApRWfsIMQSt2uE4OcpQqbFu7f7NbTK05lx80nuSijCz7sc3a277R67g,Mantab,5,0,1.0.23.3,2020-04-06 06:58:43,,,1.0.23.3
307b80b9-9221-4747-ab10-a1ebda135a8e,Pengguna Google,https://play-lh.googleusercontent.com/EGemoI2NTXmTsBVtJqk8jxF9rh8ApRWfsIMQSt2uE4OcpQqbFu7f7NbTK05lx80nuSijCz7sc3a277R67g,"Aman,bersih",5,0,1.0.23.3,2020-03-25 18:11:04,,,1.0.23.3
2ef58f2c-c7d6-470c-9fdc-89be57b3a734,Pengguna Google,https://play-lh.googleusercontent.com/EGemoI2NTXmTsBVtJqk8jxF9rh8ApRWfsIMQSt2uE4OcpQqbFu7f7NbTK05lx80nuSijCz7sc3a277R67g,Oke aplikasinya,5,0,1.0.23.3,2020-03-18 08:13:20,,,1.0.23.3
dd3a0d28-c9af-4ef5-bd26-847bc9990046,Pengguna Google,https://play-lh.googleusercontent.com/EGemoI2NTXmTsBVtJqk8jxF9rh8ApRWfsIMQSt2uE4OcpQqbFu7f7NbTK05lx80nuSijCz7sc3a277R67g,Dulu sering kelihatan di tracking map posisi busnya sekarang kok malah sering tidak bisa di lihat sampek mana posisinya. Mungkin bisa di perbaiki lagi untuk aplikasinya 🙏,1,11,1.0.23.3,2020-03-13 16:37:38,,,1.0.23.3
42a56f89-d9a7-479a-a98b-1c603fd77206,Pengguna Google,https://play-lh.googleusercontent.com/EGemoI2NTXmTsBVtJqk8jxF9rh8ApRWfsIMQSt2uE4OcpQqbFu7f7NbTK05lx80nuSijCz7sc3a277R67g,"Gobis transportasi yg bersih, aman dan nyaman. tkq Gobis 👍🏻",5,6,1.0.23.3,2020-03-09 15:38:34,,,1.0.23.3
df5bed91-da4f-405d-91ce-201e030ddc25,Pengguna Google,https://play-lh.googleusercontent.com/EGemoI2NTXmTsBVtJqk8jxF9rh8ApRWfsIMQSt2uE4OcpQqbFu7f7NbTK05lx80nuSijCz7sc3a277R67g,tingkatkn lgi pelayann,5,0,1.0.22.1,2020-03-05 11:35:30,,,1.0.22.1
25482d75-4aaf-4aa8-bcd7-503b1e011884,Pengguna Google,https://play-lh.googleusercontent.com/EGemoI2NTXmTsBVtJqk8jxF9rh8ApRWfsIMQSt2uE4OcpQqbFu7f7NbTK05lx80nuSijCz7sc3a277R67g,"Seru kaliya kalo dari benowo sudah ada, dan semoga penambahan rutenya segera bisa tervapai agar se surabaya di putari bus ini, layaknya trans jakarta dan trans semarang",4,8,1.0.23.1,2020-02-25 23:09:15,,,1.0.23.1
40bcc9e9-9b7d-4fc8-8593-213ca4282fc9,Pengguna Google,https://play-lh.googleusercontent.com/EGemoI2NTXmTsBVtJqk8jxF9rh8ApRWfsIMQSt2uE4OcpQqbFu7f7NbTK05lx80nuSijCz7sc3a277R67g,"Aplikasinya bagus, cukup membantu ketika kami butuh rute angkutan umum di Sby. Mohon lebih diperbaiki lg dan ditambahkan Maps dan angkutan umum pada Tempat Wisata dan Taman untuk mempermudah kami mencari rute perjalanan",5,13,1.0.22.1,2020-02-23 09:43:46,,,1.0.22.1
829cb5da-3fc1-4a74-9cd7-0be9692ef5da,Pengguna Google,https://play-lh.googleusercontent.com/EGemoI2NTXmTsBVtJqk8jxF9rh8ApRWfsIMQSt2uE4OcpQqbFu7f7NbTK05lx80nuSijCz7sc3a277R67g,"Bus-nya terlalu lama, sehingga menunggu di halte hampir 30 menit, tolonglah Dishub Surabaya unit-m bus-nya di tambah, thanks",5,0,,2020-02-22 10:59:46,,,
707a9245-2426-4e80-be82-a07762a07883,Pengguna Google,https://play-lh.googleusercontent.com/EGemoI2NTXmTsBVtJqk8jxF9rh8ApRWfsIMQSt2uE4OcpQqbFu7f7NbTK05lx80nuSijCz7sc3a277R67g,🦈🐊,5,0,1.0.22.1,2020-02-21 19:28:44,,,1.0.22.1
a912a33c-1419-4c35-987b-69ee9b1c2675,Pengguna Google,https://play-lh.googleusercontent.com/EGemoI2NTXmTsBVtJqk8jxF9rh8ApRWfsIMQSt2uE4OcpQqbFu7f7NbTK05lx80nuSijCz7sc3a277R67g,Sangat bermanfaat....,5,0,,2020-02-21 11:50:04,,,
1b0e41cc-ddb0-4391-b217-18408e7ac344,Pengguna Google,https://play-lh.googleusercontent.com/EGemoI2NTXmTsBVtJqk8jxF9rh8ApRWfsIMQSt2uE4OcpQqbFu7f7NbTK05lx80nuSijCz7sc3a277R67g,"Min,, bisa pake gelas dr kfc,mcd,tehracek,tongtji dll gaakk",5,0,1.0.22.1,2020-02-20 10:25:17,,,1.0.22.1
443c4f12-70b8-4b3d-80ba-d71ff6e4cf4b,Pengguna Google,https://play-lh.googleusercontent.com/EGemoI2NTXmTsBVtJqk8jxF9rh8ApRWfsIMQSt2uE4OcpQqbFu7f7NbTK05lx80nuSijCz7sc3a277R67g,"Aplikasi ini cukup bagus cuma untuk mall nya ketinggalan 5 yaitu jmp, pasar atum mall, itc, bg junction, sama grand city.",5,0,1.0.22.1,2020-02-18 22:46:58,,,1.0.22.1
473724a0-0e69-4793-a8ee-75e88cf86d91,Pengguna Google,https://play-lh.googleusercontent.com/EGemoI2NTXmTsBVtJqk8jxF9rh8ApRWfsIMQSt2uE4OcpQqbFu7f7NbTK05lx80nuSijCz7sc3a277R67g,Baru download aplikasi ini dan langsung pakai . Alhamdulillah puasss . Lokasi Titik bus akurat 👍,5,0,1.0.22.1,2020-02-16 10:33:34,,,1.0.22.1
2908fd37-dd56-4099-932c-67eaf7c31a00,Pengguna Google,https://play-lh.googleusercontent.com/EGemoI2NTXmTsBVtJqk8jxF9rh8ApRWfsIMQSt2uE4OcpQqbFu7f7NbTK05lx80nuSijCz7sc3a277R67g,Mantap,5,0,1.0.22.1,2020-02-15 23:45:30,,,1.0.22.1
8beb0a83-aa86-4a0e-a4e8-efc235f7e999,Pengguna Google,https://play-lh.googleusercontent.com/EGemoI2NTXmTsBVtJqk8jxF9rh8ApRWfsIMQSt2uE4OcpQqbFu7f7NbTK05lx80nuSijCz7sc3a277R67g,"Aplikasi ini bagus tp msh krng sip, TDK ada keterangan untuk tmpt wisata yg mendetail mengenai lokasi dan biaya msknya...tlng diperbaiki kembali di update versi terbarunya...terima ksh...",4,1,,2020-02-09 12:46:10,,,
c228e8d5-f04f-49a8-8909-22193968d079,Pengguna Google,https://play-lh.googleusercontent.com/EGemoI2NTXmTsBVtJqk8jxF9rh8ApRWfsIMQSt2uE4OcpQqbFu7f7NbTK05lx80nuSijCz7sc3a277R67g,Cukup membantu untuk mengetahui posisi bus di halte terdekat,5,0,1.0.22.1,2020-02-07 16:02:31,,,1.0.22.1
70e11bc1-611b-4f80-aefc-f20c28acda8d,Pengguna Google,https://play-lh.googleusercontent.com/EGemoI2NTXmTsBVtJqk8jxF9rh8ApRWfsIMQSt2uE4OcpQqbFu7f7NbTK05lx80nuSijCz7sc3a277R67g,"Sebenarnya bagus pelayanannya, bisnya nyaman banget, kru nya ramah, tapi sayangnya jumlah masih sedikit untuk melayani kota sebesar surabaya. Tolong tambahin unitnya dong, lumayan saya bisa simpan motor saya dan beralih pakai Suroboyo bus wkwkwwk",5,9,1.0.22.1,2020-02-04 13:03:21,,,1.0.22.1
656c8f6b-4ebf-41d0-8360-379d95ba9259,Pengguna Google,https://play-lh.googleusercontent.com/EGemoI2NTXmTsBVtJqk8jxF9rh8ApRWfsIMQSt2uE4OcpQqbFu7f7NbTK05lx80nuSijCz7sc3a277R67g,Ok,5,0,1.0.22.1,2020-02-01 17:17:48,,,1.0.22.1
a5abfb6a-06bd-47f1-9a57-f15b7cabce6e,Pengguna Google,https://play-lh.googleusercontent.com/EGemoI2NTXmTsBVtJqk8jxF9rh8ApRWfsIMQSt2uE4OcpQqbFu7f7NbTK05lx80nuSijCz7sc3a277R67g,"Pemakaian pertama bener2 keren banget.....merasa jadul baru tau app ini, padahal bener2 berguna banget....app yg sangat berguna buat penyuka transportasi umum macam kita",5,3,1.0.22.1,2020-01-29 18:59:25,,,1.0.22.1
ab08cfd3-0940-4a04-9887-60d9f9dc4f1c,Pengguna Google,https://play-lh.googleusercontent.com/EGemoI2NTXmTsBVtJqk8jxF9rh8ApRWfsIMQSt2uE4OcpQqbFu7f7NbTK05lx80nuSijCz7sc3a277R67g,Ganti HP,5,0,1.0.22.1,2020-01-29 07:32:10,,,1.0.22.1
5ba6a6e7-12e8-4155-bfa6-2f5acc924753,Pengguna Google,https://play-lh.googleusercontent.com/EGemoI2NTXmTsBVtJqk8jxF9rh8ApRWfsIMQSt2uE4OcpQqbFu7f7NbTK05lx80nuSijCz7sc3a277R67g,L7613AP Jumat 24januari2020 jam20.00 jln Basuki Rahmat Sya jln jalur kiri pelan pelan. Tiba2 bus klakson tepat di belakang. Bikin kaget aja smpai mau jatuh. Kalau mau nyalip knp gk dari jauh aja klaksonnya. Atau ambil kanan dikit (lajur kanan sepi dan tidak ada rambu garis lurus panjang) Tolong kasih tau bapak sopirnya. Maaf dan terima kasih,1,7,1.0.22.1,2020-01-24 20:08:11,,,1.0.22.1
d375e1b3-9835-4d31-9487-4ab235c90b60,Pengguna Google,https://play-lh.googleusercontent.com/EGemoI2NTXmTsBVtJqk8jxF9rh8ApRWfsIMQSt2uE4OcpQqbFu7f7NbTK05lx80nuSijCz7sc3a277R67g,Mayan puas,4,0,,2020-01-24 08:22:57,,,
8841e6c7-8900-48fb-b1df-40fe8c579578,Pengguna Google,https://play-lh.googleusercontent.com/EGemoI2NTXmTsBVtJqk8jxF9rh8ApRWfsIMQSt2uE4OcpQqbFu7f7NbTK05lx80nuSijCz7sc3a277R67g,Suka bgt bisnya gk bikin pusing nyaman di prjlnan,5,0,1.0.22.1,2020-01-21 13:49:37,,,1.0.22.1
2654e6d8-10aa-475b-91cc-a8ad7a31ead6,Pengguna Google,https://play-lh.googleusercontent.com/EGemoI2NTXmTsBVtJqk8jxF9rh8ApRWfsIMQSt2uE4OcpQqbFu7f7NbTK05lx80nuSijCz7sc3a277R67g,Ok banget.,5,0,,2020-01-13 19:35:06,,,
e8c8b087-dd38-4184-9f20-5c3913a08d1d,Pengguna Google,https://play-lh.googleusercontent.com/EGemoI2NTXmTsBVtJqk8jxF9rh8ApRWfsIMQSt2uE4OcpQqbFu7f7NbTK05lx80nuSijCz7sc3a277R67g,Mantabz 👍,5,0,1.0.22.1,2020-01-06 14:32:15,,,1.0.22.1
2a8bf868-f3cf-4e7f-a537-19528f5f0fb9,Pengguna Google,https://play-lh.googleusercontent.com/EGemoI2NTXmTsBVtJqk8jxF9rh8ApRWfsIMQSt2uE4OcpQqbFu7f7NbTK05lx80nuSijCz7sc3a277R67g,👍👍👍👍👍👍 Tp kadang aplikasinya sering error,4,0,1.0.22.1,2020-01-05 18:44:26,,,1.0.22.1
3b06a389-88b2-42e8-8209-ecd04f02b4b2,Pengguna Google,https://play-lh.googleusercontent.com/EGemoI2NTXmTsBVtJqk8jxF9rh8ApRWfsIMQSt2uE4OcpQqbFu7f7NbTK05lx80nuSijCz7sc3a277R67g,Sangat membantu kita para karyawan,5,0,1.0.22.1,2020-01-05 06:41:53,,,1.0.22.1
55b2d0c5-0bb6-4bc9-9250-0cbdd864729b,Pengguna Google,https://play-lh.googleusercontent.com/EGemoI2NTXmTsBVtJqk8jxF9rh8ApRWfsIMQSt2uE4OcpQqbFu7f7NbTK05lx80nuSijCz7sc3a277R67g,Sangat membantu dan bermanfaat,5,0,1.0.22.1,2020-01-04 22:23:00,,,1.0.22.1
76e862e4-1ec3-44ae-9197-c2c9c530fe4e,Pengguna Google,https://play-lh.googleusercontent.com/EGemoI2NTXmTsBVtJqk8jxF9rh8ApRWfsIMQSt2uE4OcpQqbFu7f7NbTK05lx80nuSijCz7sc3a277R67g,Bagus untuk pengguna baru. Kasih prosedur dan cara naik suroboyo bus min.,3,0,1.0.22.1,2019-12-31 06:21:11,,,1.0.22.1
6e2b3c22-0836-40bf-bd76-3ba1abf493c6,Pengguna Google,https://play-lh.googleusercontent.com/EGemoI2NTXmTsBVtJqk8jxF9rh8ApRWfsIMQSt2uE4OcpQqbFu7f7NbTK05lx80nuSijCz7sc3a277R67g,"Pelayanan yg kurang memuaskam di terminal purabaya krn setelah kita mengantri di sana dan sudah terpanggil di daftar sebelemunya namun bus penuh maka kita tidak di panggil lagi apabila ada bus selanjutnya,mengecewakan . . . .",1,6,1.0.22.1,2019-12-30 13:31:17,,,1.0.22.1
f20dae92-cae2-4702-9238-eaf508d9a686,Pengguna Google,https://play-lh.googleusercontent.com/EGemoI2NTXmTsBVtJqk8jxF9rh8ApRWfsIMQSt2uE4OcpQqbFu7f7NbTK05lx80nuSijCz7sc3a277R67g,Saya bisa tahu keberadaan bis suroboyonya,5,0,1.0.22.1,2019-12-29 10:20:25,,,1.0.22.1
4c5fee58-9286-4511-8ec7-0486a7611d73,Pengguna Google,https://play-lh.googleusercontent.com/EGemoI2NTXmTsBVtJqk8jxF9rh8ApRWfsIMQSt2uE4OcpQqbFu7f7NbTK05lx80nuSijCz7sc3a277R67g,Saya coba dulu kalau sipp nanti saya tambah bintangnya,3,0,,2019-12-25 23:38:33,,,
dee5ee01-0636-40c1-aa43-c7421d121429,Pengguna Google,https://play-lh.googleusercontent.com/EGemoI2NTXmTsBVtJqk8jxF9rh8ApRWfsIMQSt2uE4OcpQqbFu7f7NbTK05lx80nuSijCz7sc3a277R67g,Susah diakses?,1,0,1.0.19,2019-12-22 15:22:40,,,1.0.19
96e869c6-3822-4d18-95eb-213f9836843c,Pengguna Google,https://play-lh.googleusercontent.com/EGemoI2NTXmTsBVtJqk8jxF9rh8ApRWfsIMQSt2uE4OcpQqbFu7f7NbTK05lx80nuSijCz7sc3a277R67g,Sangat membantu masyarakat surabaya,5,0,1.0.22.1,2019-12-17 13:50:01,,,1.0.22.1
874c7615-4b52-4c75-be51-76d348688487,Pengguna Google,https://play-lh.googleusercontent.com/EGemoI2NTXmTsBVtJqk8jxF9rh8ApRWfsIMQSt2uE4OcpQqbFu7f7NbTK05lx80nuSijCz7sc3a277R67g,Gak berfaedah,1,0,1.0.22.1,2019-12-12 15:53:53,,,1.0.22.1
16e84e68-b175-458e-b7e0-f72724977dc8,Pengguna Google,https://play-lh.googleusercontent.com/EGemoI2NTXmTsBVtJqk8jxF9rh8ApRWfsIMQSt2uE4OcpQqbFu7f7NbTK05lx80nuSijCz7sc3a277R67g,Sangat nyaman,5,0,1.0.22.1,2019-12-10 12:12:56,,,1.0.22.1
91860c1d-1b6d-48e9-9a36-5922408ee679,Pengguna Google,https://play-lh.googleusercontent.com/EGemoI2NTXmTsBVtJqk8jxF9rh8ApRWfsIMQSt2uE4OcpQqbFu7f7NbTK05lx80nuSijCz7sc3a277R67g,Siiiippppp,5,0,1.0.22.1,2019-12-05 20:44:16,,,1.0.22.1
c2e6ea49-8c13-4b5d-a637-2c323d681fa6,Pengguna Google,https://play-lh.googleusercontent.com/EGemoI2NTXmTsBVtJqk8jxF9rh8ApRWfsIMQSt2uE4OcpQqbFu7f7NbTK05lx80nuSijCz7sc3a277R67g,Mantaaap,5,0,,2019-11-28 12:23:27,,,
0f3ec391-5385-46ed-a339-50fec3dbb75b,Pengguna Google,https://play-lh.googleusercontent.com/EGemoI2NTXmTsBVtJqk8jxF9rh8ApRWfsIMQSt2uE4OcpQqbFu7f7NbTK05lx80nuSijCz7sc3a277R67g,bagus,5,0,,2019-11-27 22:20:17,,,
5b495ad4-59db-4e8a-b955-7cb8a3135818,Pengguna Google,https://play-lh.googleusercontent.com/EGemoI2NTXmTsBVtJqk8jxF9rh8ApRWfsIMQSt2uE4OcpQqbFu7f7NbTK05lx80nuSijCz7sc3a277R67g,Kita dari go bis bisa mengetahui lokasi suroboyo bus yang kita mau naiki,5,0,1.0.21,2019-11-27 20:16:47,,,1.0.21
ddaba9a3-a886-489f-a81b-0ce3adc2f399,Pengguna Google,https://play-lh.googleusercontent.com/EGemoI2NTXmTsBVtJqk8jxF9rh8ApRWfsIMQSt2uE4OcpQqbFu7f7NbTK05lx80nuSijCz7sc3a277R67g,Bagus,5,0,1.0.22.1,2019-11-17 11:19:14,,,1.0.22.1
72a6b50d-aa4c-4589-a52a-407d8915e67c,Pengguna Google,https://play-lh.googleusercontent.com/EGemoI2NTXmTsBVtJqk8jxF9rh8ApRWfsIMQSt2uE4OcpQqbFu7f7NbTK05lx80nuSijCz7sc3a277R67g,"Beberapa kali ga muncul keberadaan bis nya. Padahal di hp lain muncul. Saya kebingungan utk pulang, padahal rumah saya jauh.",3,3,1.0.22.1,2019-11-16 15:38:15,,,1.0.22.1
653c3cde-eacc-4f33-b792-778e96f8a4cb,Pengguna Google,https://play-lh.googleusercontent.com/EGemoI2NTXmTsBVtJqk8jxF9rh8ApRWfsIMQSt2uE4OcpQqbFu7f7NbTK05lx80nuSijCz7sc3a277R67g,Bagus,4,0,1.0.22.1,2019-11-14 11:08:49,,,1.0.22.1
18d2fb35-d3cb-42bb-9dcc-5d29d9727542,Pengguna Google,https://play-lh.googleusercontent.com/EGemoI2NTXmTsBVtJqk8jxF9rh8ApRWfsIMQSt2uE4OcpQqbFu7f7NbTK05lx80nuSijCz7sc3a277R67g,21:30 posisi terakhir bus Purabaya-rajawali sudah tidak ada,4,2,1.0.22.1,2019-11-09 21:47:07,,,1.0.22.1
2494cafa-9435-4dd1-9a2d-85c7e1bf314f,Pengguna Google,https://play-lh.googleusercontent.com/EGemoI2NTXmTsBVtJqk8jxF9rh8ApRWfsIMQSt2uE4OcpQqbFu7f7NbTK05lx80nuSijCz7sc3a277R67g,"Bis nya bersih, pegawai nya juga ramah&santun.",5,1,1.0.22.1,2019-11-09 10:16:31,,,1.0.22.1
838abc02-2ea7-4503-b0ea-25e6cfc22b16,Pengguna Google,https://play-lh.googleusercontent.com/EGemoI2NTXmTsBVtJqk8jxF9rh8ApRWfsIMQSt2uE4OcpQqbFu7f7NbTK05lx80nuSijCz7sc3a277R67g,cintaaaah sekaliii,5,0,1.0.22.1,2019-11-08 15:33:16,,,1.0.22.1
d27322fb-1598-494a-a098-90b137b1da97,Pengguna Google,https://play-lh.googleusercontent.com/EGemoI2NTXmTsBVtJqk8jxF9rh8ApRWfsIMQSt2uE4OcpQqbFu7f7NbTK05lx80nuSijCz7sc3a277R67g,Setiap coba scan untuk melihat bus terdekat tidak pernah bisa.. ayo dung aplikasi di update sehingga lebih maksimal dan membantu masyarakat Surabaya,3,0,1.0.22.1,2019-11-06 20:51:11,,,1.0.22.1
9aa4ad0b-ecc9-4a4e-b23b-fbe2f12b9460,Pengguna Google,https://play-lh.googleusercontent.com/EGemoI2NTXmTsBVtJqk8jxF9rh8ApRWfsIMQSt2uE4OcpQqbFu7f7NbTK05lx80nuSijCz7sc3a277R67g,makin sip..,5,0,1.0.22.1,2019-11-06 19:13:43,,,1.0.22.1
bbef111e-bd79-4069-ba7d-db1a4a748b05,Pengguna Google,https://play-lh.googleusercontent.com/EGemoI2NTXmTsBVtJqk8jxF9rh8ApRWfsIMQSt2uE4OcpQqbFu7f7NbTK05lx80nuSijCz7sc3a277R67g,"Sudah tiga hari ini gambarnya cuma warna biru, bisnya ga bisa dilacak. Kalau mmg ga bisa dipakai lagi mending saya uninstal aja drpd hp saya penuh",1,2,1.0.22.1,2019-11-06 17:16:09,,,1.0.22.1
0c9f2d85-bec8-4749-b6f2-ad46740dc261,Pengguna Google,https://play-lh.googleusercontent.com/EGemoI2NTXmTsBVtJqk8jxF9rh8ApRWfsIMQSt2uE4OcpQqbFu7f7NbTK05lx80nuSijCz7sc3a277R67g,"Dulu bagus sekali . Sekarang 0 . Posisi bus tidak muncul, map juga hanya keluar rute, halte2 nya juga tidak muncul.. kecewa sekali, saya sudah telat kerja 3 kali gara2 nunggu bis yg gk tau posisinya dimana ... tolonglah di perbaiki, aplikasi untuk rakyat kok kyak gini ..",1,84,1.0.22.1,2019-11-06 05:25:40,,,1.0.22.1
5127c090-9a5a-4df1-9b93-e9f7d157dd09,Pengguna Google,https://play-lh.googleusercontent.com/EGemoI2NTXmTsBVtJqk8jxF9rh8ApRWfsIMQSt2uE4OcpQqbFu7f7NbTK05lx80nuSijCz7sc3a277R67g,"Pengelolaannya kok kyak gini yaa,, Kurang maksimal, biasanya bisa mantau bis, tpi kok sering nggak bisa,,, Ini gimana sih?,, Tolong ya untuk diperbakkk lagi biar kita mantau dan mempermhdah perjalanan",2,5,1.0.22.1,2019-11-06 05:18:32,,,1.0.22.1
ec2092f5-82c6-482c-addc-6224ab6b5df8,Pengguna Google,https://play-lh.googleusercontent.com/EGemoI2NTXmTsBVtJqk8jxF9rh8ApRWfsIMQSt2uE4OcpQqbFu7f7NbTK05lx80nuSijCz7sc3a277R67g,Maaf tapi aplikasi yg sekarang kenapa tidak muncul posisi busnya seperti yg dulu,2,1,1.0.22.1,2019-11-05 16:48:55,,,1.0.22.1
d8dd1d9a-0c4d-4294-9469-eb490ba67ae1,Pengguna Google,https://play-lh.googleusercontent.com/EGemoI2NTXmTsBVtJqk8jxF9rh8ApRWfsIMQSt2uE4OcpQqbFu7f7NbTK05lx80nuSijCz7sc3a277R67g,Kok skrg tidak muncul keberadaan bus nya,4,1,1.0.22.1,2019-11-04 13:48:54,,,1.0.22.1
30207851-37de-4177-a6f4-db73653b4d70,Pengguna Google,https://play-lh.googleusercontent.com/EGemoI2NTXmTsBVtJqk8jxF9rh8ApRWfsIMQSt2uE4OcpQqbFu7f7NbTK05lx80nuSijCz7sc3a277R67g,"Tidak muncul akhir2 ini ,, tidak nyaman",4,2,1.0.22.1,2019-11-04 12:51:39,,,1.0.22.1
d0961e67-2f10-4c37-b7ca-396c8db4b826,Pengguna Google,https://play-lh.googleusercontent.com/EGemoI2NTXmTsBVtJqk8jxF9rh8ApRWfsIMQSt2uE4OcpQqbFu7f7NbTK05lx80nuSijCz7sc3a277R67g,Posisi bus. Sudah tidak seperti dulu lagi. Tidak bisa dipantau posisi busnya.,1,3,1.0.22.1,2019-11-04 11:01:04,,,1.0.22.1
4ae40708-2688-4ef4-899e-64c2a814a759,Pengguna Google,https://play-lh.googleusercontent.com/EGemoI2NTXmTsBVtJqk8jxF9rh8ApRWfsIMQSt2uE4OcpQqbFu7f7NbTK05lx80nuSijCz7sc3a277R67g,Kenapa kok sekarang halte dan bisnya gak keluar ya.. apa ada masalah,3,2,1.0.22.1,2019-11-04 10:35:05,,,1.0.22.1
b513c317-be0f-466f-9c99-bc1a836e59d6,Pengguna Google,https://play-lh.googleusercontent.com/EGemoI2NTXmTsBVtJqk8jxF9rh8ApRWfsIMQSt2uE4OcpQqbFu7f7NbTK05lx80nuSijCz7sc3a277R67g,Habis update malah icon bis nya hilang 😂😂😂ini peningkatan apa pembasmian bug sebenerrnya?,2,1,,2019-11-03 17:30:59,,,
18f71f3f-50a2-4730-a16c-72f51479645a,Pengguna Google,https://play-lh.googleusercontent.com/EGemoI2NTXmTsBVtJqk8jxF9rh8ApRWfsIMQSt2uE4OcpQqbFu7f7NbTK05lx80nuSijCz7sc3a277R67g,Halte sama bisnya ga muncul!!!!! Gimana si,1,1,,2019-11-03 15:09:10,,,
142b82b4-5356-4094-a066-a35929e58dea,Pengguna Google,https://play-lh.googleusercontent.com/EGemoI2NTXmTsBVtJqk8jxF9rh8ApRWfsIMQSt2uE4OcpQqbFu7f7NbTK05lx80nuSijCz7sc3a277R67g,Lokasi bis dan halte tidak keluar seperti dulu,1,1,1.0.22.1,2019-11-03 13:49:24,,,1.0.22.1
aaf40652-3c97-452a-9106-304e0de0596f,Pengguna Google,https://play-lh.googleusercontent.com/EGemoI2NTXmTsBVtJqk8jxF9rh8ApRWfsIMQSt2uE4OcpQqbFu7f7NbTK05lx80nuSijCz7sc3a277R67g,"eror, halte dan bis tidak keluar",1,0,,2019-11-03 13:48:06,,,
0ee302e4-9c68-460e-a6b0-af32feeb30e6,Pengguna Google,https://play-lh.googleusercontent.com/EGemoI2NTXmTsBVtJqk8jxF9rh8ApRWfsIMQSt2uE4OcpQqbFu7f7NbTK05lx80nuSijCz7sc3a277R67g,Gk bisa liat posisi bis lagi n halte,1,1,1.0.22.1,2019-11-03 09:50:18,,,1.0.22.1
8a74f898-dced-48e3-9dcd-2351150d6f79,Pengguna Google,https://play-lh.googleusercontent.com/EGemoI2NTXmTsBVtJqk8jxF9rh8ApRWfsIMQSt2uE4OcpQqbFu7f7NbTK05lx80nuSijCz7sc3a277R67g,Kok sekarang g bs ngecek lokasi bus e sih padahal saya selalu naik bus ini buat transportasi kata sopire ada gangguan aplikasi tolong aplikasi d perbaiki klo pelayanan bus oke lah,1,2,1.0.22.1,2019-11-03 08:28:59,,,1.0.22.1
9040a074-fbb8-408c-bec0-3ba4449e336a,Pengguna Google,https://play-lh.googleusercontent.com/EGemoI2NTXmTsBVtJqk8jxF9rh8ApRWfsIMQSt2uE4OcpQqbFu7f7NbTK05lx80nuSijCz7sc3a277R67g,Baik sekali sekali,5,0,1.0.22.1,2019-11-02 12:15:37,,,1.0.22.1
1b7e216c-c1d5-41dd-a8d5-2d5244511c3f,Pengguna Google,https://play-lh.googleusercontent.com/EGemoI2NTXmTsBVtJqk8jxF9rh8ApRWfsIMQSt2uE4OcpQqbFu7f7NbTK05lx80nuSijCz7sc3a277R67g,"Tambah halte donk min.... Di daerah pertigaan waru, di depan SD Kedungrejo atau dmana gituuu, biar gak jauh jaraknya antara bungur sm menanggal..",4,3,1.0.22.1,2019-10-22 10:39:10,,,1.0.22.1
7b506f4c-213f-4375-b4f4-d1a67a76b142,Pengguna Google,https://play-lh.googleusercontent.com/EGemoI2NTXmTsBVtJqk8jxF9rh8ApRWfsIMQSt2uE4OcpQqbFu7f7NbTK05lx80nuSijCz7sc3a277R67g,Aplikasinya bagussan dlu. Dlu bisa melihat lokasi user dan bus nya. Sekarang g bisa lagi.,1,7,1.0.22.1,2019-10-21 00:22:31,,,1.0.22.1
0b62cc2b-0a90-454f-b0d5-0b10d0cf0f04,Pengguna Google,https://play-lh.googleusercontent.com/EGemoI2NTXmTsBVtJqk8jxF9rh8ApRWfsIMQSt2uE4OcpQqbFu7f7NbTK05lx80nuSijCz7sc3a277R67g,"Saya dari daerah luar surabaya, pakai app ini memang membantu untuk yg belum tahu terminal2 busnya, cuman baiknya di app ini ditambah fitur gps untuk menentukan posisi kita di mana. Ntaaap",3,5,1.0.22.1,2019-10-18 18:32:42,,,1.0.22.1
e4bdf644-7ef1-45a6-a57b-e2b54689c027,Pengguna Google,https://play-lh.googleusercontent.com/EGemoI2NTXmTsBVtJqk8jxF9rh8ApRWfsIMQSt2uE4OcpQqbFu7f7NbTK05lx80nuSijCz7sc3a277R67g,kurang jadwal jam operasional bus surabaya..,4,1,1.0.22.1,2019-10-16 16:25:40,,,1.0.22.1
eaf3354b-140e-484f-baa0-8135cfd043e1,Pengguna Google,https://play-lh.googleusercontent.com/EGemoI2NTXmTsBVtJqk8jxF9rh8ApRWfsIMQSt2uE4OcpQqbFu7f7NbTK05lx80nuSijCz7sc3a277R67g,Alhamdulillah....,5,0,1.0.22.1,2019-10-15 13:50:10,,,1.0.22.1
cf3cd889-72a2-4380-9e38-6a3c9ee0d1d9,Pengguna Google,https://play-lh.googleusercontent.com/EGemoI2NTXmTsBVtJqk8jxF9rh8ApRWfsIMQSt2uE4OcpQqbFu7f7NbTK05lx80nuSijCz7sc3a277R67g,Bus malam jakarta solo dgn speed tercepat,5,0,1.0.22.1,2019-10-14 19:26:41,,,1.0.22.1
bd617f5b-a53d-4a96-9f7d-87403ebab62c,Pengguna Google,https://play-lh.googleusercontent.com/EGemoI2NTXmTsBVtJqk8jxF9rh8ApRWfsIMQSt2uE4OcpQqbFu7f7NbTK05lx80nuSijCz7sc3a277R67g,"Aplikasi ini membantu,tetapi blm max dipergunakan.semisal peta bus atau keberadaan bus tidak muncul sama sekali,hanya berwarna biru polos yg tampil. Tlg disempurnakan lgi aplikasinya,biar bisa lbh banyak yg mengunakan.jgn ambil keuntungan pribadi habis downlod krg max...capek deehh...moga"" cpt disempurnakan apl GOBIS sby...",2,13,1.0.22.1,2019-10-13 07:30:02,,,1.0.22.1
763d30a8-2926-46ab-a45d-749172b38a09,Pengguna Google,https://play-lh.googleusercontent.com/EGemoI2NTXmTsBVtJqk8jxF9rh8ApRWfsIMQSt2uE4OcpQqbFu7f7NbTK05lx80nuSijCz7sc3a277R67g,Kok beberapa hari ink gambar yg nunjukin bisnya sampai mana hilang yaa? Tolong di cari tau kenapa. Karena saya mau naik tapi gk tau bisnya ada dimana,4,5,1.0.22.1,2019-10-12 09:37:58,,,1.0.22.1
30c23af6-5f34-4e04-98e3-c57be8842832,Pengguna Google,https://play-lh.googleusercontent.com/EGemoI2NTXmTsBVtJqk8jxF9rh8ApRWfsIMQSt2uE4OcpQqbFu7f7NbTK05lx80nuSijCz7sc3a277R67g,"Dulu ditunjukkan posisi bus yg sedang berjalan. Dan sekarang sama sekali gk ada, lalu buat apa ada aplikasi ini cobak?!",1,8,1.0.22.1,2019-10-11 19:32:03,,,1.0.22.1
5b883712-80dc-4c53-99a0-3a1d3d569f6a,Pengguna Google,https://play-lh.googleusercontent.com/EGemoI2NTXmTsBVtJqk8jxF9rh8ApRWfsIMQSt2uE4OcpQqbFu7f7NbTK05lx80nuSijCz7sc3a277R67g,Terimakasih banyaksangat terbantu,5,0,,2019-10-11 16:38:34,,,
017e7234-aaa4-4bea-b955-0e53197802dd,Pengguna Google,https://play-lh.googleusercontent.com/EGemoI2NTXmTsBVtJqk8jxF9rh8ApRWfsIMQSt2uE4OcpQqbFu7f7NbTK05lx80nuSijCz7sc3a277R67g,"tolong dong yg armada unesa-its di perbanyak supaya ngga nunggu lama lamaa bangeeet:"") saya nunggu di halte urip sumoharjo, yg bis purabaya-rajawali udah lewat 4x tapi yg unesa-its gadateng2:"") makasih",4,4,1.0.22.1,2019-10-11 12:28:40,,,1.0.22.1
0b0433ea-6547-4cfa-b609-a8e643d44420,Pengguna Google,https://play-lh.googleusercontent.com/EGemoI2NTXmTsBVtJqk8jxF9rh8ApRWfsIMQSt2uE4OcpQqbFu7f7NbTK05lx80nuSijCz7sc3a277R67g,sangat membantu,5,0,1.0.22.1,2019-10-11 09:48:53,,,1.0.22.1
f2d0e4f2-bf7f-43b8-a36b-3c93a7560f1c,Pengguna Google,https://play-lh.googleusercontent.com/EGemoI2NTXmTsBVtJqk8jxF9rh8ApRWfsIMQSt2uE4OcpQqbFu7f7NbTK05lx80nuSijCz7sc3a277R67g,"Saya naik dari Unesa ke ITS pukul 9 malam, tapi diminta turun di mayjen Sungkono. Dan saya mencoba naik pukul setengah 8, diminta turun di mayjen Sungkono juga, seharusnya go bis lebih konsisten untuk memberikan pelayananya. Agar kita penumpang tidak sia2 menunggu lama. Terimakasih.",4,35,1.0.22.1,2019-10-09 19:42:03,,,1.0.22.1
d91a6309-0e90-4222-a46e-ff828897fa53,Pengguna Google,https://play-lh.googleusercontent.com/EGemoI2NTXmTsBVtJqk8jxF9rh8ApRWfsIMQSt2uE4OcpQqbFu7f7NbTK05lx80nuSijCz7sc3a277R67g,Bagus,5,0,1.0.21,2019-10-09 08:37:02,,,1.0.21
e8526e2b-e0ca-4b77-9d8b-2e3df0a1eb18,Pengguna Google,https://play-lh.googleusercontent.com/EGemoI2NTXmTsBVtJqk8jxF9rh8ApRWfsIMQSt2uE4OcpQqbFu7f7NbTK05lx80nuSijCz7sc3a277R67g,"kasih jadwal keberangkatan dan tiba dong... biar kita² bisa tau, dan tidak menunggu lama dihalte",2,1,,2019-10-08 19:05:31,,,
63a9c9ed-70e1-4c26-b4f1-073cbb193d8b,Pengguna Google,https://play-lh.googleusercontent.com/EGemoI2NTXmTsBVtJqk8jxF9rh8ApRWfsIMQSt2uE4OcpQqbFu7f7NbTK05lx80nuSijCz7sc3a277R67g,Saya mau naik surabaya bus tanggal 20,5,0,1.0.22.1,2019-10-08 10:57:45,,,1.0.22.1
6c28372f-63ca-40dd-ba9d-6b87677d5bb6,Pengguna Google,https://play-lh.googleusercontent.com/EGemoI2NTXmTsBVtJqk8jxF9rh8ApRWfsIMQSt2uE4OcpQqbFu7f7NbTK05lx80nuSijCz7sc3a277R67g,bagus membantu,5,0,1.0.22.1,2019-10-08 05:55:53,,,1.0.22.1
0bed0116-756e-466f-be8c-238b8a5c603e,Pengguna Google,https://play-lh.googleusercontent.com/EGemoI2NTXmTsBVtJqk8jxF9rh8ApRWfsIMQSt2uE4OcpQqbFu7f7NbTK05lx80nuSijCz7sc3a277R67g,Good,5,0,1.0.22.1,2019-10-05 21:35:36,,,1.0.22.1
ea1eaf6b-1dfe-4a01-bebd-393535ccabdd,Pengguna Google,https://play-lh.googleusercontent.com/EGemoI2NTXmTsBVtJqk8jxF9rh8ApRWfsIMQSt2uE4OcpQqbFu7f7NbTK05lx80nuSijCz7sc3a277R67g,Mantap,5,0,,2019-10-05 13:16:46,,,
0241b60c-8b5d-451f-aec3-4b4bf6c612cf,Pengguna Google,https://play-lh.googleusercontent.com/EGemoI2NTXmTsBVtJqk8jxF9rh8ApRWfsIMQSt2uE4OcpQqbFu7f7NbTK05lx80nuSijCz7sc3a277R67g,Puas,1,1,1.0.22.1,2019-10-04 13:11:04,,,1.0.22.1
5f68b48c-1a36-4e3e-8e87-a325e7984d80,Pengguna Google,https://play-lh.googleusercontent.com/EGemoI2NTXmTsBVtJqk8jxF9rh8ApRWfsIMQSt2uE4OcpQqbFu7f7NbTK05lx80nuSijCz7sc3a277R67g,Bermanfaat 👍,5,0,1.0.22.1,2019-10-03 19:16:17,,,1.0.22.1
db045070-dd10-44c4-af8c-48da6522e879,Pengguna Google,https://play-lh.googleusercontent.com/EGemoI2NTXmTsBVtJqk8jxF9rh8ApRWfsIMQSt2uE4OcpQqbFu7f7NbTK05lx80nuSijCz7sc3a277R67g,Mantap👍,5,0,1.0.22.1,2019-10-03 19:10:46,,,1.0.22.1
eae87572-7469-48f9-839c-822595145602,Pengguna Google,https://play-lh.googleusercontent.com/EGemoI2NTXmTsBVtJqk8jxF9rh8ApRWfsIMQSt2uE4OcpQqbFu7f7NbTK05lx80nuSijCz7sc3a277R67g,Bagus,5,0,1.0.22.1,2019-10-02 19:02:23,,,1.0.22.1
9d989aff-110d-4798-a621-a6c68b4394b6,Pengguna Google,https://play-lh.googleusercontent.com/EGemoI2NTXmTsBVtJqk8jxF9rh8ApRWfsIMQSt2uE4OcpQqbFu7f7NbTK05lx80nuSijCz7sc3a277R67g,Aplikasi mapny diperbarui kalk bisa dibuat nampak satelit seperti di google map,2,2,1.0.22.1,2019-10-01 19:00:13,,,1.0.22.1
4773e6fd-e00d-4bf2-a385-1c362bdf60b4,Pengguna Google,https://play-lh.googleusercontent.com/EGemoI2NTXmTsBVtJqk8jxF9rh8ApRWfsIMQSt2uE4OcpQqbFu7f7NbTK05lx80nuSijCz7sc3a277R67g,Sangat membantu,5,0,1.0.22.1,2019-10-01 17:04:05,,,1.0.22.1
bad5768c-cd9e-422b-9bdb-400a55c209b0,Pengguna Google,https://play-lh.googleusercontent.com/EGemoI2NTXmTsBVtJqk8jxF9rh8ApRWfsIMQSt2uE4OcpQqbFu7f7NbTK05lx80nuSijCz7sc3a277R67g,Saya sangat terbantukan dgn adanya bis suroboyo tidak usah jauh2 nunggu angkot terima kasih bus suroboyo,5,0,1.0.22.1,2019-09-29 15:56:28,,,1.0.22.1
d32b4fa0-4a62-4558-a14f-4d444f69d068,Pengguna Google,https://play-lh.googleusercontent.com/EGemoI2NTXmTsBVtJqk8jxF9rh8ApRWfsIMQSt2uE4OcpQqbFu7f7NbTK05lx80nuSijCz7sc3a277R67g,Mau coba,4,0,1.0.22.1,2019-09-25 08:45:47,,,1.0.22.1
279c39b1-4a6d-4a25-aba0-4f1467c077ad,Pengguna Google,https://play-lh.googleusercontent.com/EGemoI2NTXmTsBVtJqk8jxF9rh8ApRWfsIMQSt2uE4OcpQqbFu7f7NbTK05lx80nuSijCz7sc3a277R67g,Top,5,0,,2019-09-24 16:58:04,,,
50f28974-a613-4faa-b23b-5bbe74c3df4c,Pengguna Google,https://play-lh.googleusercontent.com/EGemoI2NTXmTsBVtJqk8jxF9rh8ApRWfsIMQSt2uE4OcpQqbFu7f7NbTK05lx80nuSijCz7sc3a277R67g,Memepermudah mengidentifikasi keberadaan penumpang,5,0,1.0.22.1,2019-09-21 08:54:38,,,1.0.22.1
22d8d2b7-c823-44d3-9c98-e6db6617153e,Pengguna Google,https://play-lh.googleusercontent.com/EGemoI2NTXmTsBVtJqk8jxF9rh8ApRWfsIMQSt2uE4OcpQqbFu7f7NbTK05lx80nuSijCz7sc3a277R67g,Enak bisa mantau lokasi bus terdekat Good banget deh,5,0,,2019-09-19 21:57:52,,,
a195f38b-b78e-4f9c-bc76-8e1edff08a01,Pengguna Google,https://play-lh.googleusercontent.com/EGemoI2NTXmTsBVtJqk8jxF9rh8ApRWfsIMQSt2uE4OcpQqbFu7f7NbTK05lx80nuSijCz7sc3a277R67g,Coba pake sampah kertas juga. Kertas bekas print2an skripsi banyak ini,5,0,,2019-09-18 12:20:18,,,
58d3b6ef-9d41-4d34-a46b-eb0d321f0f63,Pengguna Google,https://play-lh.googleusercontent.com/EGemoI2NTXmTsBVtJqk8jxF9rh8ApRWfsIMQSt2uE4OcpQqbFu7f7NbTK05lx80nuSijCz7sc3a277R67g,Bus tumpuk udah gak beroperasi lagi ya?,5,0,1.0.22.1,2019-09-14 19:31:15,,,1.0.22.1
f14276c2-d4cf-48d9-bd7c-ab4a7eb60501,Pengguna Google,https://play-lh.googleusercontent.com/EGemoI2NTXmTsBVtJqk8jxF9rh8ApRWfsIMQSt2uE4OcpQqbFu7f7NbTK05lx80nuSijCz7sc3a277R67g,"Bingung tidak disertai lokasi tepat nya untuk bis wisata cm peta aja, bingung naiknya dr mana",1,3,1.0.22.1,2019-09-13 15:31:08,,,1.0.22.1
b3f8b0bc-4ace-4993-aa92-3a38872e42a3,Pengguna Google,https://play-lh.googleusercontent.com/EGemoI2NTXmTsBVtJqk8jxF9rh8ApRWfsIMQSt2uE4OcpQqbFu7f7NbTK05lx80nuSijCz7sc3a277R67g,Keren nih app. Memudahkan pengguna angkutan umum di sub.. Terus berinovasi min.,5,2,1.0.22.1,2019-09-12 18:57:36,,,1.0.22.1
d5404517-0fc9-4b5a-ab2c-85f25a7e612a,Pengguna Google,https://play-lh.googleusercontent.com/EGemoI2NTXmTsBVtJqk8jxF9rh8ApRWfsIMQSt2uE4OcpQqbFu7f7NbTK05lx80nuSijCz7sc3a277R67g,Baru mulai msu berlangganan,4,0,1.0.22.1,2019-09-11 16:47:54,,,1.0.22.1
e3c6f73d-6f1f-4293-9a4f-1411b2b8cd11,Pengguna Google,https://play-lh.googleusercontent.com/EGemoI2NTXmTsBVtJqk8jxF9rh8ApRWfsIMQSt2uE4OcpQqbFu7f7NbTK05lx80nuSijCz7sc3a277R67g,Belum tau,3,0,1.0.22.1,2019-09-09 17:01:41,,,1.0.22.1
c52e200b-3f96-4907-9727-d5acde0d9cfa,Pengguna Google,https://play-lh.googleusercontent.com/EGemoI2NTXmTsBVtJqk8jxF9rh8ApRWfsIMQSt2uE4OcpQqbFu7f7NbTK05lx80nuSijCz7sc3a277R67g,sayang aplikasi tidak di lengkapi dengan jadwal kedatangan dan keberangkatan bus.....,2,24,1.0.22.1,2019-09-08 21:51:17,,,1.0.22.1
a15f3878-4f31-4df4-aaad-7dd24a060be6,Pengguna Google,https://play-lh.googleusercontent.com/EGemoI2NTXmTsBVtJqk8jxF9rh8ApRWfsIMQSt2uE4OcpQqbFu7f7NbTK05lx80nuSijCz7sc3a277R67g,Belom mencoba moga aja aplikasi nya brmanfaat buat warga kota surabaya,5,0,,2019-09-08 13:32:41,,,
e69e3f8e-e149-4424-ac94-af7ea8cc3ab3,Pengguna Google,https://play-lh.googleusercontent.com/EGemoI2NTXmTsBVtJqk8jxF9rh8ApRWfsIMQSt2uE4OcpQqbFu7f7NbTK05lx80nuSijCz7sc3a277R67g,Hebat,4,0,1.0.22.1,2019-09-07 19:26:49,,,1.0.22.1
4999bedf-a119-4807-b28f-4619533c8b13,Pengguna Google,https://play-lh.googleusercontent.com/EGemoI2NTXmTsBVtJqk8jxF9rh8ApRWfsIMQSt2uE4OcpQqbFu7f7NbTK05lx80nuSijCz7sc3a277R67g,Very Good👍,5,0,1.0.22.1,2019-09-07 09:13:21,,,1.0.22.1
665a0611-74b7-44ec-bd9d-7898e439c188,Pengguna Google,https://play-lh.googleusercontent.com/EGemoI2NTXmTsBVtJqk8jxF9rh8ApRWfsIMQSt2uE4OcpQqbFu7f7NbTK05lx80nuSijCz7sc3a277R67g,"Kao bisa tolong akungkutan umum lewat margorejo ya, banyak anak sekolah juga",3,1,1.0.22.1,2019-09-05 21:23:38,,,1.0.22.1
8dc12a3b-d74a-473b-b19d-40def55539fc,Pengguna Google,https://play-lh.googleusercontent.com/EGemoI2NTXmTsBVtJqk8jxF9rh8ApRWfsIMQSt2uE4OcpQqbFu7f7NbTK05lx80nuSijCz7sc3a277R67g,Semenjak ada app ini jadi tau keberadaan bus yg deket. Mantap,5,0,1.0.22.1,2019-09-02 18:18:06,,,1.0.22.1
fe4b4197-0f62-4c95-8cce-22bdde242b1e,Pengguna Google,https://play-lh.googleusercontent.com/EGemoI2NTXmTsBVtJqk8jxF9rh8ApRWfsIMQSt2uE4OcpQqbFu7f7NbTK05lx80nuSijCz7sc3a277R67g,Aplikasi ini memudahkan saya beraktivitas sehari-hari di kota surabaya tercinta. Terima kasih Surabaya...,5,3,1.0.22.1,2019-09-02 07:00:39,,,1.0.22.1
f5ccb4c6-d049-40ea-8265-435466342049,Pengguna Google,https://play-lh.googleusercontent.com/EGemoI2NTXmTsBVtJqk8jxF9rh8ApRWfsIMQSt2uE4OcpQqbFu7f7NbTK05lx80nuSijCz7sc3a277R67g,Sangat membantu!,5,0,1.0.22.1,2019-08-31 18:24:34,,,1.0.22.1
818ec32a-eb09-47f6-8925-eb08050a99ed,Pengguna Google,https://play-lh.googleusercontent.com/EGemoI2NTXmTsBVtJqk8jxF9rh8ApRWfsIMQSt2uE4OcpQqbFu7f7NbTK05lx80nuSijCz7sc3a277R67g,Bgs dan membantu aplikasi sdh tepat dan tepat waktu,5,0,1.0.22.1,2019-08-29 11:16:09,,,1.0.22.1
232b9036-339c-48fe-8e51-ba212328f917,Pengguna Google,https://play-lh.googleusercontent.com/EGemoI2NTXmTsBVtJqk8jxF9rh8ApRWfsIMQSt2uE4OcpQqbFu7f7NbTK05lx80nuSijCz7sc3a277R67g,mantap sudah... Saran saja.. Supaya angkot juga di bikin sistem online.. Meski berbayar.. Insyaallah banyak peminat,5,0,1.0.22.1,2019-08-27 20:10:48,,,1.0.22.1
f7465f43-d769-4b3b-af66-f33b04dcf6b7,Pengguna Google,https://play-lh.googleusercontent.com/EGemoI2NTXmTsBVtJqk8jxF9rh8ApRWfsIMQSt2uE4OcpQqbFu7f7NbTK05lx80nuSijCz7sc3a277R67g,Ok skli,5,0,1.0.21,2019-08-26 08:35:58,,,1.0.21
0593e469-d331-41b3-a2c3-7c1c695ee235,Pengguna Google,https://play-lh.googleusercontent.com/EGemoI2NTXmTsBVtJqk8jxF9rh8ApRWfsIMQSt2uE4OcpQqbFu7f7NbTK05lx80nuSijCz7sc3a277R67g,sangat membantu bus dan petugasnya sangat gaaaalllllaaaaaakkkkkkk,5,0,,2019-08-25 07:19:48,,,
566393c5-ea48-414f-b06d-c7874d0468e6,Pengguna Google,https://play-lh.googleusercontent.com/EGemoI2NTXmTsBVtJqk8jxF9rh8ApRWfsIMQSt2uE4OcpQqbFu7f7NbTK05lx80nuSijCz7sc3a277R67g,Sangat bermanfaat sekali,5,0,1.0.19,2019-08-24 17:53:20,,,1.0.19
7037734d-6fdc-426a-a3fb-24c3e8593b69,Pengguna Google,https://play-lh.googleusercontent.com/EGemoI2NTXmTsBVtJqk8jxF9rh8ApRWfsIMQSt2uE4OcpQqbFu7f7NbTK05lx80nuSijCz7sc3a277R67g,Peta bus tdk dibisa di liat,1,6,1.0.22.1,2019-08-24 14:16:57,,,1.0.22.1
4ad43b44-68f2-4fca-b04c-e4e4a64a1465,Pengguna Google,https://play-lh.googleusercontent.com/EGemoI2NTXmTsBVtJqk8jxF9rh8ApRWfsIMQSt2uE4OcpQqbFu7f7NbTK05lx80nuSijCz7sc3a277R67g,Bersih bersahabat,5,0,1.0.22.1,2019-08-21 17:21:03,,,1.0.22.1
46001e63-fdb2-468f-a28f-f9274e8c852d,Pengguna Google,https://play-lh.googleusercontent.com/EGemoI2NTXmTsBVtJqk8jxF9rh8ApRWfsIMQSt2uE4OcpQqbFu7f7NbTK05lx80nuSijCz7sc3a277R67g,Lumayan membantu serelah lulqng dr luar kota. Bisa mengajak anak2 jalan2 klo lagi pengen naik bis n memberi pelajaran bahwa sampah itu juga berharga,5,11,1.0.22.1,2019-08-20 22:22:37,,,1.0.22.1
12de0523-6fe3-41ff-991b-d7db327c6750,Pengguna Google,https://play-lh.googleusercontent.com/EGemoI2NTXmTsBVtJqk8jxF9rh8ApRWfsIMQSt2uE4OcpQqbFu7f7NbTK05lx80nuSijCz7sc3a277R67g,"mantap, bu risma wajib gubernur jakarta",5,0,1.0.21,2019-08-18 13:38:57,,,1.0.21
d19e8180-d356-44fb-9f07-a6aef247745e,Pengguna Google,https://play-lh.googleusercontent.com/EGemoI2NTXmTsBVtJqk8jxF9rh8ApRWfsIMQSt2uE4OcpQqbFu7f7NbTK05lx80nuSijCz7sc3a277R67g,Ini bus...dari rakyat untuk rakyat...Ini baru mantap......salut buat Ibu Risma..yg selalu memperjuangkan warganya dgn fasilitas moderen buat kotanya...mantap,5,0,,2019-08-18 09:58:12,,,
5e4b64b9-ff58-4ccd-be16-277c4ff3737d,Pengguna Google,https://play-lh.googleusercontent.com/EGemoI2NTXmTsBVtJqk8jxF9rh8ApRWfsIMQSt2uE4OcpQqbFu7f7NbTK05lx80nuSijCz7sc3a277R67g,"fitur baru menunggu di halte masih harus direvisi krn saya pernah beberapa kali scan barcode, tetapi tidak nampak di helper",5,12,1.0.21,2019-08-16 15:58:52,,,1.0.21
4bd22ef5-9e23-412a-b1ae-ad466448dbc5,Pengguna Google,https://play-lh.googleusercontent.com/EGemoI2NTXmTsBVtJqk8jxF9rh8ApRWfsIMQSt2uE4OcpQqbFu7f7NbTK05lx80nuSijCz7sc3a277R67g,bagus dan membuat nyaman,5,0,1.0.18,2019-08-16 10:58:08,,,1.0.18
e889d477-54f3-480d-9473-a8d85f771675,Pengguna Google,https://play-lh.googleusercontent.com/EGemoI2NTXmTsBVtJqk8jxF9rh8ApRWfsIMQSt2uE4OcpQqbFu7f7NbTK05lx80nuSijCz7sc3a277R67g,sangat meringankan anak kos,5,0,1.0.21,2019-08-15 04:56:41,,,1.0.21
478122ce-bcdd-4d31-aeb0-06230a1006d6,Pengguna Google,https://play-lh.googleusercontent.com/EGemoI2NTXmTsBVtJqk8jxF9rh8ApRWfsIMQSt2uE4OcpQqbFu7f7NbTK05lx80nuSijCz7sc3a277R67g,"Bus tolong stand by di kawasan bisnis dan kampus ketika sore...karena saya udah 2 kali mengalami nunggu bus habis ashar, naik busnya pas azan isya",3,1,,2019-08-14 20:01:16,,,
10ebc440-9372-4fc8-9fe6-8773093d8810,Pengguna Google,https://play-lh.googleusercontent.com/EGemoI2NTXmTsBVtJqk8jxF9rh8ApRWfsIMQSt2uE4OcpQqbFu7f7NbTK05lx80nuSijCz7sc3a277R67g,perjalan menjadi mudah,5,0,1.0.21,2019-08-12 14:03:12,,,1.0.21
667e2c76-defb-416d-9c20-10cd409ec7a8,Pengguna Google,https://play-lh.googleusercontent.com/EGemoI2NTXmTsBVtJqk8jxF9rh8ApRWfsIMQSt2uE4OcpQqbFu7f7NbTK05lx80nuSijCz7sc3a277R67g,"APLIKASI CACAT, SEMUA MENU PADA ERROR!!!!",1,9,1.0.21,2019-08-12 11:11:00,,,1.0.21
22c6527d-4d41-444f-9e8c-485f961a7e16,Pengguna Google,https://play-lh.googleusercontent.com/EGemoI2NTXmTsBVtJqk8jxF9rh8ApRWfsIMQSt2uE4OcpQqbFu7f7NbTK05lx80nuSijCz7sc3a277R67g,mantaapp,5,0,1.0.21,2019-08-12 02:38:03,,,1.0.21
35312153-4143-4f87-ad4c-b96b37714bf2,Pengguna Google,https://play-lh.googleusercontent.com/EGemoI2NTXmTsBVtJqk8jxF9rh8ApRWfsIMQSt2uE4OcpQqbFu7f7NbTK05lx80nuSijCz7sc3a277R67g,mantul,5,0,,2019-08-11 16:32:06,,,
01ab8d11-58f5-4e9f-bf72-1b93e25033ff,Pengguna Google,https://play-lh.googleusercontent.com/EGemoI2NTXmTsBVtJqk8jxF9rh8ApRWfsIMQSt2uE4OcpQqbFu7f7NbTK05lx80nuSijCz7sc3a277R67g,mohon ditambah sampai area surabaya barat daerah made sambikerep,3,3,1.0.21,2019-08-10 13:33:59,,,1.0.21
da461863-7d79-4887-833a-cd4671569598,Pengguna Google,https://play-lh.googleusercontent.com/EGemoI2NTXmTsBVtJqk8jxF9rh8ApRWfsIMQSt2uE4OcpQqbFu7f7NbTK05lx80nuSijCz7sc3a277R67g,membantu sekali,4,0,1.0.21,2019-08-07 13:04:07,,,1.0.21
f0ca58be-1b79-4795-9ec2-c45bea3584f2,Pengguna Google,https://play-lh.googleusercontent.com/EGemoI2NTXmTsBVtJqk8jxF9rh8ApRWfsIMQSt2uE4OcpQqbFu7f7NbTK05lx80nuSijCz7sc3a277R67g,bagus n enak,5,0,1.0.21,2019-08-05 12:17:38,,,1.0.21
f6a31940-fd43-4f33-96b3-01aa601d35f4,Pengguna Google,https://play-lh.googleusercontent.com/EGemoI2NTXmTsBVtJqk8jxF9rh8ApRWfsIMQSt2uE4OcpQqbFu7f7NbTK05lx80nuSijCz7sc3a277R67g,BaguS dan Bar6,5,0,1.0.21,2019-08-04 04:07:00,,,1.0.21
8cee1f27-089f-40c9-bcb3-45d16a124c54,Pengguna Google,https://play-lh.googleusercontent.com/EGemoI2NTXmTsBVtJqk8jxF9rh8ApRWfsIMQSt2uE4OcpQqbFu7f7NbTK05lx80nuSijCz7sc3a277R67g,mantap,5,0,1.0.19,2019-08-03 19:12:37,,,1.0.19
21a97a04-35a0-46fc-89f0-b08dbee1f514,Pengguna Google,https://play-lh.googleusercontent.com/EGemoI2NTXmTsBVtJqk8jxF9rh8ApRWfsIMQSt2uE4OcpQqbFu7f7NbTK05lx80nuSijCz7sc3a277R67g,aplikasi nya membantu sekali. sdh beberapa kali naik. 👍👍👍,5,0,1.0.21,2019-08-03 17:25:57,,,1.0.21
96f6ee4f-17a8-4d0a-90fe-604cfcbdf920,Pengguna Google,https://play-lh.googleusercontent.com/EGemoI2NTXmTsBVtJqk8jxF9rh8ApRWfsIMQSt2uE4OcpQqbFu7f7NbTK05lx80nuSijCz7sc3a277R67g,pling pagi dri unesa jam brpa ya,5,0,,2019-08-03 16:54:35,,,
88f74c6d-a5b6-48a9-a2c5-7bda1f889117,Pengguna Google,https://play-lh.googleusercontent.com/EGemoI2NTXmTsBVtJqk8jxF9rh8ApRWfsIMQSt2uE4OcpQqbFu7f7NbTK05lx80nuSijCz7sc3a277R67g,"masih pertama pake, ok sih..",4,0,1.0.21,2019-08-03 09:32:50,,,1.0.21
59847919-a891-43ba-b8a7-26c2773462e0,Pengguna Google,https://play-lh.googleusercontent.com/EGemoI2NTXmTsBVtJqk8jxF9rh8ApRWfsIMQSt2uE4OcpQqbFu7f7NbTK05lx80nuSijCz7sc3a277R67g,"kalo dari kota lain ke surabaya, antar kota gitu. bayar pake sampah apa bisa? apa cuma khusus buat di surabaya aja gitu?",5,13,1.0.21,2019-08-01 10:42:11,,,1.0.21
0187236d-b033-408b-8706-47c8738d2c75,Pengguna Google,https://play-lh.googleusercontent.com/EGemoI2NTXmTsBVtJqk8jxF9rh8ApRWfsIMQSt2uE4OcpQqbFu7f7NbTK05lx80nuSijCz7sc3a277R67g,luamayan,4,0,1.0.19,2019-07-31 18:52:19,,,1.0.19
4d59d06b-85c7-45de-b1c8-4065928081be,Pengguna Google,https://play-lh.googleusercontent.com/EGemoI2NTXmTsBVtJqk8jxF9rh8ApRWfsIMQSt2uE4OcpQqbFu7f7NbTK05lx80nuSijCz7sc3a277R67g,good,5,0,1.0.19,2019-07-31 18:04:35,,,1.0.19
45ba1f03-a90c-4be0-8653-5ee94dcf6551,Pengguna Google,https://play-lh.googleusercontent.com/EGemoI2NTXmTsBVtJqk8jxF9rh8ApRWfsIMQSt2uE4OcpQqbFu7f7NbTK05lx80nuSijCz7sc3a277R67g,bagusssss banget karena saya pp kekantor naik bus ini semoga jadwal semakin konsisten dan bisa lebih tepat waktu trus..sukses selalu untuk Suroboyo bus,5,1,1.0.19,2019-07-31 16:02:46,,,1.0.19
c90eaf14-7ad2-4bcf-b0bb-c289967a03c1,Pengguna Google,https://play-lh.googleusercontent.com/EGemoI2NTXmTsBVtJqk8jxF9rh8ApRWfsIMQSt2uE4OcpQqbFu7f7NbTK05lx80nuSijCz7sc3a277R67g,"bus keren, canggih, bersih ...suroboyo bus dong ❤",5,0,1.0.19,2019-07-31 14:36:25,,,1.0.19
236d5d97-c6a2-4abd-a100-98e65585d515,Pengguna Google,https://play-lh.googleusercontent.com/EGemoI2NTXmTsBVtJqk8jxF9rh8ApRWfsIMQSt2uE4OcpQqbFu7f7NbTK05lx80nuSijCz7sc3a277R67g,good idea,5,0,1.0.19,2019-07-31 14:00:11,,,1.0.19
3926c83b-b334-4beb-8b8f-9ea0f1fb743e,Pengguna Google,https://play-lh.googleusercontent.com/EGemoI2NTXmTsBVtJqk8jxF9rh8ApRWfsIMQSt2uE4OcpQqbFu7f7NbTK05lx80nuSijCz7sc3a277R67g,sangat membantu untuk melihat posisi bus,5,0,1.0.19,2019-07-29 20:31:24,,,1.0.19
21b8c8d7-221c-403f-b2dc-1da4a949830b,Pengguna Google,https://play-lh.googleusercontent.com/EGemoI2NTXmTsBVtJqk8jxF9rh8ApRWfsIMQSt2uE4OcpQqbFu7f7NbTK05lx80nuSijCz7sc3a277R67g,keren..sangat membantu untuk memantau keberadaan bus jadi tdk perlu lama2 nuggu di halte.. 👍👍,5,0,1.0.19,2019-07-28 16:16:01,,,1.0.19
8acb3133-227f-48b8-ad9f-154d191e0fa5,Pengguna Google,https://play-lh.googleusercontent.com/EGemoI2NTXmTsBVtJqk8jxF9rh8ApRWfsIMQSt2uE4OcpQqbFu7f7NbTK05lx80nuSijCz7sc3a277R67g,"aplikasi gak guna, br instal sdh macet,, rugi instal ini, buang2 paketan",1,2,,2019-07-25 08:14:21,,,
295e88fb-f498-442f-ac33-a1018bd159fe,Pengguna Google,https://play-lh.googleusercontent.com/EGemoI2NTXmTsBVtJqk8jxF9rh8ApRWfsIMQSt2uE4OcpQqbFu7f7NbTK05lx80nuSijCz7sc3a277R67g,sangat berguna bagi pelajar dan mahasiswa,4,0,1.0.19,2019-07-22 07:33:04,,,1.0.19
aef0ec6f-5664-4cfb-bc48-888babdb8470,Pengguna Google,https://play-lh.googleusercontent.com/EGemoI2NTXmTsBVtJqk8jxF9rh8ApRWfsIMQSt2uE4OcpQqbFu7f7NbTK05lx80nuSijCz7sc3a277R67g,hebat,5,0,1.0.19,2019-07-20 23:59:56,,,1.0.19
cde72d29-0fec-4faf-a01c-ac140c051d25,Pengguna Google,https://play-lh.googleusercontent.com/EGemoI2NTXmTsBVtJqk8jxF9rh8ApRWfsIMQSt2uE4OcpQqbFu7f7NbTK05lx80nuSijCz7sc3a277R67g,"Aslinya enak, bagus.. Tapi bagi posisi sy wisatawan dimana mau turun di kota trus mau pulang, dimana mesti cepat g bisa. Ngumpulin sampah lagi,, tambahi opsi beli tiket reguler juga dong.. Biar yg mau buru buru bisa pake moda transportasi ini juga. Niat mau pake buat keliling kelilling batal, krn ga punya sampah 😶😶",3,5,1.0.19,2019-07-20 17:49:23,,,1.0.19
56fb4aea-1864-4c6e-858b-d3ab2d2fe6a9,Pengguna Google,https://play-lh.googleusercontent.com/EGemoI2NTXmTsBVtJqk8jxF9rh8ApRWfsIMQSt2uE4OcpQqbFu7f7NbTK05lx80nuSijCz7sc3a277R67g,dengan adanya bis suroboyo transportasi sekolah anak saya bisa digunakan untuk tabungan disekolah guna bayar kesekolah lanjutannya nanti terimakasih suroboyo Gbu always,5,1,1.0.19,2019-07-18 05:51:25,,,1.0.19
8e58319f-1f42-40ab-9dde-391c2c7f455a,Pengguna Google,https://play-lh.googleusercontent.com/EGemoI2NTXmTsBVtJqk8jxF9rh8ApRWfsIMQSt2uE4OcpQqbFu7f7NbTK05lx80nuSijCz7sc3a277R67g,ok,5,0,,2019-07-16 15:04:52,,,
f40d0b4b-6893-467e-8a68-debc7db01bd7,Pengguna Google,https://play-lh.googleusercontent.com/EGemoI2NTXmTsBVtJqk8jxF9rh8ApRWfsIMQSt2uE4OcpQqbFu7f7NbTK05lx80nuSijCz7sc3a277R67g,"Seneeeng bs merasakan bis yg bersih, harum, bebas rokok, dingin, nyaman & tertib. Smoga kondisi spt itu bs seterusnya sekalipun bu risma ytc sdh tdk menjabat lagi, amin. Armada bus tumpuknya kpn di tmbh ?",5,2,1.0.19,2019-07-13 14:53:27,,,1.0.19
c8e1e349-3e25-49e2-8497-d7772e4045ac,Pengguna Google,https://play-lh.googleusercontent.com/EGemoI2NTXmTsBVtJqk8jxF9rh8ApRWfsIMQSt2uE4OcpQqbFu7f7NbTK05lx80nuSijCz7sc3a277R67g,good..,5,0,1.0.6,2019-07-11 22:25:27,,,1.0.6
1029a2d3-aa57-485c-831d-d7067a424424,Pengguna Google,https://play-lh.googleusercontent.com/EGemoI2NTXmTsBVtJqk8jxF9rh8ApRWfsIMQSt2uE4OcpQqbFu7f7NbTK05lx80nuSijCz7sc3a277R67g,sangat membantu bagus,5,0,1.0.19,2019-07-08 09:10:17,,,1.0.19
8f8e4fed-f806-4003-89b4-77ef9a7e4713,Pengguna Google,https://play-lh.googleusercontent.com/EGemoI2NTXmTsBVtJqk8jxF9rh8ApRWfsIMQSt2uE4OcpQqbFu7f7NbTK05lx80nuSijCz7sc3a277R67g,cara mengetahui jalur gobis surabaya,5,1,1.0.19,2019-07-07 04:57:13,,,1.0.19
873a99da-2228-42a4-8a70-c7d79a78b3d9,Pengguna Google,https://play-lh.googleusercontent.com/EGemoI2NTXmTsBVtJqk8jxF9rh8ApRWfsIMQSt2uE4OcpQqbFu7f7NbTK05lx80nuSijCz7sc3a277R67g,penukaran botol diperbanyak di setiap halte,3,1,,2019-07-06 11:31:14,,,
70d3428d-afe4-43ea-9e76-670af23ba991,Pengguna Google,https://play-lh.googleusercontent.com/EGemoI2NTXmTsBVtJqk8jxF9rh8ApRWfsIMQSt2uE4OcpQqbFu7f7NbTK05lx80nuSijCz7sc3a277R67g,ok deh,4,0,,2019-07-06 09:37:41,,,
90e61fd7-4287-4810-bfb7-75f66efbc659,Pengguna Google,https://play-lh.googleusercontent.com/EGemoI2NTXmTsBVtJqk8jxF9rh8ApRWfsIMQSt2uE4OcpQqbFu7f7NbTK05lx80nuSijCz7sc3a277R67g,Gak bisa menampilkan data apa apa. Ini aplikasi dulu lumayan bisa menunjukan bis yang ada secara real time. Sekarang gak muncul apa apa. Cuman menu saja,1,5,1.0.19,2019-07-05 13:16:39,,,1.0.19
77c2dccf-a810-4bb5-95dc-cf09b374a7e5,Pengguna Google,https://play-lh.googleusercontent.com/EGemoI2NTXmTsBVtJqk8jxF9rh8ApRWfsIMQSt2uE4OcpQqbFu7f7NbTK05lx80nuSijCz7sc3a277R67g,saya pernah donload seru. banget deh asyiiiik,1,1,1.0.19,2019-07-02 10:32:16,,,1.0.19
77a1a97d-0726-489d-933d-b1124773d42e,Pengguna Google,https://play-lh.googleusercontent.com/EGemoI2NTXmTsBVtJqk8jxF9rh8ApRWfsIMQSt2uE4OcpQqbFu7f7NbTK05lx80nuSijCz7sc3a277R67g,"bagus, sangat membantu saya ketika di Surabaya",5,0,1.0.19,2019-06-29 12:25:49,,,1.0.19
b6c06d06-a508-4a85-a1f6-655846110ec6,Pengguna Google,https://play-lh.googleusercontent.com/EGemoI2NTXmTsBVtJqk8jxF9rh8ApRWfsIMQSt2uE4OcpQqbFu7f7NbTK05lx80nuSijCz7sc3a277R67g,"Klo deskripsinya lengkap gak setengah2 apl jauhh lebih bagus,yg kepingin jln2 kota Surabaya bisa terbantu.",3,0,1.0.19,2019-06-29 07:28:11,,,1.0.19
f2abdc82-0fe2-4bff-972c-7d553c59f3ea,Pengguna Google,https://play-lh.googleusercontent.com/EGemoI2NTXmTsBVtJqk8jxF9rh8ApRWfsIMQSt2uE4OcpQqbFu7f7NbTK05lx80nuSijCz7sc3a277R67g,Kenapa cuma garis merah doang sama gambar bus? ga ada keterangan lokasinya 🤔🤣🤣🤣,1,1,,2019-06-25 21:16:25,,,
6dc5db60-4235-4dd3-b093-c2e0142bd399,Pengguna Google,https://play-lh.googleusercontent.com/EGemoI2NTXmTsBVtJqk8jxF9rh8ApRWfsIMQSt2uE4OcpQqbFu7f7NbTK05lx80nuSijCz7sc3a277R67g,"sudah bagus siih... mungkin lebih diperbanyak untuk tempat2 penukaran botol dg kartu stamp nya. klo bisa ada di tiap2 halte jadi kita gak perlu ribet lagi harus bawa botol masuk kedalam bus, kondisi dlm bus jg bisa lebih bersih dan gak banyak sampah botol yg menumpuk jd bisa lebih leluasa jg didalamnya. Maju Terus SUROBOYOKU",5,32,1.0.19,2019-06-25 20:56:21,,,1.0.19
16f09ef5-de9c-48fd-b0e6-464efba02bfc,Pengguna Google,https://play-lh.googleusercontent.com/EGemoI2NTXmTsBVtJqk8jxF9rh8ApRWfsIMQSt2uE4OcpQqbFu7f7NbTK05lx80nuSijCz7sc3a277R67g,sangat.memuaskan.halte.dekat.denqan.rumah.bila.kerja.tidak.kehilanqan.onqkos.kalau.libur.bisa.jalan.jalan.dg.cucuk.bila.nunqqu.bus.td.lama terima kasih,5,0,,2019-06-25 05:47:09,,,
4ff3063a-3633-41ad-8ad2-d0727b349ac0,Pengguna Google,https://play-lh.googleusercontent.com/EGemoI2NTXmTsBVtJqk8jxF9rh8ApRWfsIMQSt2uE4OcpQqbFu7f7NbTK05lx80nuSijCz7sc3a277R67g,"Berangkat kerja selalu pakai suroboyo bus. Tolong kalau bisa mikrolet / lyn di surabaya juga diintegrasikan dengan moda transportasi berbasis aplikasi seperti ini, supaya surabaya benar benar menjadi smart city",5,2,1.0.19,2019-06-24 22:12:13,,,1.0.19
128fc023-5e9f-495f-b95e-90f0e9798de9,Pengguna Google,https://play-lh.googleusercontent.com/EGemoI2NTXmTsBVtJqk8jxF9rh8ApRWfsIMQSt2uE4OcpQqbFu7f7NbTK05lx80nuSijCz7sc3a277R67g,mantapp,5,0,1.0.19,2019-06-18 11:57:30,,,1.0.19
fd5480df-b732-4745-9de8-cfef88d9004f,Pengguna Google,https://play-lh.googleusercontent.com/EGemoI2NTXmTsBVtJqk8jxF9rh8ApRWfsIMQSt2uE4OcpQqbFu7f7NbTK05lx80nuSijCz7sc3a277R67g,maju terus dan selalu tepat waktu,4,0,1.0.19,2019-06-18 09:01:09,,,1.0.19
2f52de47-7797-4e8f-86d4-699f1c2ce9c6,Pengguna Google,https://play-lh.googleusercontent.com/EGemoI2NTXmTsBVtJqk8jxF9rh8ApRWfsIMQSt2uE4OcpQqbFu7f7NbTK05lx80nuSijCz7sc3a277R67g,sangat membantuu,5,0,,2019-06-15 09:49:32,,,
acad311b-f576-4752-b93f-569cdbeef772,Pengguna Google,https://play-lh.googleusercontent.com/EGemoI2NTXmTsBVtJqk8jxF9rh8ApRWfsIMQSt2uE4OcpQqbFu7f7NbTK05lx80nuSijCz7sc3a277R67g,kenapa kok ga keluar rute busnya??cuma layar biru aja??gmna mau liat rute klo ga da,2,2,1.0.19,2019-06-09 13:59:18,,,1.0.19
b637b51b-f4af-43e8-ae42-a7dce2aad5e3,Pengguna Google,https://play-lh.googleusercontent.com/EGemoI2NTXmTsBVtJqk8jxF9rh8ApRWfsIMQSt2uE4OcpQqbFu7f7NbTK05lx80nuSijCz7sc3a277R67g,uda download tapi gak bisa keliatan bus nya ada dimana akhirnya saya hapus ini mau download lagi,5,0,,2019-06-09 11:47:26,,,
f5a85275-0eac-4b0a-ba2c-ac52e5bd3e1b,Pengguna Google,https://play-lh.googleusercontent.com/EGemoI2NTXmTsBVtJqk8jxF9rh8ApRWfsIMQSt2uE4OcpQqbFu7f7NbTK05lx80nuSijCz7sc3a277R67g,"aplikasi bagus. hanya saja, sudah beberapa hari tidak muncul posisi bis & haltenya. apakah libur lebaran atau aplikasi rusak. tolong pemberitahuanya ya. terima kasih.",4,1,1.0.19,2019-06-07 17:51:50,,,1.0.19
b22e977e-7e62-4c29-ace3-6db467b261c8,Pengguna Google,https://play-lh.googleusercontent.com/EGemoI2NTXmTsBVtJqk8jxF9rh8ApRWfsIMQSt2uE4OcpQqbFu7f7NbTK05lx80nuSijCz7sc3a277R67g,pelayanan familiar....bagus bersih dan nyaman,5,0,1.0.19,2019-06-07 10:36:47,,,1.0.19
4fdbb117-c207-4a42-8ac5-866e74e17e67,Pengguna Google,https://play-lh.googleusercontent.com/EGemoI2NTXmTsBVtJqk8jxF9rh8ApRWfsIMQSt2uE4OcpQqbFu7f7NbTK05lx80nuSijCz7sc3a277R67g,"tidak keluar bus nya, hanya peta saja",1,1,1.0.19,2019-06-07 08:39:05,,,1.0.19
5c863cb7-6818-41a4-afc6-edcf3361a452,Pengguna Google,https://play-lh.googleusercontent.com/EGemoI2NTXmTsBVtJqk8jxF9rh8ApRWfsIMQSt2uE4OcpQqbFu7f7NbTK05lx80nuSijCz7sc3a277R67g,kok aplikasinya yang baru gak bergerak cm kayak map ajaa,1,1,1.0.19,2019-06-06 16:56:31,,,1.0.19
3157fb9a-2218-4756-93bc-96342f793ddf,Pengguna Google,https://play-lh.googleusercontent.com/EGemoI2NTXmTsBVtJqk8jxF9rh8ApRWfsIMQSt2uE4OcpQqbFu7f7NbTK05lx80nuSijCz7sc3a277R67g,"sangat membantu tahu posisi bus ada dimana, jd tdk lama2 menunggu di halte",5,0,1.0.19,2019-06-06 13:48:30,,,1.0.19
716fa8df-2583-4fc9-b435-163e11a539a0,Pengguna Google,https://play-lh.googleusercontent.com/EGemoI2NTXmTsBVtJqk8jxF9rh8ApRWfsIMQSt2uE4OcpQqbFu7f7NbTK05lx80nuSijCz7sc3a277R67g,Kok aplikasi nya gk bisa di gunakan ya,1,1,1.0.19,2019-06-06 06:40:01,,,1.0.19
b3d5e364-04e0-4493-b1da-bcd202318e7d,Pengguna Google,https://play-lh.googleusercontent.com/EGemoI2NTXmTsBVtJqk8jxF9rh8ApRWfsIMQSt2uE4OcpQqbFu7f7NbTK05lx80nuSijCz7sc3a277R67g,sip,5,0,1.0.19,2019-06-02 14:46:16,,,1.0.19
94241911-666f-46eb-bf04-f12d8a0a84ad,Pengguna Google,https://play-lh.googleusercontent.com/EGemoI2NTXmTsBVtJqk8jxF9rh8ApRWfsIMQSt2uE4OcpQqbFu7f7NbTK05lx80nuSijCz7sc3a277R67g,gobissurabaya,5,0,,2019-05-30 10:08:28,,,
399f99cf-733f-4c0d-8900-3f43374e9d7a,Pengguna Google,https://play-lh.googleusercontent.com/EGemoI2NTXmTsBVtJqk8jxF9rh8ApRWfsIMQSt2uE4OcpQqbFu7f7NbTK05lx80nuSijCz7sc3a277R67g,AMAZING,5,0,1.0.19,2019-05-27 15:38:10,,,1.0.19
a1c0fef1-16a8-44dc-b9b4-fc709284bead,Pengguna Google,https://play-lh.googleusercontent.com/EGemoI2NTXmTsBVtJqk8jxF9rh8ApRWfsIMQSt2uE4OcpQqbFu7f7NbTK05lx80nuSijCz7sc3a277R67g,Aplikasi GO-BIS mantap,5,0,1.0.18,2019-05-16 16:12:38,,,1.0.18
1473cee9-e857-4e7c-a0cc-d5bc7cc8da0c,Pengguna Google,https://play-lh.googleusercontent.com/EGemoI2NTXmTsBVtJqk8jxF9rh8ApRWfsIMQSt2uE4OcpQqbFu7f7NbTK05lx80nuSijCz7sc3a277R67g,sip,5,0,1.0.19,2019-05-14 19:01:01,,,1.0.19
00461cc1-bb8e-4bee-a501-69d4385b06db,Pengguna Google,https://play-lh.googleusercontent.com/EGemoI2NTXmTsBVtJqk8jxF9rh8ApRWfsIMQSt2uE4OcpQqbFu7f7NbTK05lx80nuSijCz7sc3a277R67g,"Tolong diperbaiki lagi aplikasinya. Sudah bagus sih, tapi akan lrbih bagus lagi kalau dikasih tau cara naiknya, mekanisme penukaran botol dan tempat penukaran botolnya dimana. Supaya lebih mudah untuk akses naik bus SuroBoyo.",3,14,1.0.19,2019-05-12 11:02:41,,,1.0.19
5bb7dfd7-ff9b-4609-a611-64dcbf42c452,Pengguna Google,https://play-lh.googleusercontent.com/EGemoI2NTXmTsBVtJqk8jxF9rh8ApRWfsIMQSt2uE4OcpQqbFu7f7NbTK05lx80nuSijCz7sc3a277R67g,terima ksh bgt pd DAMRI SURABAYA,5,0,1.0.19,2019-05-08 15:09:27,,,1.0.19
4623e962-dddb-4fe8-b7a6-4c6bb1972bef,Pengguna Google,https://play-lh.googleusercontent.com/EGemoI2NTXmTsBVtJqk8jxF9rh8ApRWfsIMQSt2uE4OcpQqbFu7f7NbTK05lx80nuSijCz7sc3a277R67g,"stlh di update peta rute dan posisi bis ngga keluar, hanya berwarna biru saja, sampai uninstall dan install ulang tetap seperti itu, why ??? haruskah memanfaatkan ilmu terawang....T_T",1,53,1.0.19,2019-05-03 20:37:27,,,1.0.19
a2d52d49-959b-498e-bfd6-f8f072351a0d,Pengguna Google,https://play-lh.googleusercontent.com/EGemoI2NTXmTsBVtJqk8jxF9rh8ApRWfsIMQSt2uE4OcpQqbFu7f7NbTK05lx80nuSijCz7sc3a277R67g,saya suka naik bis suroboyo bersih dan ramah lingkungan,5,0,1.0.19,2019-05-02 11:35:47,,,1.0.19
2af2e829-5b74-417c-b847-9c7e29c50618,Pengguna Google,https://play-lh.googleusercontent.com/EGemoI2NTXmTsBVtJqk8jxF9rh8ApRWfsIMQSt2uE4OcpQqbFu7f7NbTK05lx80nuSijCz7sc3a277R67g,👍👍👍,5,0,,2019-04-28 16:39:44,,,
f37734d8-9b61-4ef3-acb6-0dce5ccfff91,Pengguna Google,https://play-lh.googleusercontent.com/EGemoI2NTXmTsBVtJqk8jxF9rh8ApRWfsIMQSt2uE4OcpQqbFu7f7NbTK05lx80nuSijCz7sc3a277R67g,terimakasih kepada bu Risma bus ini sangat membantu sekali biar hemat ongkos kemana2,5,0,,2019-04-26 18:27:39,,,
63364d15-e4c6-4739-8973-67a1de1f50e0,Pengguna Google,https://play-lh.googleusercontent.com/EGemoI2NTXmTsBVtJqk8jxF9rh8ApRWfsIMQSt2uE4OcpQqbFu7f7NbTK05lx80nuSijCz7sc3a277R67g,bagus pakainya gampang,4,0,1.0.19,2019-04-26 16:07:55,,,1.0.19
753baf9b-decc-40b0-be86-71e54372f3d6,Pengguna Google,https://play-lh.googleusercontent.com/EGemoI2NTXmTsBVtJqk8jxF9rh8ApRWfsIMQSt2uE4OcpQqbFu7f7NbTK05lx80nuSijCz7sc3a277R67g,"w2w.R1s, wwwecec",2,1,1.0.18,2019-04-26 09:28:59,,,1.0.18
aab13be1-6fda-4aa4-a108-4378cb72e60a,Pengguna Google,https://play-lh.googleusercontent.com/EGemoI2NTXmTsBVtJqk8jxF9rh8ApRWfsIMQSt2uE4OcpQqbFu7f7NbTK05lx80nuSijCz7sc3a277R67g,"bagus banget gak perlu tunggu lama-lama sudah tau posisi bus yg akan lewat ,tapi busnya kok sepi apa kurang sosialisasi lagi pengenalan bus Suroboyo + cara penukaran botol (agen penukaran botol yg mudah) tinggal pake stiker jadi tanpa bawa botol biar gak bikin ribet",5,30,1.0.19,2019-04-20 18:41:49,,,1.0.19
9734266d-06b7-4157-a21b-69381e24098f,Pengguna Google,https://play-lh.googleusercontent.com/EGemoI2NTXmTsBVtJqk8jxF9rh8ApRWfsIMQSt2uE4OcpQqbFu7f7NbTK05lx80nuSijCz7sc3a277R67g,"gak bisa di akses lokolasi busnya,,,",3,2,1.0.19,2019-04-19 06:06:11,,,1.0.19
20838d3c-2fff-4675-9314-58a4a7a7d319,Pengguna Google,https://play-lh.googleusercontent.com/EGemoI2NTXmTsBVtJqk8jxF9rh8ApRWfsIMQSt2uE4OcpQqbFu7f7NbTK05lx80nuSijCz7sc3a277R67g,"tidak ada tombol update lokasi user, mhn ditambah tombol order utk notifikasi ke bus terdekat dalam satu rute",4,3,1.0.19,2019-04-16 19:15:07,,,1.0.19
32d79036-e3bb-4b80-b24d-c5abdaabbe2f,Pengguna Google,https://play-lh.googleusercontent.com/EGemoI2NTXmTsBVtJqk8jxF9rh8ApRWfsIMQSt2uE4OcpQqbFu7f7NbTK05lx80nuSijCz7sc3a277R67g,jalur bisnya jelas,5,0,1.0.19,2019-04-14 20:50:39,,,1.0.19
dbed74de-9fc4-445e-a074-2730337d55a0,Pengguna Google,https://play-lh.googleusercontent.com/EGemoI2NTXmTsBVtJqk8jxF9rh8ApRWfsIMQSt2uE4OcpQqbFu7f7NbTK05lx80nuSijCz7sc3a277R67g,bagaimana kita mendapatkan informasi utk wkt keberangkatan sehingga kita tau jadwalnya bis. apakah rute utk dr Unesa ke ITS saja?? sedangkan didlm perumahan pakuwon city ada kampus unika Widya Mandala juga?? tolong spy bs rute kampus yg sejln bs dipertimbangkan utk ditambahkan. terima kasih sebelumnya .,5,1,,2019-04-12 11:42:17,,,
c112b5d7-e77d-408c-8b6f-64f96172a1bd,Pengguna Google,https://play-lh.googleusercontent.com/EGemoI2NTXmTsBVtJqk8jxF9rh8ApRWfsIMQSt2uE4OcpQqbFu7f7NbTK05lx80nuSijCz7sc3a277R67g,bagi,5,0,,2019-04-10 16:39:18,,,
2fdb8d52-ed2d-4a9b-911f-d5873f3ea0af,Pengguna Google,https://play-lh.googleusercontent.com/EGemoI2NTXmTsBVtJqk8jxF9rh8ApRWfsIMQSt2uE4OcpQqbFu7f7NbTK05lx80nuSijCz7sc3a277R67g,nggak lengkap.jadwal nya,2,1,,2019-04-08 10:38:52,,,
a391e09b-d22a-4314-9d70-5757545cb161,Pengguna Google,https://play-lh.googleusercontent.com/EGemoI2NTXmTsBVtJqk8jxF9rh8ApRWfsIMQSt2uE4OcpQqbFu7f7NbTK05lx80nuSijCz7sc3a277R67g,kok kadang eror se,5,0,1.0.13,2019-04-07 10:36:54,,,1.0.13
28cc694f-22ba-43b3-a237-5d5f6a3bb24e,Pengguna Google,https://play-lh.googleusercontent.com/EGemoI2NTXmTsBVtJqk8jxF9rh8ApRWfsIMQSt2uE4OcpQqbFu7f7NbTK05lx80nuSijCz7sc3a277R67g,top markotop,5,0,1.0.19,2019-04-05 19:32:25,,,1.0.19
7019f3a5-4649-44a1-8d4a-c68ab07f7dc1,Pengguna Google,https://play-lh.googleusercontent.com/EGemoI2NTXmTsBVtJqk8jxF9rh8ApRWfsIMQSt2uE4OcpQqbFu7f7NbTK05lx80nuSijCz7sc3a277R67g,"driver yg baru2 kurang ramah, mhn info jam terakhir dr bungurasih katanya jam 9 malam nyatanya jam 20.30 terakhir keberangkatan",1,5,1.0.18,2019-04-02 21:12:32,,,1.0.18
749325cb-8855-4af6-b7c8-db8a1802b89e,Pengguna Google,https://play-lh.googleusercontent.com/EGemoI2NTXmTsBVtJqk8jxF9rh8ApRWfsIMQSt2uE4OcpQqbFu7f7NbTK05lx80nuSijCz7sc3a277R67g,sangat bagus dan menyenangkan,5,0,1.0.8,2019-03-30 07:57:13,,,1.0.8
410397ac-5395-4e4e-8efa-03623bad872a,Pengguna Google,https://play-lh.googleusercontent.com/EGemoI2NTXmTsBVtJqk8jxF9rh8ApRWfsIMQSt2uE4OcpQqbFu7f7NbTK05lx80nuSijCz7sc3a277R67g,menyenangkan,5,0,,2019-03-28 15:35:58,,,
182782d3-071e-44a8-b13b-e16e614fc36d,Pengguna Google,https://play-lh.googleusercontent.com/EGemoI2NTXmTsBVtJqk8jxF9rh8ApRWfsIMQSt2uE4OcpQqbFu7f7NbTK05lx80nuSijCz7sc3a277R67g,Bagus..,5,0,1.0.18,2019-03-23 15:37:07,,,1.0.18
092410df-c0e5-446e-88f8-b155faa35221,Pengguna Google,https://play-lh.googleusercontent.com/EGemoI2NTXmTsBVtJqk8jxF9rh8ApRWfsIMQSt2uE4OcpQqbFu7f7NbTK05lx80nuSijCz7sc3a277R67g,kenapa gak keluar rutenya cuma warna biru saja.sudah saya unistal trs saya instal lagi masih gk keluar hanya layar biru.mohon di perbaiki karna GOBIS sangat membantu masyarakat,1,5,1.0.18,2019-03-22 21:33:27,,,1.0.18
819d8102-7081-4996-bda3-73049cc7dfae,Pengguna Google,https://play-lh.googleusercontent.com/EGemoI2NTXmTsBVtJqk8jxF9rh8ApRWfsIMQSt2uE4OcpQqbFu7f7NbTK05lx80nuSijCz7sc3a277R67g,OK,3,0,,2019-03-20 10:04:40,,,
bb86173e-dcd7-4785-9c7d-98ecedce2148,Pengguna Google,https://play-lh.googleusercontent.com/EGemoI2NTXmTsBVtJqk8jxF9rh8ApRWfsIMQSt2uE4OcpQqbFu7f7NbTK05lx80nuSijCz7sc3a277R67g,bagus,5,0,1.0.18,2019-03-20 07:39:20,,,1.0.18
ee07fd14-6362-4adc-bbf3-69861d7502dc,Pengguna Google,https://play-lh.googleusercontent.com/EGemoI2NTXmTsBVtJqk8jxF9rh8ApRWfsIMQSt2uE4OcpQqbFu7f7NbTK05lx80nuSijCz7sc3a277R67g,ok,5,0,1.0.18,2019-03-19 21:43:27,,,1.0.18
fc42834d-2369-4120-a525-e7e6651602df,Pengguna Google,https://play-lh.googleusercontent.com/EGemoI2NTXmTsBVtJqk8jxF9rh8ApRWfsIMQSt2uE4OcpQqbFu7f7NbTK05lx80nuSijCz7sc3a277R67g,update di ios dong,5,2,1.0.18,2019-03-18 20:12:53,,,1.0.18
0e2a280d-325d-4a53-ae8e-4244b3fa1e27,Pengguna Google,https://play-lh.googleusercontent.com/EGemoI2NTXmTsBVtJqk8jxF9rh8ApRWfsIMQSt2uE4OcpQqbFu7f7NbTK05lx80nuSijCz7sc3a277R67g,Aplikasi sangat bagus. Saran saya di aplikasi dapat ditambahkan: 1) syarat/ tata cara penggunaan suroboyo bus. 2) schedule perkiraan bus akan sampai di setiap halte. 3) point2 lokasi tempat wisata dicantumkan di setiap koridor perjalanan bus. untuk memudahkan warga yang ingin wisata sekalian ingin merasakan naik suroboyo bus . mudah2an sukses suroboyo busnya.,4,46,1.0.18,2019-03-16 22:02:42,,,1.0.18
49155048-39b0-4c7c-801c-4752a214b630,Pengguna Google,https://play-lh.googleusercontent.com/EGemoI2NTXmTsBVtJqk8jxF9rh8ApRWfsIMQSt2uE4OcpQqbFu7f7NbTK05lx80nuSijCz7sc3a277R67g,Akurasi waktu kedatangan tiap halte nggak ada.,3,2,1.0.18,2019-03-15 11:09:59,,,1.0.18
b35d168d-d6b1-4bea-8444-c6af83b77d1d,Pengguna Google,https://play-lh.googleusercontent.com/EGemoI2NTXmTsBVtJqk8jxF9rh8ApRWfsIMQSt2uE4OcpQqbFu7f7NbTK05lx80nuSijCz7sc3a277R67g,sangat Membantu,5,0,1.0.18,2019-03-14 06:01:10,,,1.0.18
95e5392e-1e45-4147-8f71-532bc60426cf,Pengguna Google,https://play-lh.googleusercontent.com/EGemoI2NTXmTsBVtJqk8jxF9rh8ApRWfsIMQSt2uE4OcpQqbFu7f7NbTK05lx80nuSijCz7sc3a277R67g,sangat beguna skli bagi msyarakat sby. klu bsa ditmbah lagi rutenya biar masyarakat sby dan skitarnya tau dan mngenal SB sby trima kasih,5,1,1.0.18,2019-03-10 17:58:21,,,1.0.18
c6e86abe-20e1-42ed-a89e-84aabf59c843,Pengguna Google,https://play-lh.googleusercontent.com/EGemoI2NTXmTsBVtJqk8jxF9rh8ApRWfsIMQSt2uE4OcpQqbFu7f7NbTK05lx80nuSijCz7sc3a277R67g,"Harusnya ada info/tanda jika bis tidak jalan atau jam nya sudah habis, jadi ga nunggu sia sia. Sering terlihat di maps bis nya ada tapi ga jalan jalan.",4,3,1.0.15,2019-03-07 20:15:04,,,1.0.15
0d4da46d-ae2f-4162-89b3-c424edc7e5c9,Pengguna Google,https://play-lh.googleusercontent.com/EGemoI2NTXmTsBVtJqk8jxF9rh8ApRWfsIMQSt2uE4OcpQqbFu7f7NbTK05lx80nuSijCz7sc3a277R67g,"semenjak auto-update tgl 26 feb 2019.. map dan posisi bus tdk muncul blas.. so, ndk bisa dipake lagi",1,5,,2019-03-04 20:29:51,,,
b545816d-fbc9-4441-a088-34a14c9da170,Pengguna Google,https://play-lh.googleusercontent.com/EGemoI2NTXmTsBVtJqk8jxF9rh8ApRWfsIMQSt2uE4OcpQqbFu7f7NbTK05lx80nuSijCz7sc3a277R67g,"semoga di jalankan terus dan di pertambah jalurnya ama bisnya, the best dah semoga orang mulai menikmati angkutan umum yang ada",5,7,1.0.18,2019-03-01 16:48:03,,,1.0.18
d4fff954-30a3-444c-aaf3-463ddaa924c5,Pengguna Google,https://play-lh.googleusercontent.com/EGemoI2NTXmTsBVtJqk8jxF9rh8ApRWfsIMQSt2uE4OcpQqbFu7f7NbTK05lx80nuSijCz7sc3a277R67g,posisi bus hilang setelah update sedihhh,1,3,1.0.18,2019-02-27 12:29:28,,,1.0.18
d4fcf1d6-20c8-4161-a6a2-5540c4c991bd,Pengguna Google,https://play-lh.googleusercontent.com/EGemoI2NTXmTsBVtJqk8jxF9rh8ApRWfsIMQSt2uE4OcpQqbFu7f7NbTK05lx80nuSijCz7sc3a277R67g,ayo naik bis,5,0,,2019-02-27 09:54:16,,,
c92317e2-7795-4b2d-ab3d-3360b2abcda3,Pengguna Google,https://play-lh.googleusercontent.com/EGemoI2NTXmTsBVtJqk8jxF9rh8ApRWfsIMQSt2uE4OcpQqbFu7f7NbTK05lx80nuSijCz7sc3a277R67g,sangat membantu,5,0,1.0.13,2019-02-24 12:04:45,,,1.0.13
912efe5a-8cab-4053-9e77-84089fb3795d,Pengguna Google,https://play-lh.googleusercontent.com/EGemoI2NTXmTsBVtJqk8jxF9rh8ApRWfsIMQSt2uE4OcpQqbFu7f7NbTK05lx80nuSijCz7sc3a277R67g,saya dan keluarga merasa senang dengan bus suboyo ..ini ...petugasnya ramah ...dan sopan ..jiadi favorid anak anak saya trimakasih,5,0,,2019-02-23 21:44:30,,,
39781f2b-2d3f-4229-803c-aefc94cd60d5,Pengguna Google,https://play-lh.googleusercontent.com/EGemoI2NTXmTsBVtJqk8jxF9rh8ApRWfsIMQSt2uE4OcpQqbFu7f7NbTK05lx80nuSijCz7sc3a277R67g,tolong info bis kota sama mikroletnya juga ditambahin dong,5,0,1.0.15,2019-02-22 14:05:03,,,1.0.15
198e121e-cc2e-458d-a72d-4e234d434231,Pengguna Google,https://play-lh.googleusercontent.com/EGemoI2NTXmTsBVtJqk8jxF9rh8ApRWfsIMQSt2uE4OcpQqbFu7f7NbTK05lx80nuSijCz7sc3a277R67g,"mungkin lebih baik di update waktu kedatangan supaya orang tidak menunggu terlalu lama di halte, karena hanya melihat gambar bus yg bergerak di peta.",4,8,1.0.15,2019-02-21 23:40:00,,,1.0.15
97510dc0-76ae-41fe-b360-1acbd39c51c7,Pengguna Google,https://play-lh.googleusercontent.com/EGemoI2NTXmTsBVtJqk8jxF9rh8ApRWfsIMQSt2uE4OcpQqbFu7f7NbTK05lx80nuSijCz7sc3a277R67g,Aplikasinya tak seperti TRANSJAKARTA yang akurat sekali...,1,3,1.0.13,2019-02-19 15:43:47,,,1.0.13
b1cb8dd6-f0b6-4b2c-89e0-5d69a047bd0a,Pengguna Google,https://play-lh.googleusercontent.com/EGemoI2NTXmTsBVtJqk8jxF9rh8ApRWfsIMQSt2uE4OcpQqbFu7f7NbTK05lx80nuSijCz7sc3a277R67g,siip banget,5,0,1.0.15,2019-02-13 14:33:06,,,1.0.15
779cfb46-dca1-4e20-98c4-7ab563ec1df6,Pengguna Google,https://play-lh.googleusercontent.com/EGemoI2NTXmTsBVtJqk8jxF9rh8ApRWfsIMQSt2uE4OcpQqbFu7f7NbTK05lx80nuSijCz7sc3a277R67g,bus tidak muncul di rute go bus,1,2,1.0.12,2019-02-11 15:42:33,,,1.0.12
75f81ca0-0995-43cd-aad1-39557666005a,Pengguna Google,https://play-lh.googleusercontent.com/EGemoI2NTXmTsBVtJqk8jxF9rh8ApRWfsIMQSt2uE4OcpQqbFu7f7NbTK05lx80nuSijCz7sc3a277R67g,Jelek,1,0,,2019-02-11 14:24:08,,,
cdffb6e2-2e1f-4ad1-9c1a-da146e3e6957,Pengguna Google,https://play-lh.googleusercontent.com/EGemoI2NTXmTsBVtJqk8jxF9rh8ApRWfsIMQSt2uE4OcpQqbFu7f7NbTK05lx80nuSijCz7sc3a277R67g,bagus,5,0,1.0.15,2019-02-10 19:09:25,,,1.0.15
3bf79280-2166-4edc-ac2d-0fab1ff096da,Pengguna Google,https://play-lh.googleusercontent.com/EGemoI2NTXmTsBVtJqk8jxF9rh8ApRWfsIMQSt2uE4OcpQqbFu7f7NbTK05lx80nuSijCz7sc3a277R67g,"sy diturunkan di pinggir jln. dengan alasan bis akan balek ke garasi, kesalahan sopir tdk bilang trayeknya kemana. sy diturunkan pinggir jln. sy bawa banyak ank kecil mohon unk pengawas dan sopir lebih mengerti sedikit keadaan penumpangnya !!!",1,16,1.0.15,2019-02-09 21:27:30,,,1.0.15
83d6f380-5285-4099-b257-c787193f0ff0,Pengguna Google,https://play-lh.googleusercontent.com/EGemoI2NTXmTsBVtJqk8jxF9rh8ApRWfsIMQSt2uE4OcpQqbFu7f7NbTK05lx80nuSijCz7sc3a277R67g,sangat membantu,5,0,1.0.15,2019-02-07 13:07:25,,,1.0.15
58118e8a-546e-4d86-88f6-fa042872809f,Pengguna Google,https://play-lh.googleusercontent.com/EGemoI2NTXmTsBVtJqk8jxF9rh8ApRWfsIMQSt2uE4OcpQqbFu7f7NbTK05lx80nuSijCz7sc3a277R67g,hmmm..cb kalu jg di tampilkan jadwal keberangkatan bus Gobis.penumpng jadi bisa kalkulasi keberngktan bus.maju terus bu Risma dan kota Surabaya,4,6,1.0.15,2019-02-05 09:37:41,,,1.0.15
07002922-8b2e-4312-8e44-62ad98c3caeb,Pengguna Google,https://play-lh.googleusercontent.com/EGemoI2NTXmTsBVtJqk8jxF9rh8ApRWfsIMQSt2uE4OcpQqbFu7f7NbTK05lx80nuSijCz7sc3a277R67g,"map nya tiba"" ga bisa sinkron. tolong dong dishub mapnya diupdate bisar bisa liat posisi bus nya di mana...(padahal dah pembaruan map ma aplikasi trnyata tetep gak ngaruh) 😑",2,4,1.0.12,2019-02-04 14:31:25,,,1.0.12
c4fbffd3-c8b7-4dca-8956-ceeba08d2919,Pengguna Google,https://play-lh.googleusercontent.com/EGemoI2NTXmTsBVtJqk8jxF9rh8ApRWfsIMQSt2uE4OcpQqbFu7f7NbTK05lx80nuSijCz7sc3a277R67g,ok,5,0,,2019-02-03 11:47:34,,,
28d05756-f77c-4b96-9c75-6ba3100d98bf,Pengguna Google,https://play-lh.googleusercontent.com/EGemoI2NTXmTsBVtJqk8jxF9rh8ApRWfsIMQSt2uE4OcpQqbFu7f7NbTK05lx80nuSijCz7sc3a277R67g,"app ga bisa update dgan gmap, Disbub mohon update ya app sd bgus lbih bgus lg kl sprti grab dan gojek, jd kita tw posisi bus brada d titik mn trima kasih",4,10,1.0.15,2019-02-03 08:55:18,,,1.0.15
c6f1b5d0-8e66-4e7f-ad93-03cb155261de,Pengguna Google,https://play-lh.googleusercontent.com/EGemoI2NTXmTsBVtJqk8jxF9rh8ApRWfsIMQSt2uE4OcpQqbFu7f7NbTK05lx80nuSijCz7sc3a277R67g,lokasi bus tidak muncul di map.,1,1,1.0.11,2019-02-01 16:54:08,,,1.0.11
e770f95d-53af-4d24-84c6-f8eb0ea7c969,Pengguna Google,https://play-lh.googleusercontent.com/EGemoI2NTXmTsBVtJqk8jxF9rh8ApRWfsIMQSt2uE4OcpQqbFu7f7NbTK05lx80nuSijCz7sc3a277R67g,kurang simple.stiap tempat pemberhentian baiknya dicantumkan,3,0,1.0.13,2019-01-31 17:27:50,,,1.0.13
019c9d44-eb45-4820-9457-f4bdb5d63126,Pengguna Google,https://play-lh.googleusercontent.com/EGemoI2NTXmTsBVtJqk8jxF9rh8ApRWfsIMQSt2uE4OcpQqbFu7f7NbTK05lx80nuSijCz7sc3a277R67g,bagus,5,0,,2019-01-30 20:26:43,,,
68bae6ba-10eb-4f26-a3f7-1b7365d758a5,Pengguna Google,https://play-lh.googleusercontent.com/EGemoI2NTXmTsBVtJqk8jxF9rh8ApRWfsIMQSt2uE4OcpQqbFu7f7NbTK05lx80nuSijCz7sc3a277R67g,"mantab, semoga tetap terjaga keadaan seperti sekarang ini., dan untuk kedepannya di tambah lg aplikasi untuk memberi tau penumpang, apa bus penuh apa sedikit penumpangnya. terkadang kendala kemacetan mmng, apa lagi kalau habis hujan. lain ok deeeh.👍🏽",5,3,1.0.15,2019-01-30 18:32:32,,,1.0.15
92bc773f-e887-4dc3-a3b2-2d067e58b65b,Pengguna Google,https://play-lh.googleusercontent.com/EGemoI2NTXmTsBVtJqk8jxF9rh8ApRWfsIMQSt2uE4OcpQqbFu7f7NbTK05lx80nuSijCz7sc3a277R67g,tidak banyak membantu utk cari busnya,4,0,1.0.11,2019-01-30 12:36:19,,,1.0.11
31935725-5f0f-4d93-a90f-669a08dcc15e,Pengguna Google,https://play-lh.googleusercontent.com/EGemoI2NTXmTsBVtJqk8jxF9rh8ApRWfsIMQSt2uE4OcpQqbFu7f7NbTK05lx80nuSijCz7sc3a277R67g,sipp deh,5,0,1.0.13,2019-01-28 13:50:06,,,1.0.13
e0b659ec-57c5-4159-8f96-757315447839,Pengguna Google,https://play-lh.googleusercontent.com/EGemoI2NTXmTsBVtJqk8jxF9rh8ApRWfsIMQSt2uE4OcpQqbFu7f7NbTK05lx80nuSijCz7sc3a277R67g,Petugas bis nya lumayan tegas. Tp kurang senyum & ngga ramah.,3,1,,2019-01-28 11:48:56,,,
50b751b3-d8bf-4053-a8b9-652f3a06331e,Pengguna Google,https://play-lh.googleusercontent.com/EGemoI2NTXmTsBVtJqk8jxF9rh8ApRWfsIMQSt2uE4OcpQqbFu7f7NbTK05lx80nuSijCz7sc3a277R67g,Hanya ada di Surabaya bayar ongkos bus pakai sampah. Terimakasih Ibu Risma. Hanya petugas busnya saya lihat kurang ramah. Terlalu banyak pertanyaan. Kalau sudah ada kupon ya harusnya naik sj dan tinggal diinfo Bus nya jurusan kemana.,5,5,1.0.13,2019-01-27 16:46:29,,,1.0.13
e68a6b3a-849a-435f-8e88-a1135cabc979,Pengguna Google,https://play-lh.googleusercontent.com/EGemoI2NTXmTsBVtJqk8jxF9rh8ApRWfsIMQSt2uE4OcpQqbFu7f7NbTK05lx80nuSijCz7sc3a277R67g,sangat membantu,5,0,1.0.13,2019-01-26 18:15:14,,,1.0.13
bb5f3c79-6024-42db-bc91-7505c73eecc9,Pengguna Google,https://play-lh.googleusercontent.com/EGemoI2NTXmTsBVtJqk8jxF9rh8ApRWfsIMQSt2uE4OcpQqbFu7f7NbTK05lx80nuSijCz7sc3a277R67g,tidak suport dengan google map tampilan peta nya jadi modus malam,4,2,1.0.13,2019-01-25 04:42:24,,,1.0.13
47aa793d-ff4d-4969-83a4-675762e76ca2,Pengguna Google,https://play-lh.googleusercontent.com/EGemoI2NTXmTsBVtJqk8jxF9rh8ApRWfsIMQSt2uE4OcpQqbFu7f7NbTK05lx80nuSijCz7sc3a277R67g,sangat membantu,5,0,1.0.12,2019-01-24 17:31:58,,,1.0.12
3f833a0e-b7f9-4292-b570-659768d94895,Pengguna Google,https://play-lh.googleusercontent.com/EGemoI2NTXmTsBVtJqk8jxF9rh8ApRWfsIMQSt2uE4OcpQqbFu7f7NbTK05lx80nuSijCz7sc3a277R67g,klo kemaleman jam 19.30 tdk mau berhenti,3,0,1.0.12,2019-01-24 06:54:16,,,1.0.12
3a1c6481-996e-4e52-9e11-b052a73881da,Pengguna Google,https://play-lh.googleusercontent.com/EGemoI2NTXmTsBVtJqk8jxF9rh8ApRWfsIMQSt2uE4OcpQqbFu7f7NbTK05lx80nuSijCz7sc3a277R67g,banyak error nya,2,1,1.0.12,2019-01-22 14:33:13,,,1.0.12
3f8ffcca-3b7b-4d6a-9191-f9a2509fbd32,Pengguna Google,https://play-lh.googleusercontent.com/EGemoI2NTXmTsBVtJqk8jxF9rh8ApRWfsIMQSt2uE4OcpQqbFu7f7NbTK05lx80nuSijCz7sc3a277R67g,"tolong di cantumkan sampai hari apa dan jam berapa saja,, terima kasih",1,1,1.0.12,2019-01-19 07:23:18,,,1.0.12
72caa767-f473-472f-afab-4e937eb9ef2c,Pengguna Google,https://play-lh.googleusercontent.com/EGemoI2NTXmTsBVtJqk8jxF9rh8ApRWfsIMQSt2uE4OcpQqbFu7f7NbTK05lx80nuSijCz7sc3a277R67g,Good Service,5,2,1.0.12,2019-01-17 18:14:31,,,1.0.12
01d21054-9933-4f5b-85c1-eb1eb0f14778,Pengguna Google,https://play-lh.googleusercontent.com/EGemoI2NTXmTsBVtJqk8jxF9rh8ApRWfsIMQSt2uE4OcpQqbFu7f7NbTK05lx80nuSijCz7sc3a277R67g,kok di aplikasinya tidak bisa memuat layanan google maps dengan benar. gimana ya?? saya gabisa tau dimana letak bus nya,1,3,1.0.12,2019-01-17 12:06:51,,,1.0.12
243b9092-89fd-4880-b333-433ade92a95e,Pengguna Google,https://play-lh.googleusercontent.com/EGemoI2NTXmTsBVtJqk8jxF9rh8ApRWfsIMQSt2uE4OcpQqbFu7f7NbTK05lx80nuSijCz7sc3a277R67g,"beberapa hr tidak menampakkan posisi bus merah, dan ini jarak tgu sangat lama pada malam hari saya tgu selasa 15 jan 19. padahal secara info dpt tambahan 10 dab mmg tdk beroperasi semua. Nah saat saya ketik bus merah bus kuning tdk ada. saya ketik ini pukul 20.02 .30 menit sdh kemana tuh tdk terdetek. mohon dapat diperhatikan. trma kasih",1,3,1.0.12,2019-01-15 20:02:58,,,1.0.12
da112bfe-9b7f-4508-ad55-4d047cd9ef80,Pengguna Google,https://play-lh.googleusercontent.com/EGemoI2NTXmTsBVtJqk8jxF9rh8ApRWfsIMQSt2uE4OcpQqbFu7f7NbTK05lx80nuSijCz7sc3a277R67g,kok beberapa hari ini tidak terdeteksi ya bis nya ... tapi tetep okelah ...,3,1,1.0.11,2019-01-15 14:50:00,,,1.0.11
c105afa2-937d-41c3-8bd8-1f8d31bb3a22,Pengguna Google,https://play-lh.googleusercontent.com/EGemoI2NTXmTsBVtJqk8jxF9rh8ApRWfsIMQSt2uE4OcpQqbFu7f7NbTK05lx80nuSijCz7sc3a277R67g,"Tolong ditambahkan informasi mengenai estimasi waktu keberangkatan dari ITS, UNESA, JEMBATAN MERAH, dan BUNGURASIH",3,1,,2019-01-14 18:34:43,,,
2764a954-36f7-4447-b5e2-6671475c4e82,Pengguna Google,https://play-lh.googleusercontent.com/EGemoI2NTXmTsBVtJqk8jxF9rh8ApRWfsIMQSt2uE4OcpQqbFu7f7NbTK05lx80nuSijCz7sc3a277R67g,Mas ini sy nunggu hampir 1 jam kok gaada yg lewat ya :(,2,1,1.0.12,2019-01-12 14:07:05,,,1.0.12
482bb40e-b340-47d8-ac35-a7bb1d622813,Pengguna Google,https://play-lh.googleusercontent.com/EGemoI2NTXmTsBVtJqk8jxF9rh8ApRWfsIMQSt2uE4OcpQqbFu7f7NbTK05lx80nuSijCz7sc3a277R67g,"tolong diberikan jam datangnya, bus yg diapps tidak sesuai dengan yg di jalan, saya pernah melihat bus di unesa tp di appsnya tidak ada bus yg diunesa. Terima kasih :)",2,4,1.0.12,2019-01-12 11:44:28,,,1.0.12
4be76b08-89e9-4ab0-9cca-ea4ce23a50e6,Pengguna Google,https://play-lh.googleusercontent.com/EGemoI2NTXmTsBVtJqk8jxF9rh8ApRWfsIMQSt2uE4OcpQqbFu7f7NbTK05lx80nuSijCz7sc3a277R67g,untuk tambahan armada yg baru... kayaknya belum terlihat dari aplikasi yaaaa????,5,1,1.0.12,2019-01-10 12:08:03,,,1.0.12
e51c6a67-6ea5-47b8-920a-02efee0db4ba,Pengguna Google,https://play-lh.googleusercontent.com/EGemoI2NTXmTsBVtJqk8jxF9rh8ApRWfsIMQSt2uE4OcpQqbFu7f7NbTK05lx80nuSijCz7sc3a277R67g,"Saran, aplikasinya ditambahkan kuota orang yang sudah masuk bisa dilihat... Jadi orang yang menunggu di halte bisa melihat busnya masih bisa dinaiki atau sudah penuh",5,9,1.0.12,2019-01-02 05:26:31,,,1.0.12
c628b6c5-2af3-4d20-9178-0732e43ed02b,Pengguna Google,https://play-lh.googleusercontent.com/EGemoI2NTXmTsBVtJqk8jxF9rh8ApRWfsIMQSt2uE4OcpQqbFu7f7NbTK05lx80nuSijCz7sc3a277R67g,Baca ..langsung install ...OK BANGET,5,1,1.0.12,2018-12-30 16:05:01,,,1.0.12
e31549f2-c52c-4643-8a72-bc7d4a591399,Pengguna Google,https://play-lh.googleusercontent.com/EGemoI2NTXmTsBVtJqk8jxF9rh8ApRWfsIMQSt2uE4OcpQqbFu7f7NbTK05lx80nuSijCz7sc3a277R67g,saran saja..mungkin bisa ditambahkan informasi tarif untuk masing2 transportasi..terima kasih,5,13,1.0.12,2018-12-29 06:36:10,,,1.0.12
2ac2227d-b94d-4eff-a345-fc0a4b1967b1,Pengguna Google,https://play-lh.googleusercontent.com/EGemoI2NTXmTsBVtJqk8jxF9rh8ApRWfsIMQSt2uE4OcpQqbFu7f7NbTK05lx80nuSijCz7sc3a277R67g,belum ada jam jadwal keberangkatannya...,3,4,1.0.12,2018-12-26 10:24:00,,,1.0.12
86c29e83-3316-4eb2-bcc3-4194be952b2b,Pengguna Google,https://play-lh.googleusercontent.com/EGemoI2NTXmTsBVtJqk8jxF9rh8ApRWfsIMQSt2uE4OcpQqbFu7f7NbTK05lx80nuSijCz7sc3a277R67g,kalau mau naik itu harus bawa botol atau bagaimana buat alat pembayaranya,4,7,1.0.12,2018-12-24 21:19:45,,,1.0.12
d4aa7269-d838-4b6f-aa5a-e5fa3ec9c4b5,Pengguna Google,https://play-lh.googleusercontent.com/EGemoI2NTXmTsBVtJqk8jxF9rh8ApRWfsIMQSt2uE4OcpQqbFu7f7NbTK05lx80nuSijCz7sc3a277R67g,"nunggunya lama banget pernah sejam an, gak jelas jadwal jam berapa aja",2,1,,2018-12-24 14:04:15,,,
f1d16af8-9a87-46ef-9b70-7b648e20eb27,Pengguna Google,https://play-lh.googleusercontent.com/EGemoI2NTXmTsBVtJqk8jxF9rh8ApRWfsIMQSt2uE4OcpQqbFu7f7NbTK05lx80nuSijCz7sc3a277R67g,"armadanya di tambahin, masa nunggu harus 2 jam",3,0,1.0.8,2018-12-20 16:37:24,,,1.0.8
3b50c750-dc82-4d13-849c-a75f2779eac8,Pengguna Google,https://play-lh.googleusercontent.com/EGemoI2NTXmTsBVtJqk8jxF9rh8ApRWfsIMQSt2uE4OcpQqbFu7f7NbTK05lx80nuSijCz7sc3a277R67g,aplikasi mantap....semoga semakin maju dan nyaman moda transportasi disurabaya,5,5,1.0.12,2018-12-18 20:16:54,,,1.0.12
35050ab9-e239-4f5a-831a-06492f96d1a1,Pengguna Google,https://play-lh.googleusercontent.com/EGemoI2NTXmTsBVtJqk8jxF9rh8ApRWfsIMQSt2uE4OcpQqbFu7f7NbTK05lx80nuSijCz7sc3a277R67g,wkwk app,1,0,1.0.11,2018-12-18 14:54:59,,,1.0.11
fdbf362e-9419-4f50-ad2b-de750791f3d6,Pengguna Google,https://play-lh.googleusercontent.com/EGemoI2NTXmTsBVtJqk8jxF9rh8ApRWfsIMQSt2uE4OcpQqbFu7f7NbTK05lx80nuSijCz7sc3a277R67g,"Masih banyak Bug nya, over all it's okay",5,0,1.0.11,2018-12-09 18:57:08,,,1.0.11
9ea8b362-7294-4080-b7c1-13dd5c206ea5,Pengguna Google,https://play-lh.googleusercontent.com/EGemoI2NTXmTsBVtJqk8jxF9rh8ApRWfsIMQSt2uE4OcpQqbFu7f7NbTK05lx80nuSijCz7sc3a277R67g,"Aplikasi tidak sesuai espektasi. Jika aplikasi ini bisa digunakan dengan baik akan sangat menguntungkan. Mohon untuk diperbaiki, kami akan menunggu",2,5,1.0.11,2018-12-09 05:24:12,,,1.0.11
bb7d7f4c-671f-486e-bf9a-ed7fa39546ff,Pengguna Google,https://play-lh.googleusercontent.com/EGemoI2NTXmTsBVtJqk8jxF9rh8ApRWfsIMQSt2uE4OcpQqbFu7f7NbTK05lx80nuSijCz7sc3a277R67g,"Ternyata posisi bisnya kurang akurat. Benar2 diharapkan kedepannya bisa lebih akurat posisi bisnya. Dan kalau bisa, dilampirkan jadwal pasti dari keberangkatan bisnya. Matur suwun atas inovasi bergunanya 👍",5,31,1.0.11,2018-12-05 06:42:05,,,1.0.11
25973010-9fad-442b-8d05-f3174509c1bc,Pengguna Google,https://play-lh.googleusercontent.com/EGemoI2NTXmTsBVtJqk8jxF9rh8ApRWfsIMQSt2uE4OcpQqbFu7f7NbTK05lx80nuSijCz7sc3a277R67g,Aplikasinya baguss bangettt...😊😊😊😊😊,5,0,1.0.11,2018-12-02 07:08:21,,,1.0.11
a2aeaceb-2e2c-4e5d-a4c1-11c2e69891b9,Pengguna Google,https://play-lh.googleusercontent.com/EGemoI2NTXmTsBVtJqk8jxF9rh8ApRWfsIMQSt2uE4OcpQqbFu7f7NbTK05lx80nuSijCz7sc3a277R67g,Nunggunya lama pake bangettttt 1 jam ga jalan jalan bikin org males,3,0,,2018-11-24 13:49:30,,,
b2553252-96d8-4c1c-b86f-d480ca08f65b,Pengguna Google,https://play-lh.googleusercontent.com/EGemoI2NTXmTsBVtJqk8jxF9rh8ApRWfsIMQSt2uE4OcpQqbFu7f7NbTK05lx80nuSijCz7sc3a277R67g,Kalo.pakai aplikasih ini saya bisa pesan bus merah surabaya dengan gampang dan online terimakasih DISHUB KOTA SURABAYA,5,0,,2018-11-22 20:45:21,,,
b42c79ad-7d89-4440-90b3-db075a17f8d5,Pengguna Google,https://play-lh.googleusercontent.com/EGemoI2NTXmTsBVtJqk8jxF9rh8ApRWfsIMQSt2uE4OcpQqbFu7f7NbTK05lx80nuSijCz7sc3a277R67g,Mantappppppp,5,0,,2018-11-19 06:46:02,,,
e3f2bcb5-485f-43a0-953b-84a0e417e1b7,Pengguna Google,https://play-lh.googleusercontent.com/EGemoI2NTXmTsBVtJqk8jxF9rh8ApRWfsIMQSt2uE4OcpQqbFu7f7NbTK05lx80nuSijCz7sc3a277R67g,"Lokasi bis hanya bisa dilihat kalau sudah berada di jalur. Kalau diluar jalur tdk bisa, padahal butuh buat perkiraan waktu dr rumah ke halte terdekat. Jadi tidak usah menunggu lama. Pernah sudah nunggu lama di halte ternyata bus penuh dan tdk boleh naik. 🤔",3,7,1.0.11,2018-11-18 14:32:43,,,1.0.11
fdec09ae-e5bb-4b93-9c82-3e30f7e3808e,Pengguna Google,https://play-lh.googleusercontent.com/EGemoI2NTXmTsBVtJqk8jxF9rh8ApRWfsIMQSt2uE4OcpQqbFu7f7NbTK05lx80nuSijCz7sc3a277R67g,Maps kurang akurat.. Mohon dibenerin terlebih dahulu,3,2,1.0.11,2018-11-14 16:37:12,,,1.0.11
9c4688cb-e509-451a-b916-5ad64724c161,Pengguna Google,https://play-lh.googleusercontent.com/EGemoI2NTXmTsBVtJqk8jxF9rh8ApRWfsIMQSt2uE4OcpQqbFu7f7NbTK05lx80nuSijCz7sc3a277R67g,Ini gobis naiknya pakai botol atau uang,3,0,,2018-11-12 17:25:18,,,
f4f31547-9c25-4dd1-a30b-72beca693fb6,Pengguna Google,https://play-lh.googleusercontent.com/EGemoI2NTXmTsBVtJqk8jxF9rh8ApRWfsIMQSt2uE4OcpQqbFu7f7NbTK05lx80nuSijCz7sc3a277R67g,"Untuk jalur unesa its nunggu hingga 1jam lbh, gak ada jadwal pasti. Jadi kadang terlambat kuliah. Jadi se enak bisnya kpn mau brangkat",3,3,1.0.11,2018-11-09 13:57:39,,,1.0.11
4505759d-65fb-4f62-8632-b47bc97cddc4,Pengguna Google,https://play-lh.googleusercontent.com/EGemoI2NTXmTsBVtJqk8jxF9rh8ApRWfsIMQSt2uE4OcpQqbFu7f7NbTK05lx80nuSijCz7sc3a277R67g,Kenapa Aplikasinya sering tidak jalan sesuai.,1,1,,2018-10-28 15:18:43,,,
113816a6-1cb8-43bb-b0c6-5aaa6835a8a9,Pengguna Google,https://play-lh.googleusercontent.com/EGemoI2NTXmTsBVtJqk8jxF9rh8ApRWfsIMQSt2uE4OcpQqbFu7f7NbTK05lx80nuSijCz7sc3a277R67g,Tingkatkan gps,5,0,1.0.11,2018-10-28 06:06:43,,,1.0.11
0b8dbb2f-2125-432c-b855-46040b8eca04,Pengguna Google,https://play-lh.googleusercontent.com/EGemoI2NTXmTsBVtJqk8jxF9rh8ApRWfsIMQSt2uE4OcpQqbFu7f7NbTK05lx80nuSijCz7sc3a277R67g,"lah selalu ada tulisan ""halaman ini tidak dapat memuat googpe maps dengan benar"" padahal selalu update hmm",4,5,1.0.11,2018-10-24 09:59:26,,,1.0.11
348f0199-3ace-461b-8c96-9dd56393b424,Pengguna Google,https://play-lh.googleusercontent.com/EGemoI2NTXmTsBVtJqk8jxF9rh8ApRWfsIMQSt2uE4OcpQqbFu7f7NbTK05lx80nuSijCz7sc3a277R67g,"Wess apik,tapi bis e kyk e kurang ngenteni 20 menit, yolek kene gowo pacar enak onok seng dijak ngoomong,sakno seng jomblo min 😭😭",4,19,1.0.11,2018-10-24 06:15:13,,,1.0.11
a73f33cc-55ef-43e7-bb6c-993512031a0a,Pengguna Google,https://play-lh.googleusercontent.com/EGemoI2NTXmTsBVtJqk8jxF9rh8ApRWfsIMQSt2uE4OcpQqbFu7f7NbTK05lx80nuSijCz7sc3a277R67g,Kalo hari minggu gag berfungsi,5,0,1.0.11,2018-10-21 18:09:10,,,1.0.11
3e870183-b0da-4c3d-8278-d315eea1b311,Pengguna Google,https://play-lh.googleusercontent.com/EGemoI2NTXmTsBVtJqk8jxF9rh8ApRWfsIMQSt2uE4OcpQqbFu7f7NbTK05lx80nuSijCz7sc3a277R67g,"Sudah dicoba dibebepara smartphone dengan card yg berbeda"" tetap error.. mohon perbaiki lg",2,9,1.0.11,2018-10-21 10:29:58,,,1.0.11
eb7eebfb-3509-4aa5-812e-2f8d18b78561,Pengguna Google,https://play-lh.googleusercontent.com/EGemoI2NTXmTsBVtJqk8jxF9rh8ApRWfsIMQSt2uE4OcpQqbFu7f7NbTK05lx80nuSijCz7sc3a277R67g,"Tolong diperbarui maneh, rodok eror aplikasi, gak menyatu karo google maps",3,1,1.0.11,2018-10-19 17:52:55,,,1.0.11
3c7f3361-221f-4bf2-8fcf-d4e343f2dbc8,Pengguna Google,https://play-lh.googleusercontent.com/EGemoI2NTXmTsBVtJqk8jxF9rh8ApRWfsIMQSt2uE4OcpQqbFu7f7NbTK05lx80nuSijCz7sc3a277R67g,Kenapa tidak kerjasama dengan Trafi saja seperti TransJakarta. Interface aplikasi Trafi lebih bagus dan mudah dilihat.,3,3,1.0.11,2018-10-19 15:24:47,,,1.0.11
819e626d-349c-47a2-b23e-8b5d598ccd6a,Pengguna Google,https://play-lh.googleusercontent.com/EGemoI2NTXmTsBVtJqk8jxF9rh8ApRWfsIMQSt2uE4OcpQqbFu7f7NbTK05lx80nuSijCz7sc3a277R67g,Sangat bagus. Cuman kalau dilacak di aplikasi bus terdekat yg nampil selalu bis SB03,5,3,1.0.11,2018-10-19 12:55:23,,,1.0.11
347f7fca-ec7f-4b1b-8e99-78cc3341eea4,Pengguna Google,https://play-lh.googleusercontent.com/EGemoI2NTXmTsBVtJqk8jxF9rh8ApRWfsIMQSt2uE4OcpQqbFu7f7NbTK05lx80nuSijCz7sc3a277R67g,Aplikasi ini sangat bermanfaat,5,0,1.0.11,2018-10-18 06:04:26,,,1.0.11
0677c6f1-ccb7-4775-9cd7-c64646a6e811,Pengguna Google,https://play-lh.googleusercontent.com/EGemoI2NTXmTsBVtJqk8jxF9rh8ApRWfsIMQSt2uE4OcpQqbFu7f7NbTK05lx80nuSijCz7sc3a277R67g,sering ga jalan aplikasinya,2,1,1.0.11,2018-10-17 18:05:44,,,1.0.11
bea863b1-c2f6-4738-b5c1-2b12a5940f15,Pengguna Google,https://play-lh.googleusercontent.com/EGemoI2NTXmTsBVtJqk8jxF9rh8ApRWfsIMQSt2uE4OcpQqbFu7f7NbTK05lx80nuSijCz7sc3a277R67g,"Bagus sih...tp sayang cari bus terdekat gak muncul""...gak ada jwdl juga...tlog diperbaiki lg apk nya",2,2,,2018-10-17 05:19:03,,,
3f1998b4-6003-428a-b139-6d81f5e6a210,Pengguna Google,https://play-lh.googleusercontent.com/EGemoI2NTXmTsBVtJqk8jxF9rh8ApRWfsIMQSt2uE4OcpQqbFu7f7NbTK05lx80nuSijCz7sc3a277R67g,Tolong tambahkah jadwal ditiap halte..,4,0,1.0.11,2018-10-16 20:34:27,,,1.0.11
569c27b0-00c3-4725-82c5-3b0171bdc05d,Pengguna Google,https://play-lh.googleusercontent.com/EGemoI2NTXmTsBVtJqk8jxF9rh8ApRWfsIMQSt2uE4OcpQqbFu7f7NbTK05lx80nuSijCz7sc3a277R67g,"Sekarang malah gak sinkron sama jalur busnya, di pencet jurusan mana, yang muncul jurusan yang mana",2,4,1.0.11,2018-10-15 18:12:42,,,1.0.11
7875cf64-948d-4a05-9248-c11da3ade257,Pengguna Google,https://play-lh.googleusercontent.com/EGemoI2NTXmTsBVtJqk8jxF9rh8ApRWfsIMQSt2uE4OcpQqbFu7f7NbTK05lx80nuSijCz7sc3a277R67g,Kok gak bisa singkron sama geogel nao,5,0,1.0.11,2018-10-14 16:25:43,,,1.0.11
d14c208b-5141-4256-8609-9ea5761a519d,Pengguna Google,https://play-lh.googleusercontent.com/EGemoI2NTXmTsBVtJqk8jxF9rh8ApRWfsIMQSt2uE4OcpQqbFu7f7NbTK05lx80nuSijCz7sc3a277R67g,Manajemennya saat banyak calon penumpang kurang baik,1,1,,2018-10-14 11:59:31,,,
89eb691d-a710-4295-8e9b-39e35d7a6da0,Pengguna Google,https://play-lh.googleusercontent.com/EGemoI2NTXmTsBVtJqk8jxF9rh8ApRWfsIMQSt2uE4OcpQqbFu7f7NbTK05lx80nuSijCz7sc3a277R67g,Di update teros tak kei jempol full budhe,3,0,1.0.10,2018-10-06 21:37:43,,,1.0.10
dc3dfb31-b3a3-485f-98bf-5455be584233,Pengguna Google,https://play-lh.googleusercontent.com/EGemoI2NTXmTsBVtJqk8jxF9rh8ApRWfsIMQSt2uE4OcpQqbFu7f7NbTK05lx80nuSijCz7sc3a277R67g,jos,5,1,1.0.11,2018-10-05 12:22:42,,,1.0.11
4c931ed3-9c26-4a25-abf1-792c5828d2fb,Pengguna Google,https://play-lh.googleusercontent.com/EGemoI2NTXmTsBVtJqk8jxF9rh8ApRWfsIMQSt2uE4OcpQqbFu7f7NbTK05lx80nuSijCz7sc3a277R67g,"sangat membantu untuk mengurangi kemacetan, sayamg armadanya kurang,",5,1,1.0.11,2018-10-04 22:19:15,,,1.0.11
2a58e694-bed7-4cca-a868-d912a4059a8b,Pengguna Google,https://play-lh.googleusercontent.com/EGemoI2NTXmTsBVtJqk8jxF9rh8ApRWfsIMQSt2uE4OcpQqbFu7f7NbTK05lx80nuSijCz7sc3a277R67g,Di tunggu pengembangan yang lebih baik lagi,5,0,1.0.10,2018-10-04 22:14:16,,,1.0.10
0a944aee-4a78-48ea-bf35-7662441e33f1,Pengguna Google,https://play-lh.googleusercontent.com/EGemoI2NTXmTsBVtJqk8jxF9rh8ApRWfsIMQSt2uE4OcpQqbFu7f7NbTK05lx80nuSijCz7sc3a277R67g,Jika anda bingung menyusuri kota Surabaya tapi tidak tahu menggunakan kendaraan apa maka cobalah menaiki BusSuroboyo ini.,5,0,1.0.9,2018-10-04 22:01:58,,,1.0.9
85302baf-0964-4aee-98cc-bb51b8ade368,Pengguna Google,https://play-lh.googleusercontent.com/EGemoI2NTXmTsBVtJqk8jxF9rh8ApRWfsIMQSt2uE4OcpQqbFu7f7NbTK05lx80nuSijCz7sc3a277R67g,Kalau untuk warga ktp non sby gmn min? Apakah bsa,4,1,1.0.10,2018-10-04 13:31:31,,,1.0.10
2fa1c4ef-0815-40ee-bee4-c0fd9a728f0c,Pengguna Google,https://play-lh.googleusercontent.com/EGemoI2NTXmTsBVtJqk8jxF9rh8ApRWfsIMQSt2uE4OcpQqbFu7f7NbTK05lx80nuSijCz7sc3a277R67g,Suka,5,0,1.0.9,2018-10-04 09:43:35,,,1.0.9
8156b708-e261-4a9d-99f0-514c164f98b2,Pengguna Google,https://play-lh.googleusercontent.com/EGemoI2NTXmTsBVtJqk8jxF9rh8ApRWfsIMQSt2uE4OcpQqbFu7f7NbTK05lx80nuSijCz7sc3a277R67g,Aplikasi keren. Bisa tracking Suroboyo Bus. Dilengkapi dengan rute-rute transportasi umum di Surabaya serta tempat-tempat wisata di Surabaya,5,0,,2018-10-01 23:33:09,,,
0aa29855-1148-46b3-ad19-3350a3d3306c,Pengguna Google,https://play-lh.googleusercontent.com/EGemoI2NTXmTsBVtJqk8jxF9rh8ApRWfsIMQSt2uE4OcpQqbFu7f7NbTK05lx80nuSijCz7sc3a277R67g,Bis e kesuweeeeeennnnn,5,0,,2018-09-28 20:13:14,,,
7d94fb08-4522-4f8c-8116-11c82d2ddd07,Pengguna Google,https://play-lh.googleusercontent.com/EGemoI2NTXmTsBVtJqk8jxF9rh8ApRWfsIMQSt2uE4OcpQqbFu7f7NbTK05lx80nuSijCz7sc3a277R67g,Jelek,1,1,1.0.8,2018-09-24 11:05:02,,,1.0.8
ffea9cbf-e334-4b28-b020-73d45ce6d2e6,Pengguna Google,https://play-lh.googleusercontent.com/EGemoI2NTXmTsBVtJqk8jxF9rh8ApRWfsIMQSt2uE4OcpQqbFu7f7NbTK05lx80nuSijCz7sc3a277R67g,"Mau ngasih masukan : Bilamana bus surabaya sudah penuh , tolong dikasih info di aplikasi agak penumpang bisa tahu. Kejadian kepada saya udah menunggu lama terus bus nya penuh dan saya tidak diperbolehkan naik... Sukses Buat soroboyobus",3,4,1.0.8,2018-09-22 16:14:56,,,1.0.8
62598a2b-d705-448d-8ab5-9ab4c2366dcd,Pengguna Google,https://play-lh.googleusercontent.com/EGemoI2NTXmTsBVtJqk8jxF9rh8ApRWfsIMQSt2uE4OcpQqbFu7f7NbTK05lx80nuSijCz7sc3a277R67g,"Ini buat apa aplikasi nya? Lihat jalur aja? Gak informatif, jadwal juga dimana? Harga juga gak ada. Gak ada bantu2 nya nih apps. Kalo jalur mah liat di IG aslisurabaya juga ada LoL",1,2,1.0.8,2018-09-19 07:12:41,,,1.0.8
7fb2f140-c928-4d19-bb22-19d780f69ae7,Pengguna Google,https://play-lh.googleusercontent.com/EGemoI2NTXmTsBVtJqk8jxF9rh8ApRWfsIMQSt2uE4OcpQqbFu7f7NbTK05lx80nuSijCz7sc3a277R67g,Good,5,0,,2018-09-17 13:48:52,,,
e3e7cb38-43a2-4763-8ded-b7f5fea2dbaa,Pengguna Google,https://play-lh.googleusercontent.com/EGemoI2NTXmTsBVtJqk8jxF9rh8ApRWfsIMQSt2uE4OcpQqbFu7f7NbTK05lx80nuSijCz7sc3a277R67g,Sangat membantu terima kasih..,5,1,1.0.8,2018-09-16 10:22:59,,,1.0.8
217c0800-d3b5-4c19-84f3-4d7c1c5aaf79,Pengguna Google,https://play-lh.googleusercontent.com/EGemoI2NTXmTsBVtJqk8jxF9rh8ApRWfsIMQSt2uE4OcpQqbFu7f7NbTK05lx80nuSijCz7sc3a277R67g,"Siapa pun tlg ksh tau aku gmn caranya pake aplikasi ini.. hub id line = ernymay1151 makasih🙏, sumpah aku g tau caranya 😭",5,3,1.0.8,2018-09-15 16:56:05,,,1.0.8
d1a63574-6620-4c35-acea-c273d0e942bc,Pengguna Google,https://play-lh.googleusercontent.com/EGemoI2NTXmTsBVtJqk8jxF9rh8ApRWfsIMQSt2uE4OcpQqbFu7f7NbTK05lx80nuSijCz7sc3a277R67g,Sangat ideal,5,0,,2018-09-15 16:49:06,,,
ff8c050f-4c31-460b-abce-9e0ed8e6c2dd,Pengguna Google,https://play-lh.googleusercontent.com/EGemoI2NTXmTsBVtJqk8jxF9rh8ApRWfsIMQSt2uE4OcpQqbFu7f7NbTK05lx80nuSijCz7sc3a277R67g,Update jalur nya beda ya buat Unesa dan ITS. Malah itu jalurnya Purabaya gt. Nunggu nya jadi lama gak jelas. Update lagi dong,5,0,1.0.6,2018-09-11 10:37:24,,,1.0.6
6395d48f-320f-45cb-8814-e88e41cc5be9,Pengguna Google,https://play-lh.googleusercontent.com/EGemoI2NTXmTsBVtJqk8jxF9rh8ApRWfsIMQSt2uE4OcpQqbFu7f7NbTK05lx80nuSijCz7sc3a277R67g,Mantab,4,0,,2018-09-10 17:01:16,,,
c4b224c0-1a39-4a11-8325-8768ddfcc226,Pengguna Google,https://play-lh.googleusercontent.com/EGemoI2NTXmTsBVtJqk8jxF9rh8ApRWfsIMQSt2uE4OcpQqbFu7f7NbTK05lx80nuSijCz7sc3a277R67g,Ditunggu tracking rute barat timur,5,0,,2018-09-10 16:43:52,,,
9a4ae7f2-9f71-4dd0-b6cd-12f6612f38ca,Pengguna Google,https://play-lh.googleusercontent.com/EGemoI2NTXmTsBVtJqk8jxF9rh8ApRWfsIMQSt2uE4OcpQqbFu7f7NbTK05lx80nuSijCz7sc3a277R67g,"Aplikasinya uda bagus, hampir sama sprti Flightradar24. Utk AKURASI POSISI BIS dan JENIS BIS mohon ditingkatkan lagi biar setara Flightradar24. Jadi kalo nunggu bis enak bisa tau posisi bisnya secara presisi dan jenis bisnya ap? bis tingkat atau bukan? Biar setara flightradar24 gitu lah..",4,0,1.0.6,2018-09-10 05:33:23,,,1.0.6
0b11329e-d34d-4df3-8248-955e966d66fe,Pengguna Google,https://play-lh.googleusercontent.com/EGemoI2NTXmTsBVtJqk8jxF9rh8ApRWfsIMQSt2uE4OcpQqbFu7f7NbTK05lx80nuSijCz7sc3a277R67g,Tidak responsif aplikasinya ... Lama connect ke GPS-nya ...,2,2,1.0.6,2018-09-08 14:07:27,,,1.0.6
194f70a4-6fe6-48bb-83c0-00b3bf1d85fb,Pengguna Google,https://play-lh.googleusercontent.com/EGemoI2NTXmTsBVtJqk8jxF9rh8ApRWfsIMQSt2uE4OcpQqbFu7f7NbTK05lx80nuSijCz7sc3a277R67g,Yes,5,0,,2018-09-08 13:39:00,,,
9eaab41d-d458-410a-99e5-1ed8ca07b587,Pengguna Google,https://play-lh.googleusercontent.com/EGemoI2NTXmTsBVtJqk8jxF9rh8ApRWfsIMQSt2uE4OcpQqbFu7f7NbTK05lx80nuSijCz7sc3a277R67g,Sejak saya perbarui app nya ... Jadi g akurat map nya ... Bus arah unesa masuk ke rute bus arah purabaya ... Yang arah purabaya malah g kelihatan,2,1,1.0.5,2018-09-08 10:08:34,,,1.0.5
b73080a9-5d39-4361-8411-487378374085,Pengguna Google,https://play-lh.googleusercontent.com/EGemoI2NTXmTsBVtJqk8jxF9rh8ApRWfsIMQSt2uE4OcpQqbFu7f7NbTK05lx80nuSijCz7sc3a277R67g,Busnya yang rute UNESA ITS gak kelihatan,1,2,1.0.6,2018-09-07 16:09:38,,,1.0.6
45892ea9-3fe9-4ce4-ba21-5fba43fa8242,Pengguna Google,https://play-lh.googleusercontent.com/EGemoI2NTXmTsBVtJqk8jxF9rh8ApRWfsIMQSt2uE4OcpQqbFu7f7NbTK05lx80nuSijCz7sc3a277R67g,Bagaimana cara membedakan bus non hd mercy (bis merah) dg bus SDD oc500rf min.??? Bila melihat dri gps bus terdekat..,4,2,1.0.6,2018-09-05 22:23:26,,,1.0.6
39de9001-1e25-42b3-8490-0ebf2edb4fef,Pengguna Google,https://play-lh.googleusercontent.com/EGemoI2NTXmTsBVtJqk8jxF9rh8ApRWfsIMQSt2uE4OcpQqbFu7f7NbTK05lx80nuSijCz7sc3a277R67g,Smakin maju surabayaq,5,0,,2018-09-02 04:06:18,,,
7215b73a-d894-4a0d-82d5-4a4fa60030f5,Pengguna Google,https://play-lh.googleusercontent.com/EGemoI2NTXmTsBVtJqk8jxF9rh8ApRWfsIMQSt2uE4OcpQqbFu7f7NbTK05lx80nuSijCz7sc3a277R67g,"Jadwal yang katanya sampai malam, namun waktu saya ke halte Purabaya pukul 8. Bus sudah tidak ada. Di aplikasi ada bus padahal. Aplikasi gak ada alat bantunya",1,1,1.0.5,2018-09-01 15:41:53,,,1.0.5
a4cbc156-3e1b-4570-abe2-28e17a551906,Pengguna Google,https://play-lh.googleusercontent.com/EGemoI2NTXmTsBVtJqk8jxF9rh8ApRWfsIMQSt2uE4OcpQqbFu7f7NbTK05lx80nuSijCz7sc3a277R67g,"Sangat informatif bagi warga surabaya khususnya pendatang dan wisatawan 
jadi tau moda transportasi umum. Namun lebih baik lagi disertakan info soal 
tarif masing2 amgkutan umum agar kita lebih tau soal biaya dan estimasi 
pengeluaran. Maju terus suroboyoku",4,0,1.0.5,2018-08-19 06:43:08,,,1.0.5
edcc3511-4798-4152-a82c-e486689c88d9,Pengguna Google,https://play-lh.googleusercontent.com/EGemoI2NTXmTsBVtJqk8jxF9rh8ApRWfsIMQSt2uE4OcpQqbFu7f7NbTK05lx80nuSijCz7sc3a277R67g,Nice,4,0,1.0.5,2018-08-15 13:12:07,,,1.0.5
145e07d8-6170-453d-bd8c-f729e7f23ab9,Pengguna Google,https://play-lh.googleusercontent.com/EGemoI2NTXmTsBVtJqk8jxF9rh8ApRWfsIMQSt2uE4OcpQqbFu7f7NbTK05lx80nuSijCz7sc3a277R67g,Mantap,5,0,,2018-08-15 08:46:11,,,
628eb844-6cca-4515-8577-bede57460934,Pengguna Google,https://play-lh.googleusercontent.com/EGemoI2NTXmTsBVtJqk8jxF9rh8ApRWfsIMQSt2uE4OcpQqbFu7f7NbTK05lx80nuSijCz7sc3a277R67g,Sayang terlalu lama nunggu armadanya..,5,0,1.0.3,2018-08-14 09:20:27,,,1.0.3
c16826e6-be5d-45e6-afd9-ec367ec6f81b,Pengguna Google,https://play-lh.googleusercontent.com/EGemoI2NTXmTsBVtJqk8jxF9rh8ApRWfsIMQSt2uE4OcpQqbFu7f7NbTK05lx80nuSijCz7sc3a277R67g,terimakasih untuk wali kota Surabaya yaitu bu tri risma harini ❤,5,1,,2018-07-23 23:29:26,,,
ef091c09-c33e-40cd-9290-3a7bcdcb67c7,Pengguna Google,https://play-lh.googleusercontent.com/EGemoI2NTXmTsBVtJqk8jxF9rh8ApRWfsIMQSt2uE4OcpQqbFu7f7NbTK05lx80nuSijCz7sc3a277R67g,Titik bus masih belup update. Jadi Penumpang harus menunggu,3,0,1.0.3,2018-07-08 22:06:46,,,1.0.3
a008b652-5bf1-4b2b-baee-621c517b46f9,Pengguna Google,https://play-lh.googleusercontent.com/EGemoI2NTXmTsBVtJqk8jxF9rh8ApRWfsIMQSt2uE4OcpQqbFu7f7NbTK05lx80nuSijCz7sc3a277R67g,Memuaskan Sekali. Terima kasih,5,0,,2018-07-07 05:27:08,,,
848a3524-61eb-4922-a894-d7a9915895b8,Pengguna Google,https://play-lh.googleusercontent.com/EGemoI2NTXmTsBVtJqk8jxF9rh8ApRWfsIMQSt2uE4OcpQqbFu7f7NbTK05lx80nuSijCz7sc3a277R67g,Terus perkembangkan Surabaya untuk lebih maju lagi dari negara lain,5,0,,2018-07-06 20:58:11,,,
cc167089-dd70-40b6-963d-8b4f64251b24,Pengguna Google,https://play-lh.googleusercontent.com/EGemoI2NTXmTsBVtJqk8jxF9rh8ApRWfsIMQSt2uE4OcpQqbFu7f7NbTK05lx80nuSijCz7sc3a277R67g,Senan,5,0,,2018-07-05 16:57:37,,,
13b79cee-0c6d-4fb2-82c0-e4554cdf7d7d,Pengguna Google,https://play-lh.googleusercontent.com/EGemoI2NTXmTsBVtJqk8jxF9rh8ApRWfsIMQSt2uE4OcpQqbFu7f7NbTK05lx80nuSijCz7sc3a277R67g,"sipp banget.udah berkali kali naik bus ini.mungkin bus nya harus d tambah 
lg😘",5,0,,2018-07-01 11:35:05,,,
89036603-00dd-478c-a4e4-64c61efc2294,Pengguna Google,https://play-lh.googleusercontent.com/EGemoI2NTXmTsBVtJqk8jxF9rh8ApRWfsIMQSt2uE4OcpQqbFu7f7NbTK05lx80nuSijCz7sc3a277R67g,Pls untuk ditambahkan posisi bus Biar kita gk banyak buang waktu nunggu bus,4,3,1.0.3,2018-06-26 14:50:18,,,1.0.3
3646ce48-c02c-4d65-a452-1ef6332bd1cd,Pengguna Google,https://play-lh.googleusercontent.com/EGemoI2NTXmTsBVtJqk8jxF9rh8ApRWfsIMQSt2uE4OcpQqbFu7f7NbTK05lx80nuSijCz7sc3a277R67g,"Hari Sabtu 23 Juni 2018, pukul 18.10 , saya tiba di pemberangkatan bus kota 
di terminal Purabaya. Lalu saya tanya ke pegawai dishub yang ada di pos, 
nunggu di sebelah mana kalau mau naik Suroboyo bus? Jawabnya : kalau jam 
segini, Suroboyo bus udah habis. Akhirnya saya naik bus kota. Yang saya mau 
tanyakan, Suroboyo bus beroperasi sampai jam berapa? Trus di terminal 
Purabaya, nunggu Suroboyo bus di sebelah mana? Makasih.",3,0,1.0.3,2018-06-25 13:12:05,,,1.0.3
c9c9d1b5-cabe-402b-a2f8-52f448a6c2cf,Pengguna Google,https://play-lh.googleusercontent.com/EGemoI2NTXmTsBVtJqk8jxF9rh8ApRWfsIMQSt2uE4OcpQqbFu7f7NbTK05lx80nuSijCz7sc3a277R67g,Cucok deh hmm 😂😂,5,0,,2018-06-17 20:44:56,,,
a0f13d13-0a11-4046-b6de-cddb79ce6446,Pengguna Google,https://play-lh.googleusercontent.com/EGemoI2NTXmTsBVtJqk8jxF9rh8ApRWfsIMQSt2uE4OcpQqbFu7f7NbTK05lx80nuSijCz7sc3a277R67g,sesuai dengan harapan 💛 maju terus suroboyo,5,0,1.0.3,2018-06-13 12:35:42,,,1.0.3
9f9f5681-937f-4df8-aff8-dde7ad492ce2,Pengguna Google,https://play-lh.googleusercontent.com/EGemoI2NTXmTsBVtJqk8jxF9rh8ApRWfsIMQSt2uE4OcpQqbFu7f7NbTK05lx80nuSijCz7sc3a277R67g,Semoga ada juga yg antar kota,3,0,,2018-06-02 20:03:00,,,
cafc45e0-7835-4aaa-b350-45827e66af48,Pengguna Google,https://play-lh.googleusercontent.com/EGemoI2NTXmTsBVtJqk8jxF9rh8ApRWfsIMQSt2uE4OcpQqbFu7f7NbTK05lx80nuSijCz7sc3a277R67g,"Ketika ingin naik bus surabaya tidak terlihat titik busnya berada dimana. 
Jadi jika customer naik harus menunggu lagi, karena busnya tidak tau datang 
jam berapa",3,3,1.0.3,2018-06-02 12:00:37,,,1.0.3
5f1e3be3-88e3-4f2c-a3fc-cf5f14905732,Pengguna Google,https://play-lh.googleusercontent.com/EGemoI2NTXmTsBVtJqk8jxF9rh8ApRWfsIMQSt2uE4OcpQqbFu7f7NbTK05lx80nuSijCz7sc3a277R67g,"Desain layout Tulisan dan icon kurang menarik,.. Mohon perbaiki lagi 
desainnya agar nampak berkelas, dan mewah.",3,2,1.0.3,2018-06-02 11:36:47,,,1.0.3
8f5f1569-0dca-4091-9f96-c155202a7080,Pengguna Google,https://play-lh.googleusercontent.com/EGemoI2NTXmTsBVtJqk8jxF9rh8ApRWfsIMQSt2uE4OcpQqbFu7f7NbTK05lx80nuSijCz7sc3a277R67g,"Apik Ikhi.Ben Pendatang Ngerti Dalan Lan Angkotan Umum Opo Seng 
DiTumpaiSampai Tujuan.Dukung Terus AplikasiSurabaya",5,0,1.0.3,2018-06-02 11:31:51,,,1.0.3
df7b2416-177f-4bc9-bfac-14ba9d4f7840,Pengguna Google,https://play-lh.googleusercontent.com/EGemoI2NTXmTsBVtJqk8jxF9rh8ApRWfsIMQSt2uE4OcpQqbFu7f7NbTK05lx80nuSijCz7sc3a277R67g,👳 mantaaap,5,2,1.0.3,2018-05-28 17:26:29,,,1.0.3
a3b1c245-0a0a-4719-80d5-cd64fe40c842,Pengguna Google,https://play-lh.googleusercontent.com/EGemoI2NTXmTsBVtJqk8jxF9rh8ApRWfsIMQSt2uE4OcpQqbFu7f7NbTK05lx80nuSijCz7sc3a277R67g,Semakin maju Dishub Surabaya,5,2,,2018-05-09 10:50:45,,,
d97fafa1-3a94-43a2-b266-3c626146bb59,Pengguna Google,https://play-lh.googleusercontent.com/EGemoI2NTXmTsBVtJqk8jxF9rh8ApRWfsIMQSt2uE4OcpQqbFu7f7NbTK05lx80nuSijCz7sc3a277R67g,"Untuk semua pengguna aplikasi ini perlu GPS lokasi pada Handphone android 
anda",5,2,,2018-05-08 08:15:46,,,
